baseline_ari,baseline_iou,image_id,merged_components,proposal_count,union_ari,union_iou,v2_ari,v2_delta,v2_frag,v2_iou,v2_score,v2_var
0.836325054221867,0.8802104263293018,0,2,2,0.019361838239655108,0.6258453297614652,0.8477868773695852,3.2623400688171387,0.0,0.8889335281194707,0.754589855670929,0.8838987350463867
0.9359951772981693,0.9678625108753899,1,3,4,0.0004433688135348372,0.5008648128621714,0.006745508944988299,4.325578689575195,0.0,0.07206513813482933,0.31318995356559753,0.03671957179903984
0.7607940451060833,0.8897903145226548,10,3,3,0.017602647218684826,0.5607487237641869,0.7732446257114378,3.274489641189575,0.0,0.8658566025519766,0.5892876386642456,1.4248493909835815
0.06181362016510394,0.4214463255629568,100,4,10,0.03888253961244811,0.6195614936612484,0.05688163087551071,1.9891471862792969,0.0,0.4144084910524247,0.3719295859336853,0.8294818997383118
0.0762899068163642,0.22958313962320173,101,6,8,0.16366399686707403,0.5936635033580779,0.09003135780403115,2.1355576515197754,0.0,0.3461538461514981,0.3380829393863678,0.9390571713447571
0.45321346220589337,0.7988774380041694,102,4,7,0.09324201583332667,0.7754659002296624,0.6503914426433206,2.49519419670105,0.0,0.6325090807443943,0.4847707152366638,0.8997595310211182
0.7929426320850418,0.9079579959485452,103,3,4,0.07861734012126542,0.6195573706234772,0.6379746492315693,3.5311672687530518,0.5,0.7612776060531233,0.5402033925056458,1.5137100219726562
0.5468708331649406,0.7814742842316842,104,4,5,-0.01790322007765763,0.5325319025057313,-0.008345112062795887,4.036837577819824,0.0,0.02406451780197582,0.24463051557540894,1.1369990110397339
0.784851207125243,0.9233813109924482,105,5,5,0.37856546947575564,0.7962693357591778,0.21655463500347039,2.6424381732940674,0.0,0.23857335880296657,0.2638717293739319,1.1364773511886597
0.38204698369092654,0.6157716010525985,106,4,7,0.0017786352733037024,0.48608079518960984,0.06491054140862712,3.6916117668151855,0.0,0.2939469320048925,0.6205753684043884,0.4218810498714447
0.2472496402078121,0.5779838832276784,107,6,6,0.013409488922482778,0.5738434163690205,-0.023359137273077275,5.086740016937256,0.0,0.10996835443004513,0.10890614241361618,0.6057148575782776
0.7835792913977337,0.8331886102955367,108,2,2,0.24522443056900242,0.5262153670373879,0.80002789794716,3.3773934841156006,0.5,0.8461580302410593,0.6441749930381775,0.6872983574867249
-0.004994873817294361,0.21326830830389198,109,2,3,-0.001499851189940686,0.4388855901952493,-0.0048218047571467575,1.746396780014038,0.0,0.22898639678150856,0.5922084450721741,0.24215535819530487
0.9128073259159118,0.931146452157001,11,2,5,0.0328565895435164,0.684309027404446,0.9793430349473432,5.310305118560791,0.0,0.9925514326117838,0.5330042839050293,0.1914880871772766
0.7567673104219944,0.8664116052879196,110,4,4,0.00023435035868034674,0.48659422268201113,0.06808943132909615,5.476017951965332,0.0,0.2805363714257169,0.31129318475723267,1.081319808959961
0.8392163534381668,0.9068844964306381,111,6,7,0.003324552678982568,0.4743967452284147,-0.00976696961626029,2.0072872638702393,0.0,0.0851690294433742,0.3810552656650543,1.0711973905563354
0.8965940415426744,0.9562964498239531,112,2,2,0.02788350180216816,0.6061863022943257,0.8659384834148149,3.1970040798187256,0.0,0.9122046884935135,0.7074068188667297,0.9759465456008911
0.7085663523952404,0.8280815751327824,113,3,3,-0.009507917682318913,0.5381799546076979,0.7113704800127921,3.0400075912475586,0.0,0.8301945768507064,0.5495783686637878,0.16402769088745117
0.7344975243471016,0.8665254693607592,114,4,7,0.151816832482739,0.6315399699110701,-0.0008585810953986045,1.0946155786514282,0.0,0.09036281330531977,0.8620067834854126,1.053466558456421
0.8189149494783885,0.9254504890992776,115,3,3,0.03372763000240734,0.6240211857621075,0.801672712423393,3.6700096130371094,0.0,0.8609225005803036,0.5566371083259583,0.31992393732070923
0.935050276492274,0.9703898595793669,116,3,3,0.02522470997658859,0.570761933250228,0.22840342634310984,4.003466606140137,0.0,0.416185604675893,0.563368022441864,0.7753402590751648
0.030763681437515292,0.5318286402965601,117,2,2,1.1906172204565551e-05,0.4869949083235421,0.03158597588240235,8.669881820678711,0.0,0.16539328043801843,0.7744348645210266,2.9747865200042725
0.05331177693589695,0.3572205755436265,118,5,5,0.035801633190455893,0.5561951074267946,0.08656582051593588,2.459202527999878,0.0,0.21659195083757318,0.04075262323021889,1.5749166011810303
0.9123040645268434,0.9563980249313214,119,3,4,0.0383440894885485,0.5503924495567468,0.5408615846157476,4.5260009765625,1.0,0.7313576361506131,0.4728506803512573,0.8661216497421265
0.8275010256000761,0.8725698126531061,12,2,3,0.03749158465463253,0.6409625322993275,0.8404714747634586,2.7139856815338135,0.0,0.8825203252016922,0.5379521250724792,1.053244948387146
0.921722597179779,0.9612903225770603,120,2,2,0.0027947664117998258,0.5119258038239789,0.9566204277344789,5.352724075317383,0.0,0.9787464111227907,0.693914532661438,0.1704198271036148
0.9346046690348642,0.9673927123998673,121,2,4,0.0018183774966573215,0.5082247549088581,0.9236362219834499,5.215089797973633,2.5,0.9604807047774007,0.5373702645301819,0.602362871170044
0.5618480287687677,0.7385062899007622,122,3,3,0.004548771765447547,0.532302656519679,0.5759649733401966,2.7585160732269287,0.0,0.7485566582378994,0.541706383228302,0.5954985022544861
0.8939070157049328,0.9477231875303496,123,2,2,0.001571954983709672,0.5093572664687513,0.9410492277974967,5.562025547027588,0.0,0.9713387712267354,0.6468260288238525,0.2953186631202698
0.47381278641600183,0.7178250889606167,124,3,4,0.004392885896790648,0.5443243094147479,0.019721086084377004,4.293511390686035,0.0,0.2421303118881911,0.6983936429023743,0.7258599996566772
0.7514161964106062,0.9081126406250342,125,4,5,0.019476496078943247,0.6847662141773954,0.013287043367342113,8.820222854614258,0.0,0.03603233319622953,0.4988810420036316,1.0595965385437012
0.8459663506814644,0.929806598403755,126,3,3,-0.003993566455031267,0.5534376232405385,0.9645043338896269,5.8398590087890625,0.0,0.979355161204802,0.5982984900474548,0.47057563066482544
0.07751031417429782,0.4556551820106649,127,2,2,0.002413228503428989,0.6461278750782785,0.07260552848969952,6.135083198547363,0.0,0.47968478342943593,0.6012924909591675,0.36149856448173523
0.25644031125942696,0.5070023494719365,128,4,4,2.4254792203469144e-05,0.4817769021932094,0.8243053215938334,4.670054912567139,0.0,0.908036711614703,0.17987117171287537,0.19658906757831573
0.4592752426389078,0.6653020892104369,129,3,3,-0.0017220189940608274,0.5035871486483083,0.09063273531248614,4.04791259765625,0.0,0.26349069483176335,0.6628347039222717,0.0499241016805172
0.8643371369931134,0.9447435246308331,13,3,3,0.024562488254924925,0.6236399405785364,0.8417531005052338,3.0052027702331543,0.0,0.8886276711447969,0.5470578670501709,0.9704486727714539
0.7014043654275669,0.8197727970462099,130,4,5,0.0035345596231269954,0.5565967679176894,0.004735019118469771,3.3164782524108887,0.0,0.08119158878445391,0.2292027473449707,0.41550594568252563
0.7917336930080378,0.9598617616608249,131,2,2,0.05258760869920449,0.8693822789224857,0.8799895274312837,3.5386102199554443,0.0,0.8362182829277982,0.796346127986908,4.763174057006836
0.7641330281292248,0.8334448849291646,132,4,5,-0.016659345425592238,0.5686634851940161,0.8004570315676114,3.593571662902832,0.0,0.8605192733250212,0.5165232419967651,0.898039698600769
0.8129052634457444,0.8832950597604469,133,2,3,0.033893682219584,0.4881161269724418,0.8465017252895728,5.51707649230957,0.0,0.9051962572770835,0.6151984930038452,0.4331037104129791
0.7942094902664172,0.9243738249714222,134,2,2,-0.008638804831034338,0.6670595425164417,0.9444823560832357,5.857382297515869,0.0,0.953787933913443,0.7601760029792786,0.40831059217453003
0.8606338046979564,0.9302542979405952,135,4,4,0.001312823237262393,0.5094823445557789,-0.0004212019861312957,3.964869260787964,0.0,0.030908184510672843,0.32343652844429016,5.56046199798584
0.8357001575213981,0.89053676930317,136,3,3,-0.018269971263590205,0.5662700267573432,0.8441474216456285,2.959102153778076,0.0,0.8963982042347034,0.6279891133308411,1.2790950536727905
0.7043714195522042,0.8807746402675781,137,3,4,0.02110160972092773,0.6526885746374513,-0.016466179625215734,7.067088603973389,0.0,0.026739881026642754,0.4612371623516083,0.459168940782547
0.7374237424113566,0.864199792386492,138,2,2,0.013255847606341449,0.5081555390421818,0.6324551057862402,4.488827228546143,0.0,0.7916208702347474,0.5378590226173401,0.37876802682876587
0.8327380093350379,0.9297276473873703,139,4,4,0.6007709986914422,0.841999833602656,0.835146061618642,5.384679317474365,0.0,0.930791371088985,0.2065361589193344,0.07074210047721863
0.9263987992005257,0.9374040780479204,14,2,3,-0.03977023501583404,0.6284860557758828,0.07543410830151313,4.6644673347473145,0.0,0.5067133424901256,0.5979279279708862,0.940277636051178
0.8508096943877558,0.9329491076813807,140,4,5,0.0037534257717850203,0.5698549515468434,0.0019771238142654913,2.1902740001678467,0.0,0.022250606718581874,0.5536068081855774,0.18268397450447083
0.5814391406700095,0.7388357256736224,141,2,2,0.010296675435447959,0.4975516786380368,0.6024320935046547,2.1454405784606934,0.0,0.7538163590752232,0.5397587418556213,0.4482465982437134
0.09347552068536077,0.6148931699689983,142,3,4,-0.017014296914629284,0.8061078791163836,0.10747895553536428,1.5020979642868042,0.5,0.629502685524019,0.16036419570446014,0.7304523587226868
0.690892804221912,0.8782071097366024,143,1,2,0.6907408987615294,0.8783636817888112,0.7017180889466306,4.52484130859375,0.0,0.883193771117318,0.5392953753471375,0.2052144557237625
0.415182938390775,0.7440113836328744,144,4,6,0.009356226351512087,0.6833588997928919,0.27166429201675546,4.092398643493652,0.0,0.32160563541983955,0.5497300624847412,0.32537925243377686
-0.04707205062139495,0.06866513842343737,145,4,4,0.0278093846882004,0.4612333091367828,0.05503757235565,3.017488718032837,0.0,0.06433928336448252,0.12797026336193085,1.1080654859542847
0.9251990949570184,0.960811160859413,146,2,2,0.0007726490179605574,0.4939140357541006,0.934294555766971,3.5222115516662598,0.0,0.9656614246032723,0.3892393410205841,1.152292013168335
0.8767702076267683,0.9380024418460716,147,2,2,1.58790043343507e-05,0.4999749929142424,0.9072057549194896,3.752509117126465,0.0,0.9518787079747002,0.6615844368934631,0.13287076354026794
0.7546374657988536,0.8764620974522102,148,4,4,0.0014972412138979723,0.5051396648030583,-0.0001557075847773653,6.671010494232178,0.0,0.01674112622113633,0.2160472571849823,0.90250563621521
0.40732180701314213,0.5038460876589564,149,4,4,0.3650195041336134,0.612329662123609,-0.01534012643502672,6.022712230682373,0.0,0.02713407694056259,0.3744494616985321,0.04322505742311478
0.8065242884056192,0.9006294586579888,15,1,1,0.8065242884056192,0.9006294586579888,0.8442214084095129,1.1047285795211792,0.0,0.9221176081853145,0.6202060580253601,0.8563776016235352
0.8026362664560405,0.8973415700638763,150,3,4,0.026667493670071853,0.5413594781312334,0.038367855469957024,6.534743309020996,0.0,0.18480976514965514,0.45257312059402466,0.4164552688598633
0.18790539895151587,0.4613267886325946,151,4,4,0.19347740753875275,0.6127201988511146,0.042831859929420506,6.810423374176025,0.0,0.16916241566423265,0.4244768023490906,0.5139071941375732
0.9049922209772984,0.9646179478850265,152,2,2,0.039446602711765706,0.676541570157151,0.890584942095274,5.539613723754883,0.0,0.9145269940402493,0.8061889410018921,0.4889518618583679
0.9460442140990437,0.9761035147270329,153,2,4,0.01669899689047507,0.5774632600336711,0.8895200391161604,4.983628273010254,0.0,0.9337675375212806,0.4901508390903473,0.32327157258987427
0.8732797312538472,0.9451967160652917,154,3,4,0.5328507703295737,0.8080300272957051,0.036308525822445266,2.734529733657837,0.0,0.08382150579876618,0.7246009111404419,1.5334819555282593
0.6163435819058212,0.7175792507173279,155,4,6,0.10023486601173573,0.6399502496650267,0.4528657374423886,2.137380599975586,0.0,0.7387688928384007,0.6825817227363586,0.9411975145339966
0.8105937888040565,0.9368638951170102,156,2,4,0.12557477734802824,0.7627661633751812,0.7919142192776626,4.613707542419434,1.0,0.7991656958142013,0.2537040710449219,0.922210693359375
0.8261602337650971,0.9425707198277888,157,2,5,0.08540122328240336,0.7552194422557945,0.8945009142837594,4.6342453956604,0.5,0.8987660362816836,0.1635141372680664,0.6736964583396912
0.8073681443501208,0.8282705066768966,158,6,6,0.05274859514222469,0.3954243128450525,-0.01795659401483007,1.4077317714691162,0.0,0.4202099622239082,0.1369796097278595,0.6926172375679016
0.7955554937762704,0.8965676822179075,159,4,5,0.002733487747066806,0.5192403075131866,0.0021814154474448597,6.077132225036621,0.0,0.04847966784691464,0.3166254162788391,0.5383636951446533
0.5111859585675222,0.733527262882333,16,3,5,0.008163557040147346,0.508630245445334,0.792664524687007,2.9183125495910645,0.5,0.8833038257187029,0.3029097616672516,0.6025233864784241
0.8467430692940059,0.9292066647472873,160,4,6,0.24353653106826034,0.6794972874540749,0.2757845952641204,5.616464138031006,0.0,0.46319219335147854,0.7642441987991333,0.2837482988834381
0.7302564998426619,0.8778571960357462,161,4,4,-0.0049029842758540965,0.5593993884337561,0.05348810183295013,4.539758205413818,0.0,0.1307874100325986,0.20651713013648987,0.8282943964004517
0.8297893360347888,0.9218618856652501,162,3,5,-0.008648338516760676,0.5342279163853444,0.7778874208647225,3.60211181640625,0.0,0.8632797447464228,0.5896404385566711,0.8163047432899475
0.9396482839067974,0.9707944888955465,163,3,3,0.010411725221767873,0.5329257246352676,0.03273218162814678,1.6524492502212524,0.0,0.1521934555901457,0.5830961465835571,0.24421589076519012
0.7895182548297148,0.8963618341315894,164,5,9,0.018020322262626783,0.542598340405518,0.2055957193154134,2.2208797931671143,0.0,0.42005795640493865,0.6058772206306458,0.48514264822006226
-0.02908241806713903,0.06194979626726206,165,5,5,-0.029076454796924615,0.28308768046611227,-0.035305139371764126,1.3548425436019897,0.0,0.08083907641209105,0.07138203829526901,0.6926164627075195
0.6280087094377288,0.8834568334275587,166,5,7,0.3521990621210542,0.8400386548118747,0.21067664879554956,2.11537766456604,0.0,0.20061150014728404,0.20531821250915527,1.196631908416748
0.7849556040356649,0.8499205186520902,167,6,6,-0.026942903588472587,0.47295888408154524,-0.015917298202649525,5.171245574951172,0.0,0.033327775616381686,0.12336304783821106,0.5715175867080688
-0.007974603589846538,0.29370300751754225,168,2,3,-0.010758162062097088,0.2926889920412272,-0.00407355187160045,5.0832672119140625,0.0,0.30313127429491593,0.64938884973526,0.6090391278266907
0.8499715338629492,0.8960749054325288,169,1,1,0.8499715338629492,0.8960749054325288,0.8782843948966538,1.2196366786956787,0.0,0.9162894524653296,0.4596106708049774,0.7996145486831665
0.50599528166312,0.754414915173544,17,2,2,-0.00919432409035678,0.48640576912482214,0.5301477852112381,1.0118308067321777,0.0,0.7688257586693412,0.5009228587150574,1.5019932985305786
,,170,24,0,0.0,0.0,0.046739382772598106,4.613347053527832,0.5,0.10739537076073905,3.9326984465122226,1.179219126701355
0.009140079440616953,0.3033254445046676,171,3,4,-0.012970302904944962,0.4545522027980788,0.02130799703542976,2.474109649658203,0.0,0.32802354511753135,0.6104204654693604,0.7185946106910706
0.5318223403801748,0.7597110870339332,172,4,6,0.35453716075525776,0.6899781727462551,0.018508103468364793,3.574681043624878,0.0,0.11867112286107868,0.4386400580406189,0.15365955233573914
0.43959012761438626,0.7774914304291322,173,4,6,0.33377994524553406,0.7560850247275804,0.13016045628576986,1.3824011087417603,0.0,0.13439958244739814,0.6589816212654114,0.16645966470241547
-0.00760150791472374,0.13629674225655128,174,2,3,0.3021771627008455,0.596984052843808,0.2880710340783241,3.8501157760620117,0.0,0.5854545454525923,0.8083766102790833,0.8050091862678528
-0.0016705327569651947,0.05090956116884684,175,4,4,0.0046549812243539,0.15818605938339386,0.038460272790527536,3.7834250926971436,0.0,0.07898035938097937,0.27317678928375244,0.23550032079219818
0.7393155174997704,0.8678211586847114,176,3,4,0.7432259240243131,0.8781567146514151,0.008690937228192759,3.7892115116119385,0.0,0.05393544733823658,0.6873212456703186,0.6130577921867371
0.9013635248046783,0.9199312423052504,177,4,4,-0.03270962200987995,0.6270247398411765,-0.06690053592515152,3.422914743423462,0.0,0.18596360242633134,0.23754364252090454,0.1797679364681244
0.78704042866884,0.8653200461982182,178,2,3,0.0017026674692903704,0.6089376626308305,0.8056459370083134,4.867249965667725,0.0,0.8777592781543645,0.6216563582420349,0.138449028134346
0.9138485575086817,0.9412930771528856,179,4,5,0.0021849515903137715,0.6086249927436133,0.9539807333334985,3.492932081222534,0.0,0.9689453621297639,0.23618273437023163,0.2231271117925644
0.15875216195329264,0.41301146523396964,18,3,6,0.00040326874112496633,0.49153642159766536,0.008843307290521081,5.473140716552734,0.0,0.11726315789411966,0.7733617424964905,0.9026744365692139
0.82941236374111,0.9058285626430022,180,3,3,-0.00932022890810041,0.4877743177747088,0.05308961353955405,5.260343074798584,0.0,0.3218113699289076,0.6001129150390625,0.20462653040885925
0.9475479488436104,0.9749350727759408,181,3,4,0.01127205079521729,0.5398685816506882,0.5557734944908944,5.094431400299072,0.0,0.729344826408881,0.40125492215156555,0.3872508704662323
0.9628402504129969,0.981534510242396,182,3,6,0.006549543344828448,0.5207824535032557,0.288390820329804,4.4051103591918945,0.0,0.5296859292647368,0.7866780161857605,0.42105531692504883
0.8924340376525831,0.9198437309970208,183,4,5,0.008622824190216784,0.6481857490028468,-0.051721964138477884,5.505873680114746,0.0,0.12524888149717328,0.3153538703918457,0.24454204738140106
0.7208764161126183,0.8917758913400451,184,2,3,0.008022321493149484,0.6753431185658832,0.9093321408207917,2.8775815963745117,0.0,0.9670748410005464,0.7288761138916016,0.5678572058677673
0.8905642981494578,0.9586014765260938,185,2,3,-0.0018652298711538512,0.6610902362103036,0.9557626518085247,6.4083404541015625,0.0,0.9835910293885399,0.6833885908126831,0.14387507736682892
0.4160075269483711,0.6420988033119297,186,3,7,0.0012414580772644606,0.4985910587631418,0.9593926808781696,1.6922343969345093,0.0,0.9793422625402907,0.730958878993988,0.4439988136291504
0.9134519282525383,0.9567027041168584,187,3,4,2.4422081956180663e-05,0.49985878923131244,0.004701727784555772,4.7238969802856445,0.0,0.050741885766873,0.31472885608673096,0.3546191155910492
0.2907720265004287,0.6675716284123439,188,3,3,0.07450840958320253,0.675953334493655,0.31292088124357675,4.599619388580322,0.0,0.541037139588664,0.5823203921318054,1.1773035526275635
0.03341092397532343,0.5458835716942076,189,3,3,0.0034301583221347776,0.5118558500483046,0.009732915140601699,2.9698615074157715,0.0,0.09953955196802969,0.6696533560752869,0.26185089349746704
0.9333230351690486,0.9659361972479591,19,3,3,0.01843810123909721,0.5276925130118245,0.6242637697423211,3.0601627826690674,0.5,0.7927755195941923,0.5231451988220215,1.1905313730239868
0.5756115719820739,0.7777452758393626,190,5,7,0.004224477402448564,0.5125124791996256,0.6287262636354888,5.078995704650879,0.0,0.7913466461802909,0.37525904178619385,0.3901776373386383
0.6570107048106678,0.8328700486391044,191,3,3,0.0034152495913403243,0.5120029394932963,0.6757865954375212,3.423330307006836,0.0,0.8217188856378997,0.5056605339050293,1.0042283535003662
0.2855613073126268,0.7083469011164477,192,2,2,0.21199205786005593,0.6796217612249446,0.18585668508199274,3.7029786109924316,0.0,0.16585204208296037,0.8365155458450317,0.2949022650718689
0.49206167495954384,0.6738935485537063,193,2,2,0.4452568247848343,0.6519543480423595,-0.004082885140064963,3.8555221557617188,0.0,0.037615894039569026,0.8945192098617554,0.9305880069732666
0.936370703395566,0.976153035582433,194,2,2,0.2123673180932117,0.7302701655844748,0.6696539089049509,5.319084644317627,0.0,0.7351186573989278,0.627471387386322,0.1556021273136139
0.588576055715239,0.8255794777813549,195,2,2,0.0012816803050899857,0.5590945018024019,0.5926600851589309,5.867849826812744,0.0,0.7378251052302907,0.9208444952964783,0.6617192625999451
0.8587224137861038,0.9439427951661614,196,1,1,0.8587224137861038,0.9439427951661614,0.8926021566548487,3.343468427658081,0.0,0.9578359572927309,0.5568703413009644,0.276681512594223
0.8212475291396658,0.9230372380480999,197,3,6,0.13428402656999133,0.6552547713932717,0.5835130573864289,3.2836992740631104,0.0,0.7028965825746467,0.6700507998466492,1.0426653623580933
0.6946853685983017,0.874176070675738,198,3,3,0.40778198407143196,0.7658925428060831,0.15460454428000978,3.3369505405426025,0.0,0.22311070328325117,0.6022974848747253,0.48254168033599854
0.8587021935929812,0.9444198601604371,199,2,2,0.007480352558147348,0.63502065808449,0.9227001277701923,2.973253011703491,0.0,0.9435137637768876,0.7774994373321533,0.4512876272201538
0.9495144706520559,0.9695144465961194,2,4,4,-0.012136399106895424,0.5470878289307747,-0.016800545188210485,2.5628089904785156,0.0,0.17366956060677702,0.14510108530521393,1.9946320056915283
0.9403352552941404,0.9533588475031788,20,2,2,-0.04769463346226952,0.6318703123133538,0.9499175015281266,4.9276509284973145,0.0,0.9609464879793509,0.6312455534934998,0.39521634578704834
0.7518146731275229,0.8651036357425714,200,3,3,0.20571130826023712,0.6293969215225097,0.07666369796726534,3.450435161590576,0.0,0.28876281112632224,0.6465044021606445,0.5571649670600891
0.6739593552479607,0.8383406265638665,201,2,2,7.357105900952709e-05,0.4914028663305318,0.6851901710100807,3.6577208042144775,1.0,0.8446261936344761,0.6006309390068054,0.30764278769493103
0.8925037017104019,0.9596935502096098,202,2,2,0.03709752187638376,0.6722770973247141,0.8982054242973836,3.028808116912842,0.5,0.9216759165096405,0.7628198862075806,0.5425537824630737
0.8321579995287931,0.9338505991567289,203,4,4,0.007752815954334976,0.6496456406927679,-0.0015408088428325334,3.8491005897521973,0.0,0.00906287000627229,0.32439157366752625,6.051775932312012
0.6332626497096048,0.8228725799152504,204,1,1,0.6332626497096048,0.8228725799152504,0.86066939408938,3.4633593559265137,0.5,0.9375728764869603,0.5418366193771362,0.8375072479248047
-0.0035338861591581176,0.3391479289932801,205,3,4,0.1013397847328465,0.5335055842629324,0.0009172955693314494,4.086609840393066,0.0,0.34752662721811234,0.7908796072006226,0.0879288911819458
-0.04015864674068391,0.2639319395880503,206,2,2,0.33048826941232257,0.674932401235409,-0.03603415982143,5.318056583404541,0.0,0.27764954164560013,0.6812065839767456,0.054998744279146194
0.885131707396677,0.9426153789271603,207,3,3,0.029850131787602947,0.5412650093003948,0.14217343146640293,3.519385814666748,0.0,0.369784838434604,0.6400972008705139,1.4592994451522827
0.7169563735526705,0.8983388266303252,208,2,4,0.013058907728298052,0.7174226733278519,0.7596304718632386,4.575961589813232,0.0,0.8042585784289085,0.6495077013969421,0.8120105862617493
0.3959065432700547,0.6638550151797182,209,3,3,0.12896019702291017,0.5361021369330267,-0.03214061960667214,2.955467462539673,0.0,0.10376993508961109,0.668150007724762,1.0987560749053955
0.7635968207680819,0.8874092150358638,21,2,2,0.8393881257798453,0.925533022522963,-0.006788926598971302,10.218365669250488,0.0,0.04233952888997488,0.862204372882843,4.662178993225098
0.3894334861636113,0.6684786996402796,210,2,2,0.44210029691612834,0.7048783765603954,0.010948320569467257,3.5580673217773438,0.0,0.048249316270897624,0.7399390935897827,0.33966997265815735
0.7754662425893578,0.8738830251553465,211,2,2,-0.0012592489912947097,0.46293312178193474,0.8037210295891823,3.864225149154663,0.0,0.8906892228573616,0.4468088448047638,0.15574923157691956
0.89008440186745,0.9473559046236343,212,2,3,0.0054742840919693005,0.5290979055650021,0.8677120407768193,5.285189628601074,0.0,0.9268436323925898,0.5564464926719666,0.48954638838768005
0.7857888757019964,0.8091867769511691,213,3,3,0.6062838790599249,0.6946939510576198,0.7833986405183324,5.533421993255615,0.0,0.8076444293532291,0.6506802439689636,0.23416979610919952
-0.0023179494205394224,0.4817547043256864,214,1,1,-0.0023179494205394224,0.4817547043256864,-0.002407298249917831,5.704122066497803,0.0,0.5011351182069002,0.5011777877807617,0.8210189938545227
0.02749727982548485,0.566910680065943,215,1,1,0.02749727982548485,0.566910680065943,0.02103156232467061,4.75571346282959,0.5,0.5655132219187499,0.5903634428977966,0.8546951413154602
0.34914791635401826,0.6052515250623132,216,4,5,0.3563780969436611,0.652775221516439,0.36599440997092997,3.7221415042877197,0.0,0.6186390706980994,0.15034666657447815,0.265463262796402
0.8781070253423179,0.9380798242811796,217,2,2,0.007040136111915897,0.5118266263565283,0.7120102291405576,4.8560004234313965,0.0,0.8468670813164495,0.3774276673793793,0.6886728405952454
0.8555577689726208,0.9387217367783561,218,1,1,0.8555577689726208,0.9387217367783561,0.8897339046570432,5.172276496887207,0.0,0.953708704651738,0.5082510709762573,0.12464843690395355
0.8846465301336437,0.9395137336217886,219,5,5,0.09562386217716949,0.579103067023615,-0.000959695234382147,5.8788743019104,0.0,0.031884803291301736,0.3190246820449829,0.676746129989624
0.9516974674122791,0.9711871347170041,22,2,3,0.3231037689733424,0.6575730957443655,0.9800751002689264,4.337821960449219,0.0,0.9882002605583912,0.5734483599662781,0.42885562777519226
0.5079953183456124,0.47862267919047774,220,4,4,0.2920911580286317,0.443137106536692,-0.09678901163045513,2.1972172260284424,0.0,0.24489834515343273,0.23642785847187042,0.6309821009635925
-0.07091922540083413,0.1720826977552679,221,3,6,0.7548481946751674,0.9120218224317568,0.39870388774440496,2.4052467346191406,0.5,0.7343905260998647,0.47020092606544495,0.35340631008148193
0.7942194532334733,0.8975316186617899,222,4,4,0.02470976322902714,0.530949743492634,0.008654562456856424,5.663724899291992,0.0,0.07789222657978438,0.33030492067337036,1.171236276626587
0.852610540460181,0.9245175253985315,223,4,5,0.0005036306115805269,0.49508856427565023,-0.0002719284708557378,3.605595111846924,0.0,0.021715005548658663,0.4706140458583832,2.327977418899536
0.347962792352428,0.6432594502181656,224,3,5,0.10011109302043183,0.6154612362337162,0.34718170995457615,2.6921463012695312,0.0,0.6423582868183817,0.5008882284164429,0.18399599194526672
0.7876745546700088,0.8730891083004628,225,3,3,-0.005333134457994972,0.47883382633587657,0.03227890933685772,2.3776285648345947,0.0,0.10064869405581468,0.6562396883964539,0.47315844893455505
0.7783298211602554,0.8871406428190356,226,3,5,-0.0006235458877506545,0.4821977314769814,0.8307139344020217,4.318236827850342,0.0,0.9087622221494993,0.49641555547714233,0.764055073261261
0.7306195014624732,0.839321452388837,227,3,4,0.0003898704120007399,0.5324973507570977,0.9316364811348707,4.922269821166992,0.0,0.9614981416090583,0.4829724431037903,0.39100173115730286
0.8093831140553125,0.9017317380324252,228,3,5,-0.0002995885069099607,0.4926049146839505,0.0002631490461569515,2.2265405654907227,0.0,0.048989455184380526,0.6593034863471985,1.2681993246078491
0.8084677052449774,0.9065254538364211,229,3,4,0.38681131686406833,0.7213127995251719,0.010362960072979308,2.0716259479522705,0.0,0.05498821681057543,0.41717347502708435,0.6842201352119446
0.9215856684234697,0.9642406851855044,23,3,3,0.0010710063511971287,0.5520892394914926,0.9551718011076011,2.6424171924591064,0.0,0.9743109151020554,0.5209916234016418,1.3305890560150146
0.7188976948503979,0.9106462152830475,230,2,2,0.35944709563962396,0.8101332256754036,0.3391455790274129,3.280782461166382,0.0,0.35125448028551604,0.6313915848731995,3.4167566299438477
0.857860413291348,0.9215669826279542,231,1,1,0.857860413291348,0.9215669826279542,0.8992859368822498,3.033236503601074,0.0,0.9450549450470174,0.509999692440033,0.16559429466724396
,,232,24,0,0.0,0.0,0.03317397668992713,3.4223709106445312,1.0,0.12649383694469624,1.7755820512771605,2.9928641319274902
0.005092606914502538,0.08192485480601654,233,2,3,0.0018297568059283077,0.11329808503995802,0.00636145491838477,7.543663024902344,0.0,0.09015052743844933,0.7031440734863281,0.5833577513694763
-0.04984722289571123,0.3333003414654163,234,3,4,0.008524395705733465,0.40028044644003535,-0.047049627509632576,1.6989606618881226,0.0,0.3390896954109732,0.7000614404678345,0.47566381096839905
,,235,24,0,0.0,0.0,-0.002970137619512413,2.538499116897583,0.0,0.030246833714250448,1.6102935433387757,2.0626790523529053
0.7805808065253956,0.8887857195012167,236,6,7,-0.0009713762862056505,0.5094421052046336,-0.0019023507919372236,6.410916328430176,0.0,0.05824982473498057,0.21640220284461975,0.3452838063240051
0.7897283893810365,0.8445801929270154,237,4,4,0.016532740624388663,0.642664515567279,0.06213550752271753,7.4494948387146,0.0,0.09882239212562874,0.3798017203807831,0.10576672106981277
-0.06601539576129187,0.17962850833436064,238,2,2,0.07577789534707109,0.24840278439939462,0.280166740068828,3.3327457904815674,0.0,0.34874896686387263,0.7631092071533203,0.18691274523735046
-0.029251281179306504,0.28846211106062686,239,1,3,0.4269221045237268,0.7497217545139987,0.07485634594282553,2.0369646549224854,0.0,0.4730711971262134,0.5323915481567383,0.6110277771949768
0.5061567023198499,0.8017697785889311,24,4,4,0.022316663170562686,0.6022715626071704,0.04209381461885773,7.831908226013184,0.0,0.10553172770239627,0.4185923933982849,5.713837146759033
0.4705615722135449,0.7667893009828641,240,2,2,0.4836148641584649,0.7738985207555792,-0.004019534325460238,1.7257671356201172,0.0,0.0076151637468111705,0.7609575986862183,0.2760816514492035
0.3388336753536928,0.402746104140998,241,4,4,0.702649102208349,0.7727486429851145,0.04374834151765396,6.4887871742248535,0.0,0.059455035624593415,0.44165894389152527,1.628025770187378
-0.005522716958923009,0.04437577731329174,242,1,1,-0.005522716958923009,0.04437577731329174,-0.005449052274399104,2.895272970199585,0.0,0.044371226009866066,0.8536998629570007,0.6421125531196594
-0.013880270322712556,0.055595445686451965,243,1,1,-0.013880270322712556,0.055595445686451965,-0.01396026371174681,1.6415159702301025,0.0,0.05605703149012177,0.5546554327011108,0.21760304272174835
-0.0040980792309058284,0.06884324487434912,244,2,2,0.27936982771802965,0.6476131600364169,-0.0040837825574788125,7.658602714538574,0.0,0.06957620565423214,0.8544543385505676,0.44887182116508484
0.12346821075425468,0.18953141679208316,245,1,1,0.12346821075425468,0.18953141679208316,0.12377211303317381,2.5753211975097656,0.0,0.18993631979940748,0.5620529651641846,1.1356425285339355
-0.00735066799721403,0.4017718307545589,246,2,4,-5.2100073952727845e-05,0.40056648777504367,-0.0036908564887917546,1.4494266510009766,0.0,0.3832008906284633,0.35851457715034485,0.8838002681732178
0.5285391695289196,0.7325852899161202,247,2,2,0.3426773796652047,0.6433331434718725,0.02620861350029388,2.1009180545806885,0.0,0.1450980392147052,0.7826456427574158,0.7014996409416199
0.8283332243558359,0.9136826841732607,248,3,5,0.00020997499400178803,0.5073142398206525,0.8557060951098604,0.7964991927146912,0.0,0.9243584860398601,0.31214624643325806,1.161449909210205
0.4176390020828883,0.7673893455835374,249,3,3,0.3376265020628181,0.7380419967621411,0.009302538943165906,4.350011348724365,0.0,0.022982852288173258,0.43651244044303894,1.4069455862045288
0.7387449779555025,0.8684858212901633,25,3,3,-0.0020272873311295244,0.5152006955498762,0.0075743172487029616,6.997565746307373,0.0,0.10251273538948821,0.6493930816650391,3.5216329097747803
0.5298310141602027,0.8415037935389826,250,2,2,0.01965076736468858,0.6896893947606654,0.5466218524296472,2.9325311183929443,0.0,0.6012887635894014,0.8411838412284851,0.0471934899687767
-0.08330767721515638,0.10343664916161317,251,4,4,0.06512878930748081,0.3566591422119419,-0.08401350442941766,3.585979700088501,0.0,0.10496236291748083,0.12197684496641159,0.7046809792518616
0.7119009305208073,0.840097650284772,252,4,4,7.819453177568537e-05,0.4957099363394664,0.014433276003532603,3.629446506500244,0.0,0.14218313140644115,0.29206061363220215,0.6070739030838013
0.9386794610030326,0.9682932072174962,253,3,4,0.003178318171808307,0.5025801232866515,0.3720018661848334,1.9120298624038696,0.0,0.6170510494914897,0.6000918745994568,1.0461028814315796
0.841174621501328,0.8672877339146253,254,5,6,-0.05669217646368769,0.58440040776602,0.08395505382973448,1.9112799167633057,1.0,0.5072377414023089,0.7866812348365784,0.5476162433624268
0.9299240614664942,0.9652936902645431,255,3,3,0.01068060716397006,0.5258478962414728,0.010222741128866349,6.213312149047852,0.0,0.08156299652750212,0.626122772693634,0.845657229423523
0.8914382597338657,0.9462703962648819,256,3,5,0.003251012234686523,0.5171383207231495,0.012442801320622102,4.510072231292725,0.0,0.09316154608465584,0.2329547256231308,0.7547412514686584
0.9029844566916757,0.8952424236145697,257,2,4,-0.058454961669609326,0.5355069284406704,0.23334383043150886,2.013777017593384,1.0,0.6788394353837065,0.4679878354072571,0.8800977468490601
0.9261751922945896,0.977033743991062,258,2,4,0.12551581611158089,0.7743761890225017,0.9583516639549103,5.473704814910889,0.0,0.9872049343014491,0.6522198915481567,0.14958089590072632
0.7852699628872576,0.9203786552521547,259,3,3,-0.007508722866753932,0.6612332339775958,0.8771234853436753,3.564197301864624,0.0,0.8969500924145336,0.5639281868934631,0.5392653942108154
0.9412516147490925,0.9611114323687009,26,3,4,0.002263629330463268,0.6065729909006694,-0.017539618413720412,10.563761711120605,0.0,0.043372676463683424,0.38892313838005066,6.739118576049805
0.49474355568634987,0.689642640819566,260,3,3,0.4215534481707148,0.6737901706374884,0.010564902160471621,8.503268241882324,0.0,0.06935190793416504,0.6125339865684509,1.0774568319320679
0.9118219037093632,0.9650482796125699,261,2,5,0.12690981053727984,0.6777837593770164,0.6923863668276735,3.185678720474243,0.0,0.7718128167421254,0.655015766620636,0.9301108717918396
0.8334805799836293,0.9497794453152416,262,2,3,0.3334072844213531,0.8298377436549497,0.6615356458587693,2.4496588706970215,0.0,0.642577938786895,0.6051715612411499,0.7846208214759827
0.8873907128004788,0.9606479469096159,263,1,1,0.8873907128004788,0.9606479469096159,0.9389088854822751,2.5312843322753906,0.0,0.9790199658031846,0.5231927633285522,0.31502947211265564
0.7738542444370212,0.9191754359649295,264,4,5,0.11728173133093826,0.7365438141206004,0.8139864540279163,2.4886438846588135,1.0,0.9345070608877627,0.49221697449684143,0.4504248797893524
0.7272835468593561,0.8503914415671993,265,2,2,0.48091168748281193,0.7318682093949066,-0.002570516993402994,3.9781768321990967,0.0,0.14969730324656136,0.7695289254188538,0.15816731750965118
0.9256568378276356,0.9621542940281329,266,1,1,0.9256568378276356,0.9621542940281329,0.9655696498520386,4.708001136779785,0.0,0.9826540514273707,0.6005107164382935,0.03131169080734253
0.20546275964376098,0.4624894970536251,267,1,1,0.20546275964376098,0.4624894970536251,0.215320884634126,3.2687461376190186,0.0,0.4732421406230712,0.4974135458469391,0.32895123958587646
0.01223037897555634,0.11957950065662731,268,2,2,0.0024479421215056886,0.11414061260081212,0.00202721416723714,2.3249990940093994,0.0,0.06120603015054872,0.8169748187065125,0.22985640168190002
0.09640410546146405,0.375034274743796,269,4,4,0.303754904798444,0.6950184124350705,0.04791149126792143,3.1796770095825195,0.0,0.1621422127436878,0.12943796813488007,0.36854931712150574
0.915511034715426,0.9683820703613032,27,2,3,0.009693006578326509,0.6635631454857367,0.9706002350668906,3.4753530025482178,1.0,0.9776135622655306,0.6516833901405334,2.168308734893799
0.6954988353929537,0.8035585859050076,270,3,5,0.007091605615572042,0.5607233024031276,0.02685448859535773,6.651171684265137,0.0,0.09158670712474455,0.35056355595588684,1.1598831415176392
0.2944739341076628,0.32048365856386635,271,2,3,0.042838376741539355,0.30905984831360467,0.3175070762088728,2.930655002593994,0.0,0.3456716417889811,0.6681104898452759,0.3884936571121216
0.009339098424695543,0.38026243093870127,272,3,4,0.01766348425414223,0.40264491786983414,0.04929374624997841,5.541512966156006,0.0,0.09942481511869157,0.6507861018180847,0.8286192417144775
0.9343154490075801,0.9714102510475872,273,1,1,0.9343154490075801,0.9714102510475872,0.9628918574305384,5.758458614349365,0.0,0.9839734656321646,0.5090160965919495,0.1629953682422638
0.9281955828239067,0.9699208589269745,274,1,1,0.9281955828239067,0.9699208589269745,0.9630594456768272,5.675567150115967,0.0,0.9846736935264762,0.5263356566429138,0.23804126679897308
0.8056112292075529,0.8942816535096486,275,2,2,0.003565208345243122,0.48603262007038267,0.6802973590455746,3.8933584690093994,2.5,0.8334169174166014,0.38074567914009094,0.68632972240448
0.9226370339947183,0.9727034120721471,276,2,2,0.14668974339658888,0.7321044482998242,0.7721501519045272,4.4179606437683105,0.0,0.805052368089042,0.6531756520271301,1.2449756860733032
0.7702720365445851,0.8172182443468213,277,2,8,-0.02639052859896559,0.5954306710315871,0.17292286916118943,1.965086579322815,0.0,0.5734531814952364,0.3255201578140259,0.9679822325706482
0.7105465599759282,0.8335305314016486,278,3,3,0.003807476009095566,0.5216731192577705,-0.0028853159837634776,5.7104573249816895,0.0,0.10655345090308489,0.6633585691452026,0.7567474246025085
0.6981271001567498,0.835662424850998,279,4,4,0.00517905294712653,0.5119566110587889,0.014730359854279894,10.290407180786133,0.0,0.12085678548998705,0.27019810676574707,2.25923228263855
0.9422103317324093,0.9719289005899356,28,3,4,0.0022359809284180224,0.519997745938436,0.0014576893141914633,8.474377632141113,0.0,0.014253217771849885,0.2508483827114105,1.9263967275619507
0.37869491158293217,0.769313992350364,280,2,2,0.0019986921591449683,0.723300695813375,0.5260987570283577,5.540977954864502,0.0,0.5841511375738153,0.6732309460639954,1.0851167440414429
0.8013140245828875,0.9024449679112077,281,3,3,0.0022245142724229253,0.5317671591451888,-0.003077840352817898,5.048429489135742,0.0,0.044552450384590714,0.6301741003990173,0.20856764912605286
0.056895167755591225,0.0582030280459394,282,2,2,0.1441404308710824,0.15283896230845767,0.08865213235546404,3.8434579372406006,0.0,0.09569260890729696,0.7952598333358765,0.4444012939929962
0.9352758064271877,0.9596177428180489,283,5,6,0.26609194774161843,0.6179056536989468,-0.017033318090164663,1.4608105421066284,0.0,0.05828194215218077,0.18645401298999786,0.3780630826950073
0.25064011370102196,0.5585097375098567,284,2,4,0.589418947926815,0.7942248132618559,0.00983510236190283,3.6836981773376465,0.0,0.23436483356292537,0.6676594018936157,0.11357436329126358
-0.03910939510539822,0.31270782693181776,285,6,8,-0.0433509385666781,0.5072704892525163,-0.037964700972529776,4.388224124908447,0.0,0.31548857559491394,0.06263923645019531,0.13521234691143036
0.7898891406399303,0.9199225624762017,286,2,2,-0.02132998027454164,0.6415744727224351,0.9639552993917466,2.99027943611145,0.0,0.971597734679202,0.7628558874130249,0.8901290893554688
0.7623809621459873,0.8640568522890151,287,2,2,0.6307827948310463,0.796656122905577,-0.0036659272008898775,3.978083610534668,0.0,0.07466923777344973,0.6645432710647583,0.32604172825813293
0.6265734216568749,0.6474036850897699,288,3,3,-0.051246101664516146,0.5278180080586726,0.6350716598009271,4.482814311981201,0.0,0.6572647718208676,0.5933891534805298,0.3677961528301239
0.8058102481732768,0.9061446906128447,289,3,5,-0.003646557987415385,0.5185544074746442,0.9102880964438408,2.220496416091919,0.0,0.9513986592713908,0.32381609082221985,1.3884055614471436
0.183794866843021,0.42191426178008135,29,3,5,-0.001885752852450217,0.4894656607884553,0.7416130732960033,2.587904691696167,0.0,0.8693531283077458,0.40107426047325134,0.5249198079109192
0.3307170568702811,0.49850377618273284,290,3,4,-0.016256863929499717,0.6638510855877676,0.021653082930751705,2.10778546333313,0.0,0.46170589035448273,0.20929719507694244,0.6791962385177612
0.7576442393177665,0.9059433729238477,291,2,4,-0.00024031926724177403,0.6473189087478092,0.7808372961244088,3.219308614730835,0.0,0.8315770348799437,0.5848135948181152,1.0465035438537598
0.22911084901388362,0.5386193268460826,292,3,3,0.031282208806783375,0.4252376836642896,0.044263525474695614,4.820723056793213,0.0,0.27579935333182615,0.5876540541648865,2.498631000518799
0.93467757106079,0.9658034894363056,293,4,4,-0.0007952804434931916,0.49304602268533154,-0.00067219020915305,6.217776775360107,0.0,0.014675342655355547,0.36960098147392273,13.006332397460938
0.6518225675204272,0.7589497650516908,294,4,6,0.5251692055095231,0.7039649217135743,0.025955844855406505,2.1592350006103516,0.0,0.06552545619749607,0.3792386054992676,1.1543635129928589
0.04865083069921649,0.5116629732002658,295,4,7,0.33036391126909637,0.8095907497954549,-0.05270590922087781,3.1714298725128174,0.0,0.318667419536265,0.32189226150512695,0.5396810173988342
0.844782222722078,0.8919060052186053,296,3,3,0.6702610989281965,0.7881237622129537,-0.03346126436253114,2.25246262550354,0.0,0.08835781626816848,0.5786933302879333,0.3299589157104492
0.9051065969384289,0.9619764945585235,297,3,3,0.00630256453567285,0.6301045247109673,0.02947816558594127,4.097867012023926,0.0,0.06760860135072315,0.5778642892837524,0.8991374373435974
0.8459197537660237,0.8778997940959542,298,3,3,-0.040804141223833267,0.6011732002291801,0.04837369132510139,3.2705535888671875,0.0,0.07090110937168907,0.4938383400440216,1.161163330078125
0.8073128254356415,0.8996853996789669,299,3,4,0.04667808351084761,0.5477124728646363,0.18795645415451387,2.615293264389038,0.0,0.4493283634541857,0.5492626428604126,0.7435846328735352
0.5953034880467312,0.7959985987279747,3,3,3,0.00888940436818467,0.540685249441504,-0.008575317190785059,4.893141746520996,0.0,0.1153192803640054,0.6301211714744568,0.06178804114460945
0.3211520258518866,0.7502006544398647,30,2,2,-0.014431508888438827,0.6411036508585787,0.487126677391162,3.4537875652313232,0.0,0.5270028612256169,0.7904672622680664,0.2784034013748169
0.8768523003523475,0.9476572393394942,300,2,4,0.009526288773383065,0.5929088619542041,0.8845539485254461,3.4804296493530273,0.0,0.9266400709190519,0.28730297088623047,1.7176746129989624
0.5380911812095516,0.8722911675230353,301,2,3,-0.014543031308070277,0.8337051081859929,0.6464804658922085,3.9451398849487305,0.0,0.6251762847615919,0.6316174268722534,1.493486762046814
0.8074241627694215,0.8957604695707312,302,3,4,-0.0010255024141519846,0.5017518695320367,0.9128520275419547,4.182083606719971,0.5,0.9572638658310174,0.3013470470905304,0.6107729077339172
0.3620099538015629,0.7450167361693202,303,7,9,-0.036581237402043075,0.6462046619895899,0.05006123195205393,5.85707426071167,0.0,0.04634585899871871,0.07609909027814865,0.17488963901996613
0.9344961645015369,0.9560655922117512,304,4,5,-0.011036451385538389,0.5996524127270585,-0.02281972320964068,5.959627151489258,0.0,0.05424508361647264,0.29947763681411743,0.34293636679649353
0.7867015552173818,0.885072775135761,305,3,4,0.0048725607216881205,0.5082408924736729,0.8024070414707162,3.3155009746551514,0.0,0.8940297152513268,0.25000298023223877,1.0341618061065674
0.8111310581427026,0.893000883477848,306,3,3,0.007463799314218623,0.5363618616039468,0.8271822929371465,3.661182403564453,0.0,0.9025473642867103,0.5473194122314453,1.2547607421875
0.9439028074522636,0.9777630593785764,307,6,6,0.5850081832675389,0.8434977021483823,0.029419728274368537,6.460443496704102,0.0,0.05159134726997729,0.22184622287750244,0.8149480223655701
0.1314146035808746,0.2509623235732796,308,5,5,0.4025160717609863,0.6623496966339496,0.1321935936784627,1.7152048349380493,0.0,0.25209961506983525,0.29869911074638367,0.5678502917289734
0.8029075329400647,0.9125686860937318,309,3,3,0.0005395574240649501,0.5854659819916984,0.8824118596953101,2.7235612869262695,0.0,0.9276231263352738,0.5839305520057678,0.0713823065161705
0.9012127798935707,0.9351207266868479,31,2,2,0.04464145861119731,0.48850194000123226,0.9278043014524152,2.4905688762664795,0.5,0.9529070820478875,0.49430155754089355,0.3235732316970825
0.8962672215504253,0.9477980433895815,310,2,2,0.0006560713305361184,0.5012672327507012,0.8857407306274877,4.201242923736572,0.5,0.9413353008572215,0.37270262837409973,0.19635269045829773
0.8824128627918539,0.9457422209257583,311,3,3,0.0004363377047107753,0.5530247794693384,0.9756085982394094,3.5468156337738037,0.0,0.9861107911989264,0.5249984264373779,0.12876465916633606
0.4550156729630338,0.5229513444285436,312,3,3,0.08877690569975046,0.6595575309289865,0.4568034444556965,3.337449789047241,0.0,0.524742334035834,0.5811486840248108,0.3554595410823822
0.17605043911308957,0.4455040871910327,313,3,3,0.00010164357258385967,0.48282108568177395,0.18724437581702752,4.944091796875,0.0,0.4592463705048162,0.6066990494728088,0.3052278459072113
0.9004015977343525,0.9597263271995994,314,2,2,0.007948634828563167,0.6255860683184103,0.9280162376081834,1.477473258972168,0.0,0.971119133573014,0.5601236820220947,0.5753068327903748
0.6302776287464367,0.7869828395613261,315,3,3,0.01104341553189792,0.5214387531078426,0.6400774576315916,1.8943727016448975,0.0,0.7934635042309666,0.531585693359375,0.3847683370113373
0.6074126842467509,0.8330673697337286,316,1,1,0.6074126842467509,0.8330673697337286,0.67255404149045,3.470595598220825,1.0,0.8649319602775264,0.5480704307556152,0.3246604800224304
0.9276837396202418,0.9666718488845919,317,3,3,-0.00020378739099431153,0.5420886763741121,0.8917323708972796,3.029001474380493,0.0,0.9382504288142314,0.5552336573600769,1.5243619680404663
0.7618961575749766,0.8820857747083102,318,3,5,0.36263130977646924,0.7097055854164924,0.05929765763478958,1.1086921691894531,0.0,0.20708918525430942,0.5106709599494934,1.3339481353759766
0.8698655765749325,0.9472120821685147,319,3,5,0.05220859128008958,0.6479596689804908,-0.0015088040135301927,4.8235249519348145,0.0,0.012635025714924216,0.5565658211708069,4.811927795410156
0.7544127507840318,0.8846696302628235,32,4,6,-0.0010187882655032356,0.5524467544318027,0.2546690285933372,0.9111350774765015,0.0,0.4359688978396272,0.5326569080352783,0.4088590443134308
0.8032663915300854,0.8989284679945027,320,2,5,0.000421471131918813,0.49846153846026037,0.8155696937749335,3.358780860900879,0.0,0.9050761913961706,0.39374807476997375,1.293941855430603
0.9500287606466203,0.9774230601616928,321,3,3,0.09438011650960568,0.6166320997510767,0.04254726186095661,6.6430816650390625,0.0,0.12639330206220611,0.6707546710968018,1.474759817123413
0.954518143933115,0.978591730079356,322,3,3,0.008893101668544911,0.5432912552166557,0.8381022162262439,3.901226282119751,0.0,0.9087062955646088,0.5407075881958008,0.9395888447761536
0.8848357349200612,0.9400252665153482,323,3,3,0.2888731824276391,0.6679212598414679,0.06494631697006174,2.7798759937286377,0.0,0.27952354664682255,0.6415695548057556,0.5243908166885376
0.62756777930553,0.7887449054217035,324,3,4,0.008140076372275125,0.49274427141516425,1.7211580868780835e-05,7.616765022277832,0.0,0.03218873267919443,0.4607396125793457,1.5040028095245361
0.27845763172133087,0.6179155995957136,325,4,5,0.2557805036628062,0.7010627937472962,0.3785208562712877,1.6276559829711914,0.0,0.6882958020534429,0.5522516965866089,0.19288970530033112
0.5852053434205887,0.8081121229722791,326,4,4,0.6175393601113343,0.8432834736080077,0.008788555440268742,4.670960903167725,0.0,0.01988206833983499,0.3035580515861511,0.27832141518592834
0.6698095165804858,0.8308095951992848,327,2,2,0.769179391573343,0.8854197901016289,0.0012873487264831256,1.2517948150634766,0.0,0.057989894204729234,0.7626428008079529,1.2017395496368408
0.25436475215918464,0.7048488238962942,328,4,7,0.00469128236625784,0.6234986240756362,0.3324540806670941,3.9837911128997803,0.0,0.4448656450924448,0.4172073006629944,2.403160810470581
0.8194097785476756,0.9192783647112489,329,2,2,0.008554853745687688,0.5738140960643927,0.8266321962823666,3.2559762001037598,0.0,0.8948875802973906,0.49678951501846313,1.7055999040603638
0.7442217287242847,0.8455840183501109,33,1,2,0.754386818980225,0.8521793156163923,0.7684228492595936,3.068305492401123,0.0,0.8614338542267411,0.4974506199359894,0.5599490404129028
0.7046080216743972,0.8410991636738976,330,4,5,-0.0008277801268473655,0.4896796894820268,0.00903768428884108,3.1127991676330566,0.0,0.12740781507892537,0.25392574071884155,1.1377006769180298
0.6952233552262737,0.87572227070013,331,1,2,0.7352074959777027,0.8935124044890889,0.751655175757293,5.387728691101074,0.0,0.9007014441486582,0.46780407428741455,0.06734617054462433
0.2258083209485892,0.823018625560921,332,1,2,0.2455077379827805,0.8320381241078059,0.2144325802484339,4.7297797203063965,1.5,0.839810558572554,0.42282047867774963,0.5033309459686279
,,333,24,0,0.0,0.0,0.11006157219263284,4.522971153259277,0.5,0.633897223105951,4.103734365105629,0.5983039736747742
,,334,24,0,0.0,0.0,-0.049902078783543975,4.484713554382324,0.0,0.0887734192036821,4.342869691550732,0.3152085840702057
0.15444630234494497,0.43481029143508576,335,2,2,0.2069498819741379,0.49208462362025845,0.16298546775518113,3.2509167194366455,0.0,0.4447081295388397,0.7892358899116516,0.14670000970363617
0.6938227582256553,0.8832639653267033,336,3,3,-0.013959905722574863,0.6706711388739449,-0.03002423921188811,8.131481170654297,0.0,0.049496788376284226,0.6339969635009766,0.8082447052001953
0.7143363772442464,0.8714878713181068,337,4,4,-0.0026227614060447798,0.566981436641996,-0.011686353078844712,1.2415788173675537,0.0,0.0324372015777034,0.16037477552890778,1.3898661136627197
0.7840939342562662,0.8515270906749666,338,3,3,-0.04826184073424793,0.5172026368581059,0.7786986305221943,2.9028496742248535,0.0,0.84895420809983,0.5586335062980652,0.8713396191596985
0.8100549921364356,0.8929098965995185,339,3,5,-0.00034922941172976595,0.5263236539314866,-0.0013291538005154658,5.073554039001465,0.0,0.06993679182059964,0.7055346369743347,3.295022487640381
0.35598899343726775,0.41275548826548836,34,2,7,0.29949334938076033,0.3980419862729147,0.4050820119567075,1.8547648191452026,0.0,0.4641044066842901,0.6603911519050598,0.4171191453933716
0.07665730335930754,0.6101711477781359,340,2,2,0.041640271611864704,0.5941787494784871,0.02791213853782884,1.4080252647399902,0.0,0.08277112372549478,0.740731418132782,0.6533123254776001
0.6641749563168039,0.8435889513676776,341,3,3,-0.0050572853898830485,0.5602299177471053,0.8833615528226821,4.346242904663086,0.5,0.9284170530189138,0.5539641976356506,0.5257963538169861
0.7246327172107825,0.8410670731681674,342,2,2,0.8435713809582287,0.9128658536557535,0.015295811540015497,6.830353260040283,0.0,0.07403993855584012,0.7578881978988647,0.03847619518637657
0.8462330733707091,0.9395484215404999,343,3,3,0.041661649592811816,0.6426308288469599,0.7246779583911376,3.2318248748779297,0.0,0.7991429103757557,0.6905398964881897,0.3029167354106903
0.8582177524253776,0.909980657638472,344,4,5,-0.02004865646707726,0.48714720553276775,-0.010330983807325868,6.828444480895996,0.0,0.03164994811479705,0.3806703984737396,0.25811320543289185
-0.04404431905188259,0.10129537999638268,345,6,6,0.09124159105003442,0.6709868032289324,0.02550080203043707,4.314174175262451,0.0,0.04397011739570987,0.09246300160884857,0.1924295574426651
0.8791624421497392,0.9413534624410486,346,4,5,0.0027811257565869213,0.528913039053858,0.0036573475404311174,1.2536258697509766,0.0,0.058898492002500615,0.20348605513572693,1.6218565702438354
0.3828282490282427,0.442137428502538,347,1,1,0.3828282490282427,0.442137428502538,0.3994680723713961,6.988452911376953,0.0,0.45929640366505015,0.4372997581958771,3.092036247253418
0.7067164066672674,0.8359553563465286,348,1,1,0.7067164066672674,0.8359553563465286,0.7653034480082033,1.6391630172729492,0.0,0.8711152008060923,0.5606309771537781,1.068800687789917
0.6726385615836741,0.8481597928558772,349,2,2,0.027808751092241797,0.5491221069411447,0.5432324411545327,2.7581276893615723,0.0,0.7174152009993922,0.5770143270492554,0.9360711574554443
0.7278487367244149,0.9095016100328988,35,2,3,-0.017421261036188927,0.7121544372585284,0.9022400714909619,5.2590460777282715,0.0,0.9052720177450051,0.7529033422470093,1.2830665111541748
0.6979938785966783,0.8596304859487603,350,3,3,0.015429418135673282,0.5500837392442373,0.6522614874223829,2.7061893939971924,0.0,0.792485640510111,0.5785129070281982,1.6876744031906128
0.8863864981149234,0.9386183826245799,351,2,5,-0.0015736395820761773,0.5022747639066466,0.8475229840202868,2.7441329956054688,0.0,0.9253897020330705,0.5849027037620544,0.8123420476913452
0.7617596164169245,0.8634987188379261,352,5,6,0.5043863433332024,0.7351755139767622,-0.00816613211749457,1.6117738485336304,0.0,0.07325092056764038,0.24315664172172546,0.5539553761482239
0.6138444822265218,0.785384008117043,353,4,4,0.03376268769049124,0.5407908495325734,0.3010856086091177,3.5192809104919434,0.0,0.55292128498759,0.19297847151756287,1.4529128074645996
0.9474427445799585,0.97189453400157,354,2,3,0.008544100752860237,0.506316407970785,0.7054823490572505,3.3981850147247314,0.0,0.8481878854421555,0.5498457551002502,1.0353024005889893
0.8785705764678726,0.9394095434219901,355,3,3,0.025586448387732143,0.536910776473888,0.05239974823734777,1.6014788150787354,0.0,0.20405821053021136,0.624707043170929,0.1798923909664154
0.7655119587702162,0.8268411559242167,356,3,3,0.0548122296252212,0.6521172731688205,0.7783464083657733,4.566927909851074,0.0,0.8368576582076338,0.5931349992752075,0.6625877022743225
0.8402495092623347,0.9419037765107555,357,3,3,0.09936765665023943,0.7142966551136068,0.7903972038634514,5.03212308883667,0.0,0.8215973970113475,0.6194847226142883,0.7350889444351196
0.8269689254770142,0.9360513269163767,358,3,3,-0.0018963437936005206,0.6790905580063606,0.9195855594730965,2.970937490463257,0.0,0.936035778358938,0.5251070261001587,1.233984112739563
0.6725918863965054,0.8502157908088224,359,3,3,-0.004535130803280542,0.5478096280582367,0.679661528120566,3.3593220710754395,0.0,0.7879839363074859,0.6146363019943237,0.3919258713722229
0.5709047085065642,0.7625062740441483,36,1,1,0.5709047085065642,0.7625062740441483,0.6155913333437154,2.0819218158721924,0.0,0.7915347442027034,0.578944981098175,0.5418652296066284
0.011165326000613355,0.538210523042738,360,2,2,0.020735911726876572,0.570020023055124,-0.004822483518539887,6.308487892150879,0.0,0.07439078641651727,0.787764847278595,2.9236226081848145
-0.00904135565108911,0.0822994414508314,361,4,5,0.755840351312761,0.8903367899381006,-0.007741331946694566,4.043385982513428,0.0,0.11659709226948516,0.7521501183509827,0.49856293201446533
-0.04984253910007113,0.6344571391539767,362,3,5,0.017788447996282066,0.8002632165478297,0.1126171819713083,5.440866947174072,0.0,0.09359167084185963,0.26222679018974304,0.5051611661911011
0.9476649280752107,0.9556013403347319,363,4,5,-0.010120125631643882,0.6875505440674002,-0.01869667004712775,3.6398754119873047,0.0,0.024443069306908448,0.2119719237089157,0.4640919268131256
0.3024805748735494,0.6423126201132533,364,3,3,0.13477153069947517,0.6619411617922246,-0.01832212879313972,3.716667890548706,0.0,0.2809940259891575,0.6224576830863953,1.3856123685836792
0.9359366253077821,0.9675189851802276,365,2,2,0.1046694588410291,0.5892841686137027,0.44974719328482227,3.2402021884918213,1.5,0.6714590443676458,0.5710919499397278,1.099007487297058
0.8852312630207926,0.90510428257324,366,4,6,-0.06793606146261572,0.5406628464421283,-0.011786021972075006,7.423591613769531,0.0,0.014396536171730836,0.19077754020690918,0.463600218296051
0.012365965361823298,0.053798239203720295,367,5,6,-0.0035689860173923607,0.5174632871781187,-0.006365855736442477,0.9326775074005127,0.0,0.10443924558804199,0.6240221858024597,1.1310242414474487
0.46240681552560464,0.7288866505075924,368,3,3,-0.012113595308978316,0.5392250695633874,0.9171611812780887,5.069248676300049,0.0,0.9485254206607736,0.5584176182746887,0.385318785905838
,,369,24,0,0.0,0.0,-0.007211776848620365,4.196445465087891,0.0,0.08331631611133812,3.1179979920387266,2.396549940109253
0.6153174203629337,0.7570396024638079,37,4,4,-0.004667977956623643,0.4447681829753987,-0.011242029391600707,0.5077323317527771,0.0,0.15782073813615805,0.208662211894989,0.3803805410861969
0.9251695853270421,0.9728584704505197,370,2,7,0.017302475205094137,0.6835358142017331,0.9669985656443796,5.8785905838012695,0.0,0.9738534336267055,0.6438126564025879,0.7394499182701111
0.9369629097720654,0.9600408393167159,371,4,4,-0.006225701858794679,0.5752591321748693,-0.014015252950532948,4.935663223266602,0.0,0.041176539575637494,0.3398537039756775,2.947655200958252
0.7560423795785449,0.8692737071724069,372,4,5,-0.0043282835684128745,0.4883830871113649,-0.0050852065056210104,4.865035533905029,0.0,0.056814806012672435,0.28822827339172363,0.017252104356884956
0.3997097486873108,0.666952158410059,373,3,5,-0.002098217298869753,0.5072118558576816,0.024273741223084205,2.1241328716278076,0.0,0.22091395478146306,0.3851291537284851,0.03949689120054245
0.8305085753090974,0.9102854553646967,374,3,4,0.03040617798348152,0.5265617384807587,0.8479235755504793,4.097121715545654,0.0,0.9204102050979469,0.2748106122016907,0.2565823197364807
0.7170473786184902,0.8533612502740345,375,4,4,0.0010157441059795646,0.4998152178355857,0.7676551194369232,2.4250566959381104,0.0,0.8703688558037919,0.06081594526767731,1.2014119625091553
0.8364275490404649,0.9235846004469519,376,2,3,-0.0011213154590312374,0.5333134817221271,0.921847881972187,2.805852174758911,0.0,0.9552141753966088,0.6140750050544739,1.2415295839309692
0.9313812710091076,0.9539896056203302,377,3,3,-0.02988211917713917,0.49593766518433025,0.029540382435936294,4.774381637573242,0.0,0.37013227840162527,0.5812620520591736,0.32676881551742554
0.9383132434326705,0.9696007526255682,378,2,2,0.9033032844934941,0.9527386179746201,0.0014696034910446469,6.69704532623291,0.0,0.018930401099469384,0.7597841024398804,0.7135962843894958
0.9650950030715458,0.9713177542888174,379,4,4,0.25565500763976845,0.5395802809612389,-0.02046549162057527,3.8353075981140137,0.0,0.02719040666675373,0.32722875475883484,2.394932270050049
0.6550866836139426,0.7785295174221308,38,2,2,0.6403805949714552,0.7703290323335936,-0.002322883147428947,2.5390241146087646,0.0,0.00798585057347341,0.7725635170936584,0.5543238520622253
-0.09591635545289828,0.14935951491773145,380,3,3,0.10248450636503792,0.5944027194234316,-0.09614413838229152,3.405573844909668,0.0,0.15029313737285638,0.5846561193466187,1.5354492664337158
-0.023309915830930634,0.06189538318930112,381,3,3,0.11564597780988432,0.47645252852784437,-0.03588958164319669,2.1356332302093506,0.0,0.1432833227129025,0.6330333948135376,3.329982280731201
0.9252834328539706,0.9301278230315579,382,3,3,-0.04248487381150051,0.47167953831751536,-0.06792645728159434,5.157201766967773,0.0,0.33076957524425027,0.5761860609054565,0.724506676197052
0.9192364280394998,0.9281923579322003,383,3,3,-0.015934390791555564,0.6848488267140288,-0.07298200091150912,5.381373405456543,0.0,0.2967359951414958,0.6001331210136414,0.8560073375701904
,,384,24,0,0.0,0.0,-0.02271439237751144,3.999013662338257,0.0,0.11074595957272432,3.9786233182996513,0.04531187564134598
0.8052309657885658,0.9178450297391151,385,4,4,0.008126022646080224,0.6122937954446893,0.09387061174756348,3.526014566421509,0.0,0.16393279319935594,0.30787909030914307,0.40413898229599
-0.018315411155869404,0.35190228273881735,386,4,9,-0.07609070898944727,0.6871314758960625,-0.019484627240813773,7.331923484802246,0.0,0.018633897866068127,0.15714137256145477,1.2926440238952637
0.9115755449810606,0.9544608016984991,387,3,4,0.00032208109859156546,0.4995502788260039,0.8673794899044186,4.6959428787231445,0.0,0.931977834980008,0.3721790313720703,0.9713467955589294
0.950259086035022,0.9730394601210962,388,2,2,-0.0024428961793509034,0.5169160855590114,0.9522583591524848,4.22453498840332,0.0,0.9741407963804621,0.8978635668754578,1.2450764179229736
0.8763030922112274,0.957656643613884,389,2,2,0.03158400516829028,0.7145650438918014,0.927881286295022,5.271322727203369,0.0,0.9362884834530176,0.8184205293655396,2.18074631690979
0.6767763650189279,0.8157478778401488,39,2,3,0.013282885152747597,0.530394984576643,0.6988970756803515,1.72307288646698,0.0,0.8296028880850237,0.4591202139854431,0.20912180840969086
0.07000997372392838,0.3876887552019333,390,2,2,0.055691106122812375,0.37998808814657536,-0.015623042003605609,6.282959461212158,0.0,0.01671739865676978,0.7903587818145752,0.11679567396640778
0.917011443938164,0.9576298701267609,391,2,3,-9.412152997337526e-06,0.48964786166149393,0.9530074854830869,4.134841442108154,0.0,0.9762945691214862,0.6721773743629456,0.14951498806476593
0.9166075898677966,0.9613945477211363,392,2,4,-5.1069990407967656e-05,0.5417777216498781,0.9552049643284277,3.8447649478912354,0.0,0.9749594249927908,0.45296725630760193,1.5763450860977173
0.5030813996705454,0.7572992387125891,393,3,3,-0.016856253858252564,0.5502642193796835,-0.026506952427443702,2.841738224029541,0.0,0.15046666322874153,0.5693015456199646,0.03273665904998779
0.6173762897621682,0.7585885051775517,394,3,3,0.0008853133476671872,0.4242638455535636,0.3235650342541741,1.4436709880828857,0.5,0.618907333250464,0.5552613139152527,1.1064788103103638
0.3621258995703183,0.6701773835906418,395,1,1,0.3621258995703183,0.6701773835906418,0.3605570814999084,1.5983484983444214,0.5,0.6728177019880779,0.6455369591712952,0.8436444997787476
0.00012080689206878556,0.4843582816174805,396,3,3,-0.023704617142909244,0.72914040545343,0.16934507606954363,3.232813835144043,0.0,0.3231581209203041,0.5716338753700256,0.9670590162277222
-0.06768338458953994,0.3625617043384753,397,3,4,-0.054284019365574955,0.5337965260542121,-0.06051376819094507,3.724198341369629,0.0,0.3768424699052768,0.5783720016479492,0.4683666229248047
0.10795285138799117,0.3051786431127645,398,3,4,0.0023764462763724813,0.3972226311379497,0.06627822379882889,3.0704565048217773,0.0,0.21709555810344947,0.676705539226532,0.23896239697933197
-0.00635162463903351,0.1325259031074452,399,2,3,0.022585651047801754,0.31235475158399373,0.04919306218245495,3.5489113330841064,0.0,0.30488658638823235,0.6360253095626831,0.7372501492500305
0.6572033403742978,0.881774789988498,4,3,3,-0.025437717911781864,0.7262371160019142,-0.04944922911052372,2.772404909133911,0.0,0.056081161813075785,0.6387379169464111,0.05401058495044708
0.821831809672215,0.907244421170439,40,3,3,0.002259109345620629,0.500111881852497,0.7210140051716009,2.6574723720550537,0.0,0.850442006174157,0.5681262612342834,1.3383651971817017
0.5528868279598899,0.5794841692021151,400,2,2,0.5808261350601122,0.6071834758021529,0.02613228728413256,2.9382243156433105,0.0,0.02833859481672293,0.7688133120536804,0.8533058166503906
0.9158405778696188,0.9700568661055083,401,2,2,0.076144113852108,0.7096950350733446,0.8756819314298868,5.259660720825195,0.5,0.896622117315402,0.603644073009491,1.2913227081298828
0.8699973253053551,0.9401951911529481,402,2,2,0.07348939027086863,0.5962615372673602,0.6163419383472234,4.083705902099609,0.0,0.7549731309488861,0.7964468002319336,0.6696484088897705
0.7941143874137285,0.8939520494945276,403,5,6,0.058321206984600624,0.5590571544675083,0.010715773446646721,1.2789841890335083,0.0,0.08513333549847295,0.18422144651412964,0.9889823794364929
0.5793377135606353,0.7219983596593731,404,5,10,0.0028478902854024474,0.5683913774833836,-0.016963592558026302,3.4163806438446045,0.0,0.08263091349677949,0.7385806441307068,2.082227945327759
-0.027673221915973937,0.24875515339589466,405,5,5,0.0017110794419331898,0.6004723700959719,-0.04028324952554007,4.637978553771973,0.0,0.16889408620019547,0.2696440517902374,1.052502989768982
-0.08266248524460983,0.13829351342940624,406,7,13,-0.009396443277894588,0.8039675794188414,0.28793871231070417,2.979921579360962,3.0,0.7487236058659336,0.17427465319633484,0.42009350657463074
0.5101629828298516,0.715660967534041,407,2,2,0.8283261922463379,0.9112550851260772,0.04416833668330207,6.102232933044434,0.0,0.2095488285419875,0.7928084135055542,2.0061328411102295
0.20169902854012403,0.46883556602246773,408,5,8,-6.838755801612656e-06,0.5092713178286677,0.02536129098792523,3.3744397163391113,0.0,0.13059453295704732,0.3782484233379364,2.9042515754699707
0.8555434025096849,0.8659741299309295,409,2,2,0.09074934963526861,0.3962330647735854,0.8635887237813608,4.443680286407471,0.0,0.8735142612700022,0.6680598855018616,0.07503689080476761
0.5460985027239393,0.7294867494080544,41,1,1,0.5460985027239393,0.7294867494080544,0.5806006742343255,3.1006200313568115,0.0,0.7534531312809879,0.5970465540885925,0.38554760813713074
0.9306024199015007,0.9751651214692382,410,2,2,0.025246202755158726,0.6911618722886277,0.9272531651991595,5.660409927368164,1.5,0.9413683029920777,0.7558650970458984,0.388282835483551
0.6843129554272954,0.8543118066462616,411,3,4,0.0027549733652772446,0.5456859063049199,-0.005462319705581368,4.844424247741699,0.0,0.03278076627504055,0.29323625564575195,0.28740227222442627
-0.0019383674943108673,0.024837415248288232,412,2,2,0.6620777584680514,0.8090388287684538,-0.001977176242493253,7.023798942565918,0.0,0.02552926525520434,0.7641082406044006,0.5439298152923584
0.826012506825954,0.9351178990284311,413,2,2,0.16582280690347234,0.7137932475339359,0.664658518981432,3.283750295639038,0.0,0.7153677987476819,0.7823299169540405,0.2657218873500824
0.9533228432208135,0.9759906360611853,414,4,4,-4.461925394608472e-05,0.4932334949211585,0.0018252461804378994,9.882990837097168,0.0,0.0607990495398823,0.43878766894340515,0.8477610945701599
0.023647885898553146,0.162048920428197,415,4,4,0.008181481330700124,0.5117473701434412,0.02404883697556859,5.333652496337891,0.0,0.16333232673953144,0.40846335887908936,0.8654024004936218
0.5888658729262884,0.8283572869891933,416,2,2,-0.01903649161070784,0.5849685999788468,0.8656677021057668,5.390817165374756,0.0,0.8955019668167629,0.6920681595802307,0.8817695379257202
0.6205019279063492,0.6673663220846214,417,2,2,0.6633283699914236,0.7073253922424638,0.03357169460526607,2.9500415325164795,0.0,0.04112968844315827,0.7924848198890686,2.269481897354126
0.8151066141663257,0.9111747850963897,418,3,3,0.1583736150928496,0.6242053145031957,0.13043559754814996,6.60640811920166,0.0,0.3069807849534598,0.6684472560882568,0.7023690938949585
0.04756905826118729,0.1290070007363255,419,2,2,0.01018819147788828,0.11600296809252204,-0.014717925618639821,1.25725257396698,0.0,0.08894831897718482,0.7991229891777039,1.019087314605713
0.12582121550827757,0.5836384117122705,42,4,4,-0.08369364755389543,0.5483297022492798,0.2394722873976535,3.5390000343322754,0.0,0.24981631153196449,0.1993570327758789,0.3474277853965759
0.26613913977063797,0.2888797912067505,420,1,1,0.26613913977063797,0.2888797912067505,0.2677627417101818,5.877300262451172,0.0,0.2906625735467349,0.5343956351280212,1.286924123764038
0.11188957512486017,0.4189784442342128,421,4,7,-0.005688338855649374,0.5355418091037616,0.17185636300989413,3.1754579544067383,0.0,0.48709299601552075,0.3686247766017914,0.2498059719800949
0.11872704547257092,0.4197051091529334,422,4,6,-0.00473229032590486,0.5398370303287207,0.48529762573685403,2.608283281326294,0.0,0.6998795715237378,0.28379762172698975,1.1039764881134033
-0.0038829959693302456,0.033013505524837373,423,3,3,0.38955953721541325,0.7025768394881148,-0.003602800388487659,2.27278733253479,0.0,0.10458824064342417,0.617413341999054,0.4279884099960327
0.7815857287636565,0.8559700716987635,424,2,2,-0.014723459297482746,0.4666374108601939,0.4631379340226801,3.266146183013916,0.0,0.7365382632873904,0.5933433175086975,0.5737420916557312
0.8294703791437662,0.8944472403929057,425,3,3,-0.000928196441414962,0.5472351078704849,-0.013143875786572647,2.334336757659912,0.5,0.18991465875613334,0.6361355781555176,0.8545094728469849
0.8508256292362901,0.8579177418460271,426,2,2,-0.03992054612693701,0.5006063744253061,0.8738213855785564,5.2092790603637695,0.5,0.8801137261049854,0.6500414609909058,0.16826698184013367
0.653326135461519,0.8192495048436174,427,1,1,0.653326135461519,0.8192495048436174,0.6532707567223777,4.895203113555908,1.5,0.8200055428818513,0.5397563576698303,0.1175520196557045
0.6085167817531305,0.8403565715988286,428,3,3,-0.04144358130225193,0.6140319001202977,-0.026903298311556037,5.086015224456787,0.0,0.04316741743140954,0.5864934921264648,0.2998129427433014
0.016409136379154126,0.051437494258972,429,2,2,0.510197407888166,0.6654725819754502,0.016679618439943138,1.7423018217086792,0.0,0.05242861077930204,0.7235153317451477,0.4802975058555603
0.5899239305541195,0.7497403514571487,43,3,3,0.029356135758268405,0.5584072270085375,-0.005657600514958483,3.9760046005249023,0.0,0.06852444038349606,0.6562663912773132,0.330750972032547
0.6044501896365154,0.8093508134550328,430,4,4,0.025457346907519437,0.5471216711837285,0.20722095658069162,2.403877019882202,0.0,0.4353247150599123,0.09131046384572983,1.3002723455429077
0.6972418630618573,0.8576512455506506,431,3,5,0.1359401492867662,0.633944559033044,0.4845977814351669,1.016512155532837,1.0,0.6502495247138631,0.2531663775444031,1.5396820306777954
0.8195129139741177,0.9104753114845376,432,3,3,0.001814257828125379,0.5199425596822116,0.0012436730754803121,8.520407676696777,0.0,0.04477505694728947,0.6438779830932617,5.996995449066162
,,433,24,0,0.0,0.0,-0.00806489253466458,3.1742663383483887,0.5,0.09520791984493268,2.839142122864723,0.4113871455192566
0.00017595884378129046,0.15186246418280092,434,5,5,0.6184408860140479,0.8191718061645139,0.4708168678697281,3.2169792652130127,0.0,0.7174084211288763,0.14766629040241241,0.4231424331665039
0.15904282964955194,0.5951351076250819,435,2,3,0.035414642090345956,0.6080869636802764,0.6559038838166832,2.77889347076416,0.0,0.6757645041343846,0.6309176683425903,1.3758533000946045
0.7233570559310311,0.9042011151679864,436,2,3,0.021795766849647426,0.7124958297796039,0.823869331821539,4.7867751121521,0.0,0.839394349054756,0.7571405172348022,0.3771228790283203
0.6000493426287831,0.7592019427610152,437,2,2,0.5758702391812258,0.746616717392898,0.6256015472326252,4.265346050262451,0.0,0.7766296842970495,0.7404268383979797,0.33081498742103577
0.9040042782203659,0.9578332944175628,438,2,2,0.028734787534488708,0.5886163945696552,0.9447561474248779,3.0290420055389404,0.0,0.9759998132258398,0.5696709752082825,0.1607487052679062
0.7776541622973334,0.8965353414168677,439,5,5,0.020491750195548684,0.5691979467202878,0.0024479897528851807,3.5745654106140137,0.0,0.028100417895728706,0.06655912846326828,1.6247318983078003
0.8934838779744015,0.9530219898898751,44,2,3,0.0074163120951336705,0.5715714211695915,0.901761274074513,4.195260047912598,0.0,0.9399858338224186,0.537125289440155,1.4441152811050415
0.9213959315595575,0.9580479451980226,440,5,5,-0.001591624809409482,0.5025679758289178,0.1137709581536908,0.9533376693725586,0.0,0.3721045197713834,0.1897364854812622,0.4104926288127899
0.899912981054922,0.9435813573135319,441,3,5,-0.002448149292380746,0.5296190412859747,-0.005285967018124372,1.4837108850479126,0.0,0.12924317763545184,0.7308322191238403,0.3722582757472992
0.0016998713649157469,0.03235627301042135,442,2,3,0.15904467522423565,0.7049913339828646,0.0019454623535524245,2.9426841735839844,0.0,0.03294700521979484,0.5394031405448914,0.030804386362433434
0.9349981132240532,0.9452103467812307,443,3,3,-0.04152446556788089,0.627048922281304,-0.06149533004279525,1.6576917171478271,0.0,0.10400046584724859,0.5694087743759155,0.6587505340576172
0.9158213225821259,0.9648169024319386,444,3,3,0.004749639519780945,0.6017850296561863,0.33627179696084736,2.3842151165008545,0.0,0.47879806266612235,0.566893994808197,0.9693091511726379
0.46019436851198015,0.7716065090728298,445,2,3,-0.0009299716303298909,0.6077897602339519,0.4916655220797461,2.8277697563171387,0.0,0.6594020134069296,0.6208335161209106,1.1901967525482178
0.8771909161754651,0.941637874680448,446,3,3,0.011208545668455215,0.5394260462130246,0.04089244748212462,6.807363986968994,0.0,0.15034143676508963,0.6338779926300049,3.0183920860290527
0.7210899527520206,0.8970190621631348,447,4,5,-0.010088775075954853,0.6773590214669072,-0.014020212280158265,4.1480793952941895,0.0,0.016851707239764084,0.5891701579093933,1.5274397134780884
0.572609070441978,0.7682030498668492,448,3,4,0.005456792086973938,0.5041673986443673,0.8973144214657839,2.430901288986206,0.0,0.9466700688916755,0.215504989027977,1.4428961277008057
,,449,24,0,0.0,0.0,0.05546509869437475,3.4940028190612793,0.0,0.09665457694988185,3.344216023385525,0.3328595459461212
0.7908704806258499,0.9090706018667415,45,1,1,0.7908704806258499,0.9090706018667415,0.7956661266098675,3.2055776119232178,0.0,0.9116493784575327,0.5877840518951416,1.2344021797180176
0.670893571096865,0.7295228557095302,450,2,2,0.07741034748821576,0.6686713647927429,0.6807461693319039,2.3054111003875732,0.0,0.7382144645513333,0.8298227190971375,0.48141029477119446
0.8304231885275704,0.9053052325568237,451,3,3,-0.006397989120466245,0.497476677337948,0.8428325981127186,3.123016595840454,0.0,0.912638838474174,0.5067186951637268,0.8016654849052429
0.39952285170038804,0.6407328592897662,452,3,4,0.07722839830305524,0.568728958900563,-0.0005368699641999309,2.7221248149871826,0.0,0.019463331084136278,0.26228106021881104,1.7925244569778442
0.33863449364010445,0.6645641146924635,453,2,2,0.3690782033908515,0.6848800231262717,-0.009819886616235436,4.645493030548096,0.0,0.021796860620982312,0.7258138060569763,0.03314714506268501
0.9279213429701115,0.9621875667523877,454,3,6,-0.00017101620701826358,0.5085885509197986,0.5580223493400819,1.6779513359069824,0.0,0.7591019816922832,0.5334820747375488,0.690443754196167
0.27610714311520096,0.6521912694466778,455,2,3,-0.030412119760840822,0.46128327716740747,0.9187907098358188,4.116581916809082,0.0,0.9367985553934106,0.575396716594696,0.09436192363500595
0.9137437272039062,0.9598585077405284,456,3,5,0.003809637714165824,0.5402676752977013,0.921843057133482,4.386286735534668,0.0,0.9642948532029474,0.3797179162502289,1.1793019771575928
0.8697830051214201,0.9227092882034412,457,3,3,-0.0006789334317688949,0.5556966534886942,0.007077474949489913,2.5674095153808594,0.0,0.05130602909020092,0.5975772738456726,1.204763650894165
0.10274000865135569,0.5605914186298139,458,5,5,0.022468930133835434,0.7242103133438097,-0.06840240138114068,6.501258373260498,0.0,0.09405515967242657,0.39298149943351746,0.6348041296005249
0.9194888507071942,0.9706161504620244,459,5,5,0.004147711019099309,0.6767623739710095,0.08064478168361842,5.573238849639893,0.0,0.10387391619995782,0.32203176617622375,1.0746382474899292
0.6951842717269483,0.8382869423869671,46,4,4,0.33128680609305716,0.6744503223645459,0.021642007955406127,3.4967634677886963,0.0,0.13747615153917975,0.16225919127464294,0.07769131660461426
0.869396436242133,0.9362730917017139,460,1,1,0.869396436242133,0.9362730917017139,0.8518312598845288,4.569616317749023,0.0,0.9274243487556147,0.5386367440223694,0.14740122854709625
0.750956403728998,0.8355777638954763,461,2,4,0.014378189393079131,0.5686758893274524,0.7924767585075637,3.4707562923431396,1.0,0.9089416730863531,0.478808730840683,0.8662267923355103
0.6229092585518401,0.7975387880267634,462,2,2,0.0010359089553769972,0.5370356483024366,0.6371961506130847,3.122042179107666,0.0,0.806528281900866,0.6531510353088379,0.13070878386497498
0.820547139121618,0.9200697757691854,463,3,4,0.007601952911721378,0.5859850135952938,0.9409299970957381,1.9580323696136475,0.0,0.9637235673183068,0.48556676506996155,1.6296274662017822
0.6717099730051018,0.8531524136858704,464,3,3,0.016353746943655746,0.570430627546795,0.5987463529409879,4.840922832489014,0.5,0.7439170465705839,0.5669590830802917,1.042926549911499
0.8571670856255038,0.9261072861815415,465,3,6,3.8125118391222205e-05,0.4938501729857168,1.7826253218731734e-05,2.883342742919922,0.0,0.025025795123341396,0.6852150559425354,0.48187094926834106
0.9121047671483586,0.9357526533766894,466,2,4,-3.9972585792414904e-05,0.6439773371101167,0.8860840679755554,5.20137882232666,1.5,0.9561540211092855,0.4406598210334778,0.7746796011924744
,,467,24,0,0.0,0.0,-0.0023434784367172548,3.0546977519989014,0.0,0.07498647090639046,2.6061764538288115,0.9967139959335327
0.8986510350233653,0.9431906793244732,468,2,2,-0.0041470675551309516,0.5025702369785409,0.9325377702011179,2.918990135192871,0.0,0.9625246548301396,0.5892773270606995,0.3318495750427246
0.1275462777049926,0.208384125692751,469,2,2,0.10390264156316759,0.19959782044499483,-0.012875077445506868,2.2956440448760986,0.0,0.025743819518037402,0.7059334516525269,0.6227503418922424
0.6584607371925504,0.839573203671422,47,5,6,-0.012571351032199788,0.5418114805765477,-0.004595690854984848,5.288832187652588,0.0,0.013884386817898746,0.6130342483520508,0.9172636866569519
0.6481679522944037,0.7971887846049164,470,1,1,0.6481679522944037,0.7971887846049164,0.6955192734189316,1.8113493919372559,0.0,0.8258240860394465,0.5605769157409668,0.5575972199440002
0.7526513639721905,0.8734305544710701,471,2,2,0.6339374430764722,0.8176734270725573,0.009283641321165784,9.589113235473633,0.0,0.0641414830478475,0.6563940048217773,0.7408187389373779
0.7078121167907214,0.832872484079269,472,2,2,0.4299123630403691,0.6966062496601053,-0.0041592253098727845,4.2770795822143555,0.0,0.16744084376103918,0.7252159714698792,0.07344333827495575
0.6369628905153631,0.8209188321512259,473,1,1,0.6369628905153631,0.8209188321512259,0.6751625305074312,3.594038248062134,0.0,0.8418289878927516,0.6001424789428711,0.4314563572406769
0.7229502625349676,0.8602001446777175,474,2,2,0.5949006513988461,0.8011341305889554,0.00691443266877205,4.50590705871582,0.0,0.04942037827910365,0.6105958819389343,0.10565796494483948
0.728966086554359,0.8720498323567286,475,2,2,0.01026409971866101,0.5403014351188524,0.7118907691341673,2.9434502124786377,1.0,0.8260951424609303,0.5213335156440735,1.0107622146606445
0.9428415151618973,0.9659479851076375,476,2,2,0.25600929703269637,0.625489371338814,0.08982408354181413,3.435791254043579,0.5,0.4088065228090239,0.6187546849250793,0.39952802658081055
0.8194944209782888,0.9011959393623891,477,2,2,0.0012551419092214982,0.5131479314362458,0.9106212994836633,4.356265544891357,0.0,0.9574151095601376,0.4579789340496063,1.217082142829895
0.11536291051245368,0.4094437325930454,478,1,1,0.11536291051245368,0.4094437325930454,0.10559036792551207,4.136994361877441,0.5,0.40712691160166997,0.5825030207633972,0.06842371821403503
0.8590800598435167,0.9387033240848157,479,2,2,0.008233995458432487,0.580769040184875,0.9095616538769906,2.7992773056030273,0.5,0.961213826362696,0.5609617829322815,0.3206377625465393
0.832674884016854,0.8415149419967696,48,3,4,-0.04267420595322747,0.5625344389636979,-0.04375071082179288,1.4933968782424927,0.0,0.3794156202563307,0.28453928232192993,0.7704285383224487
0.7720517579623319,0.8033442384514418,480,1,1,0.7720517579623319,0.8033442384514418,0.7979413079840841,2.6537997722625732,0.0,0.8268864933342975,0.6500864624977112,0.29536762833595276
0.26494676966501524,0.615676892763788,481,3,3,0.025085766008660873,0.5920819630641535,-0.039146859414062936,4.940998077392578,0.0,0.1915282859546321,0.647748589515686,1.4887049198150635
-0.05116372193448365,0.3917768261205581,482,3,4,0.3873676293686421,0.8246051775533344,-0.013799809027164782,10.680557250976562,0.0,0.009437132255682342,0.4483439326286316,0.2651456594467163
,,483,24,0,0.0,0.0,-0.04112352668903206,4.133385181427002,0.0,0.050529926557785015,3.2179067969322204,2.0343964099884033
0.2014624268193034,0.6425863376278949,484,3,3,0.1804853144706925,0.651562041891222,-0.0183373656923974,4.113978862762451,0.0,0.04708742851256091,0.628972053527832,0.7762269377708435
0.3009138250112247,0.6975069252042432,485,3,3,-0.05645385518217426,0.5474584762397493,0.714254429492079,2.425076723098755,0.0,0.7361851332295065,0.6164008378982544,0.4718634784221649
0.7002788424559758,0.8208983451459017,486,3,3,0.2750537538665106,0.611165868765058,0.0025638320744007545,3.066901922225952,0.0,0.187791239513919,0.6045480370521545,0.26217538118362427
-0.009951795775212238,0.02463618420377301,487,3,6,0.3450692905774631,0.5180126065991576,0.42255027379326804,3.0824337005615234,0.0,0.5595980318295969,0.9161590933799744,0.7141733765602112
0.43272223711584124,0.518072289153474,488,2,5,0.3204588901290336,0.46128640135055604,-0.022798950464446868,2.474456787109375,0.0,0.05317016883258481,0.7351711392402649,0.8071207404136658
0.9215497609324909,0.9701446888589929,489,2,2,0.046439603725161496,0.6659838048838065,0.85565620781141,5.646352767944336,0.0,0.8927534258986914,0.714802622795105,0.44843247532844543
0.6943228344539406,0.8257870635351294,49,2,2,0.6686048704539027,0.812554563629467,-0.002625143605050709,3.334635019302368,0.0,0.014255859083409822,0.8205176591873169,1.028491735458374
0.5378409194413333,0.8370804054350042,490,3,3,0.015327922442822857,0.713661439285567,0.8652505328806737,3.2545409202575684,0.0,0.8591506548669037,0.6197187304496765,0.4972982108592987
0.6838148426044116,0.8452106710230912,491,2,3,0.009103103794261672,0.5365496116386904,0.7400909076659195,1.4473004341125488,0.0,0.849082012834542,0.5527949929237366,0.8726170659065247
0.07195288430738118,0.3735357624826268,492,1,1,0.07195288430738118,0.3735357624826268,0.07872710188943575,3.670886278152466,0.0,0.38337381916277546,0.6122893691062927,0.2368985116481781
-0.0016297801440953992,0.4050248714262287,493,2,3,0.5235110364414431,0.8110890766324982,0.012180502473695818,0.7933096289634705,0.0,0.42786960887976583,0.42265579104423523,0.5476247668266296
0.008542648420241173,0.40584950150961335,494,2,2,0.034645212989823024,0.4411533529140436,0.012087746786333307,1.342208743095398,0.0,0.4109723911403353,0.7556623220443726,0.3862718641757965
0.6152005839453342,0.8623506829308781,495,3,3,0.498269932529733,0.8324907612700185,0.19938968662527518,2.6363067626953125,0.0,0.20698495622209168,0.5921958684921265,1.2838366031646729
0.4685141384684823,0.776139802788362,496,2,3,-0.017699743307037098,0.5714949263949853,0.6754152543575198,4.684464931488037,0.0,0.7486864280683188,0.7944872975349426,0.202182799577713
0.5702919789358495,0.8237287410866778,497,3,3,-0.011716169167929428,0.6579004596817035,-0.057338201684192854,2.7790310382843018,0.5,0.10659366511954724,0.6060851216316223,2.405930995941162
0.9194553971946117,0.9742967111014964,498,2,2,0.04581145111478717,0.7499873292613276,0.9404669612668114,5.79560661315918,0.0,0.9811521784010067,0.6674914956092834,0.08419884741306305
0.8221138976626531,0.9212533498233175,499,2,2,0.3839613481455229,0.7424076153522581,0.15501402933685002,3.8331196308135986,0.0,0.32736691374594135,0.7852888703346252,0.356879860162735
0.8922862926421555,0.9103730664208358,5,5,5,-0.04757177146511228,0.5145127220864496,-0.044508526780474955,1.7487928867340088,0.0,0.06857992565045565,0.14479883015155792,0.6952400207519531
0.8909490443063338,0.9522277190488365,50,3,3,0.09359837590129791,0.624307595260478,0.31052660156880185,2.7424395084381104,0.0,0.4776699029116132,0.629330575466156,1.1772445440292358
0.8832280694543017,0.9342915811014508,500,3,3,-0.006900627518238395,0.5146491195805071,0.026857449722566103,5.221918106079102,0.0,0.26028470680253174,0.6037736535072327,0.07938636094331741
0.8161178118456653,0.9149811352843465,501,3,3,0.059655720514558794,0.5862410963833987,0.18040894385362638,3.045154571533203,0.0,0.3463867731735226,0.5720654129981995,1.4732654094696045
0.9303909858924077,0.9465327097380145,502,3,3,-0.027103645937558363,0.6205333333327423,0.14718202895203666,2.3261733055114746,0.0,0.5516954902306093,0.5485250949859619,0.25155431032180786
,,503,24,0,0.0,0.0,-0.02095978451575761,3.181731939315796,0.0,0.041134751772878037,3.089737273007631,0.20443259179592133
0.662569990494479,0.8624805396972237,504,1,1,0.662569990494479,0.8624805396972237,0.7914280620645575,3.9922122955322266,0.0,0.9147577187872629,0.5880404114723206,0.15390118956565857
0.8331391984599312,0.9078219422852343,505,3,3,0.007433939004808964,0.4940741742125453,-0.002394850672292665,3.09836745262146,0.0,0.07306110010610192,0.6009848117828369,0.7372347712516785
0.5598378587040088,0.824577646583785,506,5,7,0.029652574643210257,0.6683768015078304,-0.03384395789941713,2.6489908695220947,0.0,0.04751441911557538,0.4157346487045288,0.941764771938324
0.010882156833107878,0.02298425090852408,507,4,4,0.004915319953913046,0.36914275498280297,-0.03961529829186657,2.0326662063598633,0.0,0.08796061681009201,0.2350999265909195,0.4877513349056244
,,508,24,0,0.0,0.0,0.10059968619980902,2.7259621620178223,1.5,0.1867223477583973,2.208021787554026,0.15097860991954803
,,509,24,0,0.0,0.0,0.04143717922372361,2.788377046585083,0.0,0.0869885072502624,2.7004308395087717,0.1954360157251358
0.8946789101457653,0.955590596329362,51,2,2,0.10955880344554166,0.646659424225546,0.9330700020676944,4.14246129989624,0.0,0.9720762217838229,0.6504709124565125,0.0023207725025713444
0.8316813610250309,0.9337349124132722,510,2,2,-0.00935589930367068,0.6377976334509032,0.9063571420914576,3.118891954421997,0.0,0.9332429085325629,0.7134642004966736,1.0735533237457275
0.713698384959443,0.8930566640049872,511,2,2,-0.0435492263773818,0.6489146980880094,0.9667449449430353,5.518171787261963,0.0,0.9721560795722707,0.7881311178207397,1.28056001663208
0.7221616449312693,0.9005628517814975,512,2,3,-0.01566459695184274,0.6955035329379091,0.8340442219010886,5.498310089111328,0.0,0.861638913026137,0.6177199482917786,1.2179373502731323
0.8628948214902997,0.9493259770601874,513,2,2,0.009255488294451254,0.6749673096556538,0.8966681714887286,5.345144271850586,0.0,0.9622221014282734,0.6674914956092834,0.08907631784677505
0.7823217816019983,0.9132407102427514,514,2,2,0.004568958069196277,0.6409558576152563,0.8143291073286744,4.8643479347229,0.0,0.871540566135863,0.694857656955719,1.1488096714019775
0.4743358729434597,0.7830660484907023,515,3,3,0.007694462850086086,0.6119123839680722,-0.008904060930167169,16.995433807373047,0.0,0.012382261837021633,0.4771974980831146,3.6052839756011963
0.7171864059463734,0.8398943632843121,516,2,2,0.0623478048910953,0.5240754716954763,0.19256464284715688,2.273651361465454,0.0,0.4961636828609252,0.60882169008255,0.30066269636154175
0.517700609556159,0.6064110224575361,517,1,1,0.517700609556159,0.6064110224575361,0.5185384414087857,3.053356170654297,0.5,0.6044532690377094,0.6057699918746948,0.24290171265602112
0.777710844060114,0.9126367299916158,518,3,3,0.09466002417931528,0.6640346835323084,0.6061112544760505,2.4046919345855713,0.0,0.6898935280634935,0.6054654121398926,0.14534662663936615
0.7331647618414363,0.8559248554872065,519,3,3,0.0010844428818989715,0.5003403847595866,0.652390256995772,2.3531816005706787,0.0,0.8173142778831226,0.5754658579826355,0.26972857117652893
0.8254602332209421,0.9092820666812299,52,3,3,0.0033018983152113468,0.5026543012455943,0.0031884498993003064,3.4320907592773438,0.0,0.09435718440899152,0.6368200182914734,5.471384048461914
0.5066132724396416,0.8553215077593165,520,2,2,0.007532106545916027,0.7814463654944768,0.6920824143271037,5.406020641326904,0.0,0.662815930554871,0.8063449859619141,0.8008423447608948
0.9239016112078726,0.9593154016329439,521,2,2,-0.002467891409904132,0.520048059214109,0.8910118280808921,2.8798069953918457,0.0,0.9477787704037233,0.6107704639434814,0.24595503509044647
0.8258609425887856,0.9033192834554199,522,3,5,0.7582894064053288,0.8747859902085683,0.005622289334767734,3.474433660507202,0.0,0.0377680220069735,0.5337591767311096,5.698163986206055
0.5829803617659801,0.871216428261807,523,2,2,0.06454948178978713,0.7731343569498633,0.5764578042137061,3.1833131313323975,0.0,0.6009903106276682,0.6555005311965942,0.42994752526283264
-0.022139522477667407,0.5616478814772489,524,3,3,0.005850880530497914,0.6486270988313514,-0.05121473301746051,6.150643348693848,0.0,0.16563989168588295,0.6119641661643982,5.012043476104736
0.8242373960494255,0.9110079129006804,525,5,5,0.0027429670326567087,0.5174643182051591,0.007065600789414465,4.197193145751953,0.0,0.059078631452492376,0.21459122002124786,5.674141883850098
0.10120755081784981,0.38534398168285905,526,2,2,0.12331127807981158,0.41442706061871126,-0.004838718226285963,0.813321053981781,0.0,0.029238808617426986,0.8245615363121033,0.5135579109191895
,,527,24,0,0.0,0.0,-0.0720178643092021,4.513430595397949,0.0,0.26931468808752695,4.399820965528488,0.2524658441543579
,,528,24,0,0.0,0.0,-0.06255511291572162,3.27944278717041,0.0,0.059751923212594614,3.0521180093288423,0.5051661729812622
0.8975317330114387,0.9363413158704182,529,3,4,-0.0075945273433740985,0.5559222368886416,0.9360085337444923,4.373505592346191,0.0,0.9604038378885851,0.37697121500968933,0.7565420866012573
0.14745061895859446,0.44252159752575826,53,2,2,0.1579422962228147,0.5675599004919313,0.15338408362486797,5.76733922958374,0.0,0.44950609789622675,0.7005358934402466,0.19179995357990265
0.9204561402962855,0.9675952527184248,530,2,2,0.8248556830459557,0.9299001965672463,0.036001084058543416,5.858830451965332,0.0,0.07120485465389187,0.7157765626907349,7.045406818389893
0.7989191523493465,0.8299546231338618,531,1,1,0.7989191523493465,0.8299546231338618,0.8210414204206463,5.2685956954956055,0.0,0.8492839884470231,0.5040404200553894,0.028248731046915054
0.9428619946653467,0.96991753316514,532,3,3,0.3010253485984018,0.6751876333016154,0.02661464167216393,3.5952041149139404,0.0,0.19952415296724654,0.5739025473594666,0.6191623210906982
0.9286768355283599,0.9711020163681097,533,2,2,0.03294393569997222,0.6293804680035749,0.8708403992625618,4.920494079589844,0.0,0.9121442753105884,0.7114454507827759,1.375145435333252
0.8580445226741121,0.9322164118046736,534,2,2,0.012942841067934752,0.5389260112456339,0.7854646754351808,1.3556073904037476,0.0,0.8763261239057607,0.667360782623291,1.1593422889709473
0.03636355054055274,0.5142897400358962,535,1,1,0.03636355054055274,0.5142897400358962,0.042570294107550886,3.574634075164795,0.0,0.5210530023706149,0.5257693529129028,0.0172787643969059
0.6368891241674784,0.8098537336395307,536,2,2,5.174823973061913e-06,0.49051108496278933,0.6469697863410014,4.622178554534912,0.0,0.8164443686862052,0.37182947993278503,0.9338212609291077
0.20535686584746704,0.30209897098520333,537,2,3,0.2910395573633989,0.42194440089823126,0.055773995985558336,1.5495721101760864,0.0,0.12087610688801703,0.4705376923084259,0.5048351883888245
0.9633508649606449,0.9823213548093561,538,1,1,0.9633508649606449,0.9823213548093561,0.9810761828906732,4.477823734283447,0.0,0.9909138467441534,0.5270583033561707,0.12033133953809738
0.8560237863497221,0.9181614724223597,539,2,2,-0.00029309516908144193,0.47139427199370365,0.8834693458554317,3.744067907333374,0.0,0.9342707324373458,0.5845174193382263,0.8074672222137451
0.9021390711852217,0.9210180215372658,54,4,4,-0.04799276699614718,0.5527245717880745,-0.011113366313349703,12.760422706604004,0.0,0.015219152620434303,0.43653321266174316,2.6073315143585205
0.2503879832511888,0.5188679245256982,540,2,3,0.3441843194047224,0.6099886938966229,0.26517077280811235,1.5480048656463623,0.0,0.533944127362902,0.6167810559272766,0.357145220041275
0.9043811485372844,0.9615294898701248,541,6,9,0.1621293332090986,0.6884162499121872,0.0036054630912557084,4.38614559173584,0.0,0.007317746686292161,0.11027348786592484,2.4297635555267334
0.5513529875616802,0.7388742304277094,542,4,4,0.03073647055406435,0.5284941970029549,0.03819039799172915,3.6058483123779297,0.0,0.18731104587395472,0.20299367606639862,0.7863855361938477
0.5535240830790515,0.7956383978821094,543,4,6,-0.016291974937810955,0.56407867571937,-0.029510144322340833,2.3037312030792236,0.0,0.08530683509288214,0.3667052090167999,1.633831262588501
0.8624137093624399,0.9481640963212933,544,2,3,0.02400000066285366,0.6680482352354356,0.9051696298934083,3.794933795928955,0.0,0.9267707670423085,0.5713107585906982,1.0141334533691406
0.16052216043557652,0.41621405039437176,545,2,2,0.2518405929164456,0.5146914789399221,0.005286982713011851,3.050441026687622,0.0,0.10003561570608122,0.7989674806594849,0.6695797443389893
0.913500941311435,0.9477039156997795,546,6,7,0.07015663004289398,0.5294012638788372,0.19446009467267406,2.282766342163086,0.5,0.519139287072626,0.3452135920524597,0.46545204520225525
0.7072120187997362,0.9410352129580333,547,3,4,0.5711522734656216,0.9229971132733475,0.31087522275712715,3.3176684379577637,0.0,0.23457943925104682,0.7025348544120789,3.826004981994629
0.8880450654282176,0.9549277985384218,548,3,5,-0.005114623811712973,0.6187470663177183,0.0738542331993235,7.866854190826416,0.0,0.1222043176648013,0.36500391364097595,0.18966491520404816
0.31882205534007685,0.6556275605204386,549,4,5,-0.016053775543299634,0.4481395797180951,0.015711689276237034,7.562261581420898,0.0,0.029336313530188878,0.3702884614467621,0.43971505761146545
0.1691005634100509,0.6089191153534995,55,4,4,0.0014195323558971967,0.5178422246070818,-0.0003677598076434648,5.770460605621338,0.0,0.0298091042582246,0.1842128187417984,0.14024725556373596
-0.011295200105981491,0.15262653658779282,550,2,2,-0.006172632565327301,0.14736307259348147,-0.01119918755100558,0.9221965074539185,0.0,0.15294101789929784,0.7902359366416931,0.8484304547309875
0.1854635151837957,0.40930322872910246,551,3,4,0.026874395723543113,0.5519945924503505,0.0021674376884777183,5.77365779876709,0.0,0.022804992502591392,0.45443999767303467,10.882264137268066
0.261216936772878,0.6370753463645267,552,4,5,-0.015954735323781482,0.4616777239232504,0.6472300829149032,3.685391426086426,0.5,0.7148180270446988,0.5437723398208618,1.9142651557922363
,,553,24,0,0.0,0.0,-0.017354676911989813,4.544858932495117,0.0,0.041776655571893855,3.6919680178165435,1.8953131437301636
0.48257336937824086,0.7669244907330626,554,9,9,0.3012165970030351,0.7263281758545351,-0.0044381334957170546,5.641391277313232,0.0,0.007410479108586625,0.0848771408200264,1.9195879697799683
0.8423075795715013,0.9034484538065828,555,3,3,-0.02079816854345831,0.4672938425734428,0.030602775699978744,2.1709089279174805,0.0,0.3564004204357475,0.613030731678009,0.12778636813163757
0.8827306700158202,0.9409167856060329,556,2,2,0.7196416855354337,0.863908571427255,0.012430710104217034,5.310702800750732,0.0,0.09342987116697324,0.6879938244819641,1.0085636377334595
0.675514356098626,0.7325682113437307,557,4,6,-0.008511348551548201,0.6326197207099674,0.12182651708598288,1.9248888492584229,0.0,0.16165250563481162,0.20531325042247772,0.3518732786178589
0.10565613455460618,0.5954503886579963,558,2,2,0.0033797527955836816,0.5197009760698602,0.08848458278663293,4.234818458557129,0.0,0.28924343798064045,0.6875098943710327,0.2795843183994293
0.7322215349628357,0.8652860988085758,559,2,2,0.0492661936548729,0.5450948398932013,0.39902179065975374,4.59367561340332,0.0,0.6272064015047606,0.5977680087089539,0.7395392656326294
0.2699652697462566,0.558019833996556,56,4,4,0.0048045634755785865,0.48836557331010017,-0.006145769206836823,5.265290260314941,0.0,0.07486256332846054,0.32210052013397217,0.09498264640569687
0.4321581606591899,0.6869015795835387,560,4,6,0.00032833969989714087,0.4421781495740759,0.020306989569787166,3.1399552822113037,0.0,0.10687326181901996,0.8683627247810364,0.45695382356643677
0.6980189977256825,0.8493910339455177,561,2,2,0.0010765704333310507,0.5018286887423474,0.7474276635627831,2.947068214416504,0.0,0.8518696291695411,0.49669042229652405,0.5008278489112854
0.8387278067730359,0.9086352065756466,562,3,3,0.001903598936025837,0.5296938057674669,0.8609502728994862,4.647279262542725,0.0,0.9217152927318515,0.5928778648376465,0.1600739061832428
0.842168482455788,0.9363360937174952,563,3,4,0.004753847296442998,0.6327702613599224,0.9334046600667159,5.645289421081543,0.0,0.9536680228685432,0.3465368151664734,0.8289657235145569
0.8425041695589248,0.9366977788433376,564,3,3,-0.010018707586360804,0.6158130412250983,0.9004627433717923,2.8866560459136963,0.0,0.9290377083149552,0.5520787239074707,0.2488727569580078
0.7263553351942401,0.9004886105536423,565,2,2,-0.024972674565219895,0.6737698271913197,0.9190118788732203,2.8626227378845215,0.0,0.9303613822128693,0.6405349373817444,0.18702587485313416
0.665316063839814,0.8595973154344665,566,2,3,0.08522607813522871,0.6381707955981765,0.6269234930837351,2.4035041332244873,0.0,0.7141499752927895,0.5451496243476868,1.556350588798523
0.8550262145130754,0.9255978129185535,567,4,7,7.530022984369677e-06,0.49706663813460106,0.7870428125479243,3.8658576011657715,0.0,0.8860428091247619,0.12763404846191406,0.615564227104187
0.8772576235779227,0.922392564930317,568,3,3,-0.019050388016471232,0.5100791697142236,0.9250767324126221,5.180530548095703,0.0,0.9532428355882095,0.6272850036621094,0.17727181315422058
0.9152481448757236,0.9678966827241295,569,3,5,0.02924715818207651,0.663546509192484,0.9464026636887904,3.8861277103424072,0.0,0.979884501389263,0.40979549288749695,0.3389371633529663
0.9580597735403311,0.9787308364021784,57,2,5,0.01202147597259442,0.5228045443226578,0.779763398980461,5.099706649780273,0.0,0.8836788860219115,0.4165877103805542,0.7390534281730652
0.9570782269561435,0.9771723702866717,570,3,3,-0.0030413426280971657,0.4952391705237898,-0.0022354415669026337,8.204376220703125,0.0,0.08493343912530206,0.5814018249511719,1.269742727279663
0.8424988018375495,0.918286485397461,571,3,3,8.36689888166321e-05,0.48399326031940665,0.010429127699339466,2.3475801944732666,0.0,0.10262178766086175,0.6141220331192017,2.281961679458618
0.8899249684442849,0.942707207899544,572,2,6,-0.00020684797507684958,0.5135844801746697,0.9037978247627673,4.108006000518799,0.0,0.9527540638493955,0.5645354390144348,0.3977038562297821
0.9232969069709638,0.9712000479742051,573,4,6,0.02301313340126012,0.6699627400397832,0.8789525080885194,3.750291347503662,0.0,0.9078451835368999,0.17729872465133667,0.385611891746521
-0.054885903149171474,0.23819296035744766,574,4,4,0.015242639862074825,0.6611038310330484,-0.05465067827273056,5.334614276885986,0.0,0.23952333102135737,0.16955819725990295,1.7534445524215698
0.9368442257570146,0.9796021936629621,575,2,2,0.01205144121721051,0.7368673631354217,0.9616144282865164,4.208934307098389,0.0,0.9644882978170337,0.8863257765769958,2.491088628768921
-0.0048215600559019375,0.49111685058898363,576,1,1,-0.0048215600559019375,0.49111685058898363,-0.006939287532168818,3.925344944000244,0.0,0.4911376831078044,0.6029706001281738,0.697814404964447
0.00481189830272155,0.4909716251067886,577,5,9,0.0024774258387335654,0.7548712808342238,-0.02214022945256968,3.6077651977539062,0.0,0.018110835494393237,0.10006297379732132,0.3670482337474823
0.9114931805642987,0.9504390988854491,578,4,5,-0.0013096812804872478,0.5290941385416373,-0.00559433292779268,5.362674236297607,0.0,0.04198083067065827,0.3747293949127197,5.6771111488342285
0.8732785109443509,0.9411643870774926,579,1,1,0.8732785109443509,0.9411643870774926,0.9816362133379646,5.101047992706299,0.0,0.9914076230698372,0.6257743835449219,0.10044208914041519
0.6172346841176445,0.7593075852404374,58,3,3,0.004982030620108865,0.45977488698007296,0.02001832416548055,1.6687737703323364,0.0,0.10588627647068628,0.5831199884414673,0.13865822553634644
0.8611321750479388,0.9357330449487429,580,1,1,0.8611321750479388,0.9357330449487429,0.8871923007041727,5.447819232940674,0.0,0.9481693187011573,0.5135844945907593,0.006557432934641838
0.9276699098277187,0.9544398615609233,581,4,6,-0.0005931979336038059,0.5822728244174508,-0.022214230421837917,1.3587629795074463,0.0,0.18836307711964254,0.2764006555080414,3.1154332160949707
0.8686027922740543,0.9063762710339097,582,3,4,0.006926563332808602,0.44159024648773754,0.9039469567749875,1.5699117183685303,0.5,0.9322353254102407,0.33455201983451843,1.4864764213562012
0.2353033275638953,0.4868196989299274,583,4,6,0.0005305498784116238,0.49832907411012783,4.536583520583482e-06,3.1374456882476807,0.0,0.00987852270564193,0.24512672424316406,7.8606276512146
0.8830802657624467,0.9527172312216843,584,2,4,0.0015208354078514166,0.615444929147485,0.89269120968244,3.7831003665924072,0.0,0.956807456520077,0.3204335570335388,0.9466062188148499
0.7198937351146608,0.8706930228901458,585,2,2,0.0049250868651348765,0.5362840725829621,0.7088785712977467,2.028764486312866,0.0,0.8343358075222859,0.49506905674934387,0.705415666103363
0.7742862733917767,0.884084714964558,586,4,6,-0.0001495194581262367,0.5084452917863082,0.004414023892842356,3.456725597381592,0.0,0.12037888285242965,0.8631223440170288,0.2808917462825775
0.7978940681039935,0.8251601935363534,587,2,2,0.8485419091247874,0.8701015648800396,0.8138148549251606,2.4924254417419434,0.0,0.8393705592570534,0.8397913575172424,0.7874147295951843
0.815528556221309,0.9101839882401406,588,3,3,-0.002831005981049594,0.5203523752482272,0.968374494552236,2.8533706665039062,0.0,0.982748991620679,0.5882434844970703,1.5369869470596313
0.8091272167399309,0.8171534538635404,589,3,3,-0.027346198343219805,0.4800106480797638,-0.0547910227579139,4.079784870147705,0.0,0.06882117574617168,0.604278564453125,0.5781183242797852
0.9320692995553234,0.9624789399367913,59,4,4,-0.0015953884018454659,0.48337902673008526,-0.0021434302836619676,5.1451239585876465,0.0,0.12389672363266688,0.3312816321849823,0.41580232977867126
0.7427966028333911,0.8873933649265067,590,2,3,0.0767548984494967,0.6210559200238509,0.5949441287873364,1.7192518711090088,0.0,0.7175028978277964,0.5369780659675598,0.4691576659679413
0.8242482329262778,0.9131704941904311,591,1,1,0.8242482329262778,0.9131704941904311,0.8687608493814533,4.377018928527832,0.0,0.935973383097168,0.5106298923492432,0.10399366170167923
0.8107971867476367,0.8712800769954354,592,2,3,0.021985160779842534,0.6162095010170066,0.822410936718598,5.438158988952637,0.0,0.8795572666008094,0.5518860816955566,0.16501380503177643
0.4547833192997349,0.6993281712554126,593,2,2,0.6654569512020344,0.8312919794500688,0.0016396811362469643,3.006852626800537,0.0,0.14034587066868132,0.7274950742721558,0.2641468346118927
0.7809252171757187,0.8975243777543542,594,2,2,0.9373629077783143,0.9720009189738819,-0.012419736114460941,4.806088447570801,0.0,0.07828531376753886,0.6161146759986877,2.1435046195983887
0.9109602429335993,0.9631847133727287,595,2,2,0.007519258177901708,0.608823765232904,0.9411315458050269,4.106151103973389,0.0,0.9613558629794202,0.6068425178527832,0.30158108472824097
0.18580621119433458,0.5258228799927339,596,3,4,0.1705209354387637,0.577923599717079,0.2066520782264751,4.1089372634887695,0.0,0.547237803839717,0.597063422203064,0.35720884799957275
0.340928209033672,0.6961922677729889,597,2,3,0.009027142553679384,0.5330346612627076,0.33135561840777106,5.798117160797119,0.0,0.5461748547103017,0.620710015296936,0.9538236856460571
0.8224756336035857,0.9083282427167243,598,3,6,-0.00013539181486523204,0.48989225460830654,0.8475690685977199,4.2728352546691895,0.0,0.9212136141523126,0.4425937831401825,0.7226836085319519
0.4685580008521317,0.6888091521221631,599,5,7,0.0009150394999611484,0.489938986426983,0.011425559746832733,3.757153272628784,0.0,0.09517651003473876,0.3014000356197357,1.37381112575531
0.14796527454963362,0.3683669976010382,6,3,4,0.3023004109755958,0.5851050755770855,0.1628123718577278,2.8526620864868164,0.0,0.38767545360912237,0.7147641181945801,0.3541649580001831
0.4457484169716813,0.7245888974706859,60,1,1,0.4457484169716813,0.7245888974706859,0.47408247943319726,4.004981517791748,0.5,0.7418331309989464,0.575949490070343,0.3089708685874939
0.8338330678971712,0.891103245186082,600,6,6,0.0006710828091912224,0.5896551309629772,-0.01808689124565556,4.9937663078308105,0.0,0.054302798186543884,0.11950385570526123,0.8768418431282043
0.5953773964804878,0.7142798782590554,601,1,1,0.5953773964804878,0.7142798782590554,0.5657691119686693,1.1042500734329224,1.5,0.6997850395395118,0.5524687767028809,0.34489014744758606
0.33966453183711603,0.6033121807763026,602,6,7,0.03651770231586904,0.5335650167049971,0.0032342984340426274,2.6737773418426514,0.0,0.08201154388028677,0.18363438546657562,2.6772608757019043
0.18840572435778033,0.5018130882712147,603,4,4,0.010879955227193127,0.5548583999499946,0.6021779354401048,1.2920924425125122,0.0,0.745557445803794,0.1076212152838707,0.2679578363895416
0.38670072616718765,0.5845376236898109,604,2,2,0.44492708891602867,0.6339787855035453,0.39668212351263155,4.255770683288574,0.0,0.5932583469758907,0.738175094127655,0.6698998808860779
0.7813854761657238,0.9210347530654767,605,2,2,0.03487746314597081,0.6764299953968853,0.7445333011417575,4.572431564331055,0.0,0.798799138996275,0.7659776210784912,0.3253653943538666
0.09942588060179024,0.2501671122973749,606,3,4,0.09994730333024651,0.7236328474708175,0.1313643352656399,2.490288734436035,0.0,0.32603406325786166,0.46473273634910583,0.6627371311187744
0.012432994058352081,0.49419452073761394,607,4,4,-0.06530637245957223,0.5507049661509775,0.1208290376014867,1.855498194694519,0.0,0.18385051718329284,0.3160093128681183,0.6442787051200867
0.9234336885665521,0.962708757179989,608,3,3,0.23207605503416825,0.6605460960259847,0.013235542863487262,2.451594114303589,0.0,0.08710319386446194,0.5705072283744812,0.5677001476287842
0.8421280851922741,0.9250417465508998,609,2,2,-0.0012053035615154275,0.5213076596067255,0.8970110711208081,3.6590025424957275,0.0,0.9421871751448778,0.697245717048645,0.5962939858436584
0.9291497786612971,0.9729837776401351,61,3,3,0.02886646176094205,0.6597101366570716,0.8834550969554528,5.865179538726807,0.0,0.9131199149559952,0.5895376205444336,0.7174897789955139
0.551600444507047,0.8244564264413199,610,2,2,0.2563917139223657,0.71779141104226,0.3140030616240766,4.500864028930664,0.0,0.3672588238344545,0.6177668571472168,1.3802567720413208
0.8359483281109922,0.940573486630326,611,2,2,0.8194103141294182,0.9348100249915507,0.013097094045082781,5.521615028381348,0.0,0.01649725045816532,0.836258053779602,0.7814565896987915
0.7320919781639273,0.888907330566098,612,2,2,-0.012763414790659653,0.5933484002477227,0.9092326958947006,2.417684316635132,0.0,0.9346375895042032,0.8131774663925171,0.32943522930145264
0.8005213274027261,0.9341505270876829,613,2,2,0.05760669875264689,0.7364873946338655,0.872402205396733,2.4139370918273926,0.0,0.8784137672960837,0.6337713003158569,1.103911280632019
0.16615419239669477,0.20395341329508068,614,2,2,0.6273240282664465,0.6806724775865289,0.4399179919207392,2.796088933944702,0.0,0.49993791750353883,0.6314862966537476,0.48180732131004333
0.4203470496241089,0.730685608034934,615,4,4,-0.03298380891814269,0.5780229663321789,-0.0312674655722261,3.023224115371704,0.0,0.06430093944889842,0.21198399364948273,0.6807185411453247
0.6551797967024966,0.7569096562413331,616,5,5,0.3888563284225319,0.6173425808855193,-0.026531651939488185,7.379478454589844,0.0,0.09233155545854922,0.3451291024684906,0.7499132752418518
0.8914871816956946,0.9455045603252129,617,4,6,0.03415532093933421,0.5430481999167835,0.00596640428831288,2.590942859649658,0.0,0.06446585704233948,0.6348300576210022,2.3361761569976807
0.8078885767051477,0.9304130748515421,618,3,4,-0.026082432423300404,0.6703086333280381,0.2577878408543995,3.7492027282714844,0.0,0.29309516949872566,0.5741393566131592,1.675727367401123
0.6145832137220963,0.7624402793034734,619,4,7,0.0046457882215262215,0.5456072971656758,0.7464483739592628,4.126989841461182,0.0,0.8815215494626795,0.5166741013526917,0.8291993737220764
-0.04533714259443884,0.37014720291886366,62,4,5,0.028672678266133393,0.5549336066398373,-0.04288475132632338,4.203779220581055,1.5,0.3788644989803029,0.45036330819129944,0.4760555624961853
0.6974516086645464,0.8585394455004026,620,4,8,0.0472542343189488,0.5974018172256533,0.7414894508357324,3.52223539352417,1.0,0.834889982050065,0.5282604098320007,0.8818803429603577
0.7383724094936268,0.7511558335531578,621,5,6,-0.049328658238994884,0.6113546430334067,-0.07966532973322146,1.2789140939712524,0.0,0.15833615984657168,0.7315266132354736,1.134093999862671
0.846998339498302,0.9055206698040148,622,4,4,0.002438370309586604,0.5703137281315881,0.8707800983444854,4.58096170425415,0.0,0.9207262832899358,0.180526003241539,0.37266838550567627
0.8226961523949629,0.9031141868499856,623,4,4,0.004878694308987412,0.4957766273246506,0.8368122309952344,4.889990329742432,0.0,0.9111928248674864,0.18409812450408936,0.046190548688173294
0.08161879575655567,0.5548843542981347,624,5,6,-0.007021000400893485,0.5557724484100008,0.6258335510051634,2.4916493892669678,0.0,0.6052284539577797,0.32637840509414673,1.2444218397140503
,,625,24,0,0.0,0.0,-0.02758303249276798,4.0217156410217285,0.0,0.04002351979745067,3.41378111243248,1.3509656190872192
0.9240373855661067,0.9646375429421774,626,3,9,0.2463777776624305,0.6780119266119753,0.2121464216457702,3.415128469467163,1.0,0.40798040268754604,0.7337401509284973,1.103263258934021
0.8682526178642629,0.9458074334846565,627,3,3,0.009514688241353401,0.6182511202857723,0.8876818740002889,2.907188892364502,0.0,0.9239458060573543,0.5661800503730774,0.07072941958904266
0.6168246468590689,0.7149542915955354,628,2,2,0.05503172251854236,0.6054770363168586,0.6382002972433395,3.59071683883667,0.5,0.7326263256371409,0.7315919399261475,0.1372259557247162
0.494906493471646,0.7063688293911982,629,4,4,0.4256817199688755,0.6855184233022862,0.0007107714415175256,8.690112113952637,0.0,0.019200695047617716,0.23494531214237213,3.6895296573638916
-0.014502483995510166,0.2944235574859983,63,4,5,0.011624410737628387,0.6113671274952653,0.572333616802394,4.806700706481934,0.0,0.8077017799153527,0.35038983821868896,0.4694947302341461
0.7751013635322948,0.881183809655584,630,3,4,0.0019192426304591942,0.4965199000173177,0.4575009037296177,3.553532838821411,0.0,0.6788638504407009,0.5520093441009521,0.929002046585083
0.00030686639830797204,0.05327795297783945,631,2,3,0.004185293212253166,0.11389527330839938,0.0025156736865732283,5.497279644012451,0.0,0.07835294720898815,0.6256810426712036,0.6483774185180664
0.8726344654429677,0.9376227155947922,632,2,2,0.003302219390765469,0.5200760865048998,0.9177374619208666,2.541597843170166,0.0,0.9602023863392221,0.6811180114746094,0.359700083732605
-0.06862596113110589,0.35544510604734764,633,5,8,0.029444586117292112,0.791396390666057,0.8583023784005309,2.851536989212036,0.0,0.8285413744667904,0.5733981132507324,0.23825274407863617
0.5883489293781162,0.7044120211577353,634,4,5,0.25323570383306937,0.563667705362907,0.024672986495423287,1.8653335571289062,0.0,0.05231747015956379,0.743526816368103,0.48415103554725647
0.8529574617802451,0.9340987305245911,635,1,1,0.8529574617802451,0.9340987305245911,0.874656860529633,1.9267853498458862,0.0,0.944185116981508,0.6408609747886658,0.9607017636299133
0.8802442346752943,0.952909825803061,636,3,3,0.009986902235382565,0.6464433909842613,0.9155092534664294,5.58342170715332,0.0,0.9388297427825133,0.5808154940605164,0.8552014827728271
0.9432399292351891,0.9754736036035209,637,3,3,0.008352590843695827,0.583753951597519,0.02937649398845253,3.2857258319854736,0.0,0.07470288624776032,0.5267435908317566,1.4114667177200317
0.8408921548842929,0.9410666268282397,638,2,2,0.06829549862525774,0.6863602315278361,0.8163213985415624,2.484351396560669,0.0,0.8481719702062958,0.7928632497787476,0.5115850567817688
0.47563496885539724,0.7693347948002544,639,4,5,-0.005977999234156483,0.6540181373915629,0.09820819491265398,5.380833625793457,0.0,0.13430217257775284,0.27335336804389954,0.2493561953306198
0.777379843121342,0.9197188711355292,64,2,2,-0.024518457182318754,0.6773959692611051,0.9427434015223766,5.239993572235107,0.0,0.9514131470264873,0.7282664179801941,0.4281710386276245
0.04743501947426944,0.21787110123214137,640,4,7,0.05324691855845009,0.5595050026305094,0.6021012870099547,1.945957899093628,0.0,0.7803889180810842,0.4403817653656006,0.07987593859434128
0.40838979593380265,0.6786194257747182,641,3,3,0.04545857521732895,0.5761374362825141,0.005035159813858962,2.0853021144866943,0.0,0.24229561576786662,0.6014715433120728,0.847138524055481
0.812683377612827,0.9305437823165523,642,2,3,0.04569796553778786,0.6719229386151048,0.7715568913156998,3.8418734073638916,0.0,0.8205995698135405,0.7503810524940491,0.0755302682518959
0.3839363382207449,0.6211649622008213,643,2,2,0.4169841098251942,0.6555491245792537,0.0005741845483910077,4.217406749725342,0.0,0.05129503689732821,0.7515913248062134,0.9201871752738953
0.5790129253121615,0.7277615840751444,644,3,3,0.006972559599112797,0.560742609948268,0.0627460974019031,3.595019817352295,0.0,0.16745401547810104,0.6433068513870239,0.07694835215806961
-0.03526599964876435,0.26102987921059106,645,2,3,0.5083678612088561,0.7843742077208469,-0.035485476860475366,2.631126880645752,0.0,0.2655862481815377,0.6616919040679932,0.34826982021331787
-0.021815278923852495,0.2862318840561516,646,3,4,0.10838257218205624,0.5063982048607775,0.11484094057061593,2.464007616043091,0.0,0.22735712811814154,0.7519779205322266,3.4763925075531006
0.4017754013495502,0.7317033573596796,647,2,3,0.01570353667361292,0.6211168487481163,0.4225783308685715,4.469783782958984,0.0,0.7436205441193046,0.5332463979721069,0.8271917700767517
0.7795356267029577,0.8960102571824481,648,3,4,-0.0024436304502709425,0.5445647862299773,0.7915469668217849,4.659991264343262,0.0,0.9021129732323033,0.33803704380989075,0.8278484344482422
0.5745417502901776,0.6501566259560986,649,2,4,0.6975761030976284,0.7618878005308909,0.10860447065912704,3.7863264083862305,0.0,0.14051774857746363,0.7085888981819153,0.12751656770706177
0.5254562468018532,0.7866993823491214,65,4,5,0.001392191364898715,0.6163595243952883,-0.04207323708344906,1.9402666091918945,0.0,0.1074540993314029,0.7261539697647095,0.47246500849723816
0.7421226632506529,0.8184324537192516,650,2,2,0.7992151198638766,0.8618320362080764,0.024407026582906777,3.7075164318084717,0.0,0.05097806757541007,0.7318784594535828,0.273173987865448
0.8217853889908222,0.920554819692069,651,2,4,0.013119908232422832,0.569268388331717,0.8294956828244127,3.457620143890381,0.5,0.8924125313204921,0.5754886269569397,0.3269212543964386
0.3983835089367517,0.7420094173702365,652,4,6,0.018877629001830265,0.6891136721659157,0.8946458480016523,4.316608905792236,0.0,0.9120377956171499,0.3429149389266968,0.23945166170597076
0.697668638918763,0.8572328364431175,653,3,3,0.05020964547920815,0.5941938453426019,0.7367479465545301,2.3983709812164307,0.0,0.8772307369259016,0.5592986345291138,0.37647154927253723
0.43285959317366185,0.6244354694295516,654,3,4,0.3965736726861163,0.6214390167139525,0.48113101048747414,2.092867374420166,0.0,0.6635567933147731,0.2604774832725525,0.28051844239234924
0.842102608086196,0.8739516080318955,655,3,3,0.7634993025484369,0.8187397939027042,0.8658774033015384,2.5300586223602295,0.0,0.8935374969803862,0.5489271283149719,0.3941383361816406
0.9162999977603699,0.9098953329579315,656,2,2,0.6593901216178888,0.6852627570423258,-0.07238231876789814,5.876543998718262,0.0,0.08349287522314429,0.7919356226921082,1.4833316802978516
0.6726488468837223,0.8093882436646844,657,2,2,0.013505324005535634,0.5407122232907592,0.6792762758093134,4.471911430358887,0.0,0.8136585681446292,0.5323247313499451,0.1545144021511078
-0.0002656605397325307,0.4873072243588055,658,2,2,0.00013955465617507593,0.5214604928301758,-0.0009665028820184365,6.5014543533325195,0.0,0.10177524991353046,0.61820387840271,4.679340839385986
-0.08856680871714229,0.13282096594012832,659,3,6,0.0030197334134709534,0.5971464991620765,0.05847222678697351,1.1152470111846924,0.5,0.32715879144400445,0.482388436794281,0.35424429178237915
-0.08901971086358083,0.7775348165755367,66,2,2,-0.08235078807516454,0.8053597712856619,-0.036520754059541534,10.685420036315918,0.0,0.02852098862296703,0.665486752986908,0.84079509973526
-0.04842748075277536,0.05575750660185199,660,3,3,0.04593645025724583,0.37117394877128657,0.8546791888008761,4.114221572875977,0.0,0.8584360654024387,0.6069620847702026,0.3847612738609314
0.4175405234363022,0.7297123348983386,661,5,7,-0.004829644780344407,0.6115665102594615,0.43026673999979603,3.921143054962158,0.0,0.5340596627728453,0.4523617923259735,0.523402988910675
0.8388410437708581,0.9387198135321836,662,3,3,-0.004475185986705636,0.6566074051555928,0.8461021562068893,2.0705745220184326,0.0,0.8790929648992314,0.5593733191490173,1.196920394897461
-0.02032800489455833,0.061965257972115856,663,5,6,-0.00393500146075277,0.5378105492457254,0.04941910812361591,2.8493504524230957,0.0,0.3816625599767756,0.25935032963752747,0.5784873962402344
0.8801317930157623,0.8734369719462933,664,2,2,0.7701696331370415,0.7733103938333645,0.8944405493020697,2.7471120357513428,0.0,0.8885697389503735,0.7782019972801208,0.8030431270599365
0.8703702089574025,0.9438092782001094,665,4,4,0.010807375182436305,0.5860421825323814,0.07006989786391808,5.761017799377441,0.0,0.15185959047157602,0.3744600713253021,3.091681957244873
0.6194484348698124,0.6140043020473961,666,2,3,0.46536614032147955,0.5060397998358989,0.6276437754905586,2.61602520942688,0.0,0.6219259679460447,0.7481231689453125,1.1344760656356812
0.9588086200053768,0.9678051168994503,667,4,4,-0.0031490533366490005,0.42040892292036797,0.9779897664380177,5.641775608062744,0.0,0.9828620394112935,0.1931486427783966,0.1582416146993637
,,668,24,0,0.0,0.0,-0.0469061383218195,3.3981263637542725,0.0,0.08633597137673531,3.3335983358323573,0.14339561760425568
0.7273285050262412,0.8780305803496212,669,3,4,0.2551920812075516,0.7032450276121089,0.2892949210738973,5.501572132110596,0.0,0.4570865581886829,0.214491605758667,0.24237795174121857
0.36102797428511607,0.6083227755549736,67,2,2,-0.008861181262031758,0.4356062616066978,0.07807622103692989,4.855821132659912,0.0,0.4398555899371584,0.6981528401374817,0.6217073202133179
0.4746553304019437,0.6092217979135895,670,6,9,0.01343302162495532,0.5917888624738689,0.4956696763519352,3.3586130142211914,0.0,0.6278409823784851,0.13344620168209076,1.1387722492218018
0.5718687042332491,0.8439987006652856,671,2,2,0.0405318191145276,0.7387679666753989,0.5801489368997237,4.907062530517578,0.0,0.6612782392983481,0.7411291599273682,1.659464955329895
0.6325123722454468,0.8177438967317475,672,1,1,0.6325123722454468,0.8177438967317475,0.6700796159277265,2.6761159896850586,0.0,0.8390793887400341,0.5012542605400085,0.5653094053268433
0.6701213653981867,0.8478761386752179,673,2,2,0.44176067845702766,0.7511528910950231,0.09788069298242541,1.942698359489441,0.0,0.19365485984483558,0.6832945942878723,0.32567059993743896
0.8962761089992987,0.9371829105411402,674,3,3,-0.01584271753283019,0.5149567723328099,-0.01921424963999097,3.98042631149292,0.0,0.09726266744274285,0.6242343783378601,4.2292327880859375
0.7350800212907752,0.9023459423035081,675,3,3,0.04279527924413988,0.6957573129637175,0.8617600502739641,4.5779032707214355,0.0,0.8800792303289185,0.5891196131706238,0.21442368626594543
0.7329508176472587,0.8609968766256364,676,2,2,0.0031750113651883433,0.495268779751179,0.9266905371732906,3.3605329990386963,0.0,0.9612974361108162,0.621366024017334,0.7168375253677368
0.22590603973363182,0.45474690118360367,677,2,2,0.09773918254029211,0.5354099147757356,0.22793142570791494,4.6700825691223145,0.0,0.4569888750398641,0.658643364906311,1.3234790563583374
0.658713741674593,0.7176851007319651,678,3,3,-0.02367409501882165,0.45013733648676907,0.6714865833494327,4.505059242248535,0.0,0.7290440261941046,0.5825016498565674,0.6211457848548889
0.06909771652506866,0.22269417475674103,679,3,5,-0.05921156252648049,0.5333714048379884,0.4272826601002222,3.377469301223755,0.0,0.498812506098517,0.35116517543792725,1.3025124073028564
0.3692763391493145,0.6542809665186895,68,2,2,0.07128226387123537,0.502889447235128,0.38711962184234794,3.3659534454345703,0.0,0.6670026424019532,0.6292011141777039,0.20587283372879028
0.6659522932044741,0.8415268941544172,680,4,4,0.23518730232504645,0.6854554256840533,-0.016166449336684468,2.094040632247925,0.0,0.10834567429365907,0.17007382214069366,0.15874359011650085
-0.08338249043752599,0.16863201448129217,681,6,8,-0.0062654570336167035,0.6738562091496791,0.5374012634104612,3.345280170440674,0.0,0.6291770097366836,0.34367045760154724,0.8772886991500854
0.5031883594624277,0.6444929838453501,682,2,3,0.029853960238567755,0.5768389110945151,0.6682689202350598,4.620797634124756,0.0,0.775668166176398,0.5970537066459656,0.9619722366333008
0.0011392197494271624,0.08771106941812937,683,3,3,-0.0009977098965498537,0.4861015758458223,0.0011677927307015543,5.778648376464844,0.0,0.0879749061911117,0.6576470136642456,1.4206093549728394
-0.0053443463878459505,0.048938679245061054,684,1,1,-0.0053443463878459505,0.048938679245061054,-0.005372155608335542,4.182519435882568,0.0,0.0494829462987596,0.4505413770675659,2.7193455696105957
0.09078821156990806,0.5521480444459176,685,2,2,0.2433750186765246,0.6730180928211126,-0.08138919605499353,3.155139923095703,0.0,0.12416419430490118,0.8692017197608948,0.13027441501617432
-0.001123043668668622,0.08500796238655488,686,1,1,-0.001123043668668622,0.08500796238655488,-0.0010560379882109615,2.2586967945098877,0.0,0.0866797999690356,0.5027772784233093,1.3055974245071411
0.608080997317663,0.8425862890584066,687,4,4,0.017366437856725654,0.6720934454993983,-0.01684999546753089,8.747550010681152,0.0,0.02407939319924996,0.37565937638282776,1.2695884704589844
0.00106147539015342,0.41456156369345887,688,2,2,0.017808113784988287,0.5202883529531113,0.015858157705291608,3.0351057052612305,0.5,0.23339946603905895,0.6320785284042358,0.3738519549369812
0.012473495036069086,0.22159201448613222,689,4,6,0.004714280793060388,0.5246172612518787,0.3422884787853939,1.3853358030319214,0.0,0.629834505333672,0.599329948425293,1.0942959785461426
0.0033291274922238384,0.0382637628552215,69,1,1,0.0033291274922238384,0.0382637628552215,0.0033291274922238384,3.175490617752075,0.0,0.0382637628552215,0.7002902030944824,0.16598182916641235
0.8477713622048215,0.94114031043285,690,3,3,0.020976745994581797,0.6498496240591731,0.4781351190132376,2.6063830852508545,0.0,0.5721029130318005,0.6351492404937744,0.5797647833824158
0.539260185518891,0.8006651830466354,691,2,4,0.0018770582833726797,0.5525346647218563,0.5726529728395939,5.488123416900635,0.0,0.7283420123070384,0.34917768836021423,0.9403966665267944
0.7037859898580054,0.8195626554908483,692,3,3,0.7378485519773397,0.8539388367346029,0.029285936556922236,2.005403518676758,0.0,0.09705874608290002,0.5753509998321533,1.7907652854919434
0.877531622309728,0.9396147232799824,693,2,3,0.0010231532605121476,0.5054025357558781,0.8926911584447379,3.5801475048065186,0.0,0.9473561611898808,0.49215763807296753,1.0239698886871338
0.5346897686576989,0.7638989106133613,694,4,6,8.665137266827345e-05,0.5173338673043493,0.26667355698327616,3.3412580490112305,0.0,0.4947064383988082,0.7158820033073425,0.13952025771141052
-0.05455118882934385,0.2096990374064527,695,6,7,0.1077223479125725,0.7158835584288884,0.32102715573872503,2.706852912902832,0.0,0.3853651107866796,0.4520595669746399,1.3248534202575684
0.7374909320869576,0.861714285711003,696,4,4,0.001630730802933353,0.5075411151213246,0.008401513398627011,1.7391077280044556,0.0,0.11346600205428459,0.2472287267446518,2.008246898651123
0.6086340866705056,0.7804218436531921,697,3,9,0.0011571793143671555,0.4593899644111999,0.10802036823120843,3.0569427013397217,0.0,0.3322700280355722,0.7376163005828857,0.8874015808105469
0.8672263347731958,0.9176133168320908,698,3,3,-0.01518131115263003,0.48190343702664257,0.8966874288354468,2.446582555770874,0.0,0.9363999325145566,0.5686712265014648,0.6078475117683411
0.4909711364949925,0.7154637770005079,699,3,4,-0.001389766152666168,0.5026863053232605,0.532415443361973,3.42578387260437,0.0,0.7429973420517754,0.5084086656570435,0.44548457860946655
0.5471626210155263,0.7707507353832284,7,3,3,0.05246293090308905,0.5687109714214933,-0.014073821609795145,6.292342185974121,0.0,0.10039647013620413,0.6819431185722351,0.5493787527084351
0.06121644424187521,0.27635844308871227,70,4,4,0.004163495202928792,0.25385324726602204,0.06233905322430132,5.6495680809021,0.0,0.2785120032637125,0.33895280957221985,0.0273255817592144
0.9343603119616886,0.9753368854501272,700,2,3,0.027279985393748128,0.6675117674383674,0.9314515635672529,6.13264799118042,0.0,0.9481260265762337,0.5967775583267212,0.6570743918418884
0.77629955801681,0.886057726906456,701,3,3,-0.0012352772413788168,0.4796294142711182,0.18376750525497768,3.348613739013672,0.0,0.4033461629062654,0.5993608236312866,0.327895849943161
0.3166852385426037,0.6918366034085663,702,3,4,0.6429557599529566,0.8754965939312637,0.37774161890273683,2.3056445121765137,0.0,0.720542686961323,0.3930778205394745,0.24194632470607758
0.37521279928417745,0.6497572195218938,703,4,6,-0.005688659906369174,0.4752119188274461,-0.0020286630425064506,2.727905750274658,0.0,0.16180100434010639,0.644631564617157,0.7645422220230103
0.9160513027495502,0.8917087238515976,704,3,4,-0.01521067982319461,0.4705042625050858,-0.024404060720418896,1.8364882469177246,0.0,0.45022042615620356,0.35026970505714417,0.5716615915298462
0.7615072699263608,0.8828733144205068,705,4,5,0.003029645172925177,0.5295446790760666,0.760764792947666,3.1045620441436768,0.0,0.8602322531097281,0.39459875226020813,0.8361612558364868
0.6533848381063195,0.824511486818199,706,3,3,0.014284233783382567,0.5075473609556022,-0.0021061362584723214,7.572598457336426,0.0,0.07350256772197167,0.6532606482505798,0.1407487690448761
0.330593050730688,0.5585734230218085,707,2,2,0.18742615758285697,0.49167943945589737,0.0044653064933413865,3.05047869682312,1.0,0.14976393680735936,0.639684796333313,0.29320672154426575
,,708,24,0,0.0,0.0,0.24457825699700442,4.769697189331055,2.5,0.7574846366053725,3.726538610458374,0.651463508605957
0.6686983200788077,0.8747991772654597,709,2,2,0.648142219904745,0.8674229356486115,0.01804072276591984,5.516135215759277,0.0,0.021240831295789422,0.8236923217773438,0.860441267490387
0.3897629906730709,0.7153462065277038,71,4,4,-0.003367043993544246,0.6387654829484869,-0.014600209334425471,6.469304084777832,0.0,0.025668449197746575,0.4549230933189392,2.6809322834014893
,,710,24,0,0.0,0.0,0.02420111710280242,3.3103508949279785,0.0,0.05523038605195996,2.814093142747879,1.1027950048446655
0.8372386217326327,0.9476881780198639,711,2,2,0.900814784684466,0.9689482417757946,-0.020887781814890982,3.9668118953704834,0.0,0.022203509663871274,0.7224358320236206,4.653155326843262
0.6998388289007773,0.8690930098184023,712,3,3,0.0038920511812104417,0.6144087905658117,0.8648701224547864,5.824611663818359,0.0,0.9081918889321152,0.5960106253623962,0.10359911620616913
0.15803903490497273,0.22513800424532848,713,3,3,-0.047248060063718615,0.5150704554748946,0.15948756576949888,1.3899201154708862,0.0,0.2270566261982042,0.5958091616630554,1.0669348239898682
0.1989776070972929,0.36458645058731476,714,5,6,-0.0009633354551444621,0.5123238876692084,0.20250184933815352,2.56406569480896,0.0,0.368937179161693,0.16776707768440247,0.790243923664093
0.8275968703702322,0.8598450817063841,715,2,3,0.08788743485098154,0.7068930122378942,0.8412561440978776,4.598862171173096,0.0,0.8713061214557674,0.5619019269943237,0.37849894165992737
0.5917564911867687,0.6776392307465915,716,4,5,-0.015589851028337947,0.4709775139262483,0.021491287094513752,1.680322527885437,0.0,0.09324262382067201,0.28131648898124695,1.062819004058838
0.3196654757547524,0.562877466108154,717,1,2,0.44845503000255926,0.6676285062362929,0.46724501486628367,0.968495786190033,0.0,0.6817785527417223,0.5432319045066833,0.7460974454879761
-0.04442729199373402,0.03729933197441373,718,1,1,-0.04442729199373402,0.03729933197441373,-0.04444118858290959,2.9658803939819336,0.0,0.03731421004859579,0.8301346302032471,0.5644182562828064
0.007130118530973506,0.16638224072123983,719,5,6,0.004953127912473056,0.4052630071868537,0.09955977615527835,2.0080041885375977,0.0,0.36575789108516715,0.7011210918426514,0.07053772360086441
0.8569285790588289,0.9508367606069579,72,2,2,-0.015121129360425886,0.7021694877433672,0.9752660493782753,3.945077896118164,0.0,0.9781901372598973,0.7618287205696106,2.569671392440796
0.9120052742964901,0.964434853280557,720,3,3,0.04082519464908272,0.6367236195632531,0.8576937370720934,2.6678221225738525,0.0,0.9023104795026007,0.5886451005935669,1.4267776012420654
0.6002067655306758,0.8199996283272565,721,3,4,0.03705424775140465,0.6063281824863667,-0.030631740224393144,3.1618106365203857,0.0,0.08344794260847592,0.6113224625587463,1.8564096689224243
0.8753210193585398,0.9286560679326125,722,4,4,-0.010728611575989592,0.49863680403664035,0.1268337489405039,3.3988568782806396,0.0,0.4309640036495179,0.07976151257753372,0.7965962886810303
0.6822227697482044,0.8031530408761167,723,3,3,0.45100056527884747,0.6990345105741271,-0.0013577811288583814,3.0194814205169678,0.0,0.1863383754736222,0.6215137243270874,1.227264165878296
0.8368202483973627,0.8782941595428563,724,1,2,0.8527421479513599,0.8905804843291628,0.8487321315871054,2.6881606578826904,0.0,0.8875024110852301,0.583193838596344,0.7536512613296509
0.6909526290905902,0.8974685849544786,725,3,3,0.004928603768340763,0.7456938770616935,0.8089874756952342,4.092463493347168,0.0,0.8215850986046239,0.5381383895874023,2.086960792541504
0.9106526464255018,0.9116608950422493,726,4,4,-0.0043867377140835995,0.746774358610438,0.9693691131365533,5.901094913482666,0.0,0.9690335988882264,0.23047186434268951,0.22576193511486053
0.7566797752002198,0.8724048697263059,727,3,5,0.00040923624332900326,0.48128316756096273,-2.9817383981212233e-05,1.6415674686431885,0.0,0.02120369014490788,0.6577984094619751,1.175782561302185
0.7426157380300257,0.8683401167592988,728,3,3,0.004322299944387224,0.5128929957338998,0.018701665136658045,4.819167613983154,0.0,0.15735608482594474,0.6106438040733337,0.10784687846899033
0.009632093893587297,0.18083685733161764,729,2,2,0.1759037676671565,0.5817344589359449,0.012666749463256006,3.3891654014587402,0.0,0.19285793500950582,0.6790769696235657,0.5589935183525085
0.9271408617956418,0.9566008583674565,73,4,4,-0.01513764254277503,0.509744826200143,-0.0028547783248626126,4.461070537567139,0.0,0.22135347140086534,0.2871870994567871,0.7511274814605713
0.15731217972040235,0.5770407028453708,730,4,4,0.542214529969713,0.8225557809308383,-0.022560529022925834,2.6345596313476562,0.0,0.04129837112353653,0.12815001606941223,0.14083315432071686
0.0017885433900303978,0.4533295979141097,731,4,5,0.0548321535724483,0.7423484175129049,0.06954576032554241,3.678415536880493,0.0,0.06652881059344443,0.23739531636238098,0.05791299417614937
0.6426566963894329,0.7172795571350267,732,2,3,0.8391235786689764,0.8797967039550109,0.7971841190384196,4.375135898590088,0.5,0.8457054376511348,0.6242900490760803,0.12160837650299072
0.7211534235082178,0.8639996171657941,733,2,3,0.5533885538463003,0.7930797924761263,0.7392913808422051,2.156683921813965,0.0,0.8735764187918769,0.7889302968978882,0.7319361567497253
0.8485866361300869,0.9337474120061572,734,4,5,0.01745717528668808,0.596673249700152,-0.00718609334517468,7.082767963409424,0.0,0.020899808551324416,0.4098595678806305,11.405518531799316
0.7519970835563938,0.8798055678205942,735,2,2,-0.007190252943404,0.5021499345640795,0.8261529648897779,5.074608325958252,0.0,0.9175872735205746,0.651220440864563,0.19774039089679718
0.2739970807939004,0.6808392875078956,736,1,1,0.2739970807939004,0.6808392875078956,0.30081470433068935,3.0683300495147705,0.0,0.6977457985272328,0.5130554437637329,0.8965814113616943
-0.037174096973319797,0.029220539342423923,737,2,2,-0.09461325329158442,0.1876468415218414,-0.03778287409647315,12.526002883911133,0.0,0.029826376062039285,0.8029512763023376,3.2499032020568848
0.08110153517587655,0.49342735599548276,738,2,2,0.03962918850310148,0.4012301359368808,0.7917545274356104,1.4141526222229004,0.0,0.8330794805011005,0.5707371234893799,0.5909945964813232
0.8191364932335384,0.9081956963428948,739,3,3,0.013153555869507864,0.5234381819753734,0.7290935171122943,4.0945844650268555,0.0,0.8489304812786935,0.5414307713508606,0.6955703496932983
0.8985040729224206,0.9640075773487546,74,2,2,0.07072280722647845,0.7079673372640891,0.8563543790191472,4.433864116668701,0.0,0.8786375105056464,0.8383365273475647,1.4038320779800415
0.9531443460849736,0.9642292420641476,740,3,3,-0.03952517661074358,0.47510736071989546,-0.060351462077684694,2.4684255123138428,0.5,0.22805767599622043,0.6302449107170105,0.9377631545066833
0.7525222918014357,0.8742531777519663,741,2,2,0.20920775471508476,0.6294110006196986,0.19890392950027505,1.1779268980026245,0.5,0.4305887464687582,0.5559326410293579,0.8989028930664062
0.6474113837048205,0.7611060149340774,742,3,6,0.010995086644653835,0.5654892682086489,0.6916665033463958,4.467647552490234,0.5,0.7939981653728607,0.5275251269340515,0.22902600467205048
0.24818089563165188,0.5519708762216421,743,1,1,0.24818089563165188,0.5519708762216421,0.2570496202125458,2.8282766342163086,0.0,0.5600167293995817,0.5118117332458496,0.3703806698322296
0.20336342441062538,0.6097799622258407,744,2,2,0.22563004829453645,0.7378199391431218,0.11444407599669966,2.3954083919525146,0.5,0.38306186981569396,0.46765926480293274,0.932869017124176
0.8602941032884643,0.9442370642615581,745,3,5,-0.00020163268390882422,0.6261236421260052,0.011787824795508047,11.08118724822998,0.0,0.021265113836878104,0.4576393961906433,9.891982078552246
0.9017274723079433,0.952675903281974,746,2,2,0.05620847551601467,0.571866540554542,0.9335473386850031,2.6697311401367188,0.0,0.9682694919806124,0.7064872980117798,0.9410561919212341
0.9337470984622319,0.968921920133299,747,3,4,0.06337612116253262,0.5863313775773932,0.5380270589957946,2.9272801876068115,0.0,0.710114631345059,0.5588247179985046,0.9359424710273743
0.917777802887672,0.97194228412692,748,3,3,0.0731955559356837,0.7256921125282388,0.7609658568376404,5.883343696594238,0.0,0.7880563560653601,0.666053056716919,0.22674210369586945
0.8028424276209503,0.9085541289111767,749,2,2,0.004877844589677074,0.5307212822789426,0.7561409114432294,5.585039138793945,0.0,0.8619459878515003,0.5030313730239868,0.4498365819454193
0.0019057748510067827,0.02191889218591114,75,1,1,0.0019057748510067827,0.02191889218591114,0.0019059736629752828,2.1733860969543457,0.0,0.02195758822594169,0.5638260245323181,0.5729662775993347
0.7209152780292422,0.8396124865382161,750,3,6,-0.0016697063051753127,0.5140606595976367,0.7266201435534874,2.6905174255371094,0.0,0.8616761594734087,0.5020517706871033,0.27045029401779175
0.44408405862066047,0.6233057083083289,751,4,4,0.023418891416375587,0.49468052012589503,0.06158286822458449,2.7747931480407715,0.0,0.33631944232018735,0.08307864516973495,1.002023458480835
0.8627004828190638,0.9408854713403568,752,3,3,0.01769795351811992,0.5921142359480153,0.8456516892348392,3.8426926136016846,0.0,0.8998599301605874,0.6241634488105774,1.0914857387542725
0.27885832482631956,0.607389279764089,76,2,3,0.003455376701971683,0.44022853043543697,0.35364972883279894,1.753527045249939,0.0,0.6639399675477827,0.5432608127593994,0.979438066482544
0.23820798518632957,0.5845471320302126,77,1,1,0.23820798518632957,0.5845471320302126,0.24922635847015862,1.1966627836227417,0.0,0.5933807074689121,0.587797999382019,0.3253476917743683
0.4153242310477821,0.6781984657229487,78,2,2,0.18839625773244004,0.5910526731398916,0.02489845393777913,3.3391995429992676,0.0,0.15051034793802226,0.6395154595375061,0.6305644512176514
0.5774255707654731,0.7312617956310137,79,2,2,0.45037649447033407,0.6649606962800678,-0.01281393610572784,2.9517083168029785,0.0,0.07898543992132118,0.7384244203567505,0.6459168791770935
0.8340739232311469,0.8784873807296096,8,2,3,0.8221663267643912,0.8707587871823996,0.8430204802411962,2.0922353267669678,0.0,0.8860055718323574,0.5733107924461365,0.4780193865299225
0.9137574000677726,0.9592510333735602,80,1,2,0.925600898590711,0.9649577395244464,0.9379731274360451,4.277591228485107,0.0,0.9709153649413965,0.3842262029647827,0.7053136825561523
0.6945064594966703,0.6609503393990597,81,1,1,0.6945064594966703,0.6609503393990597,0.7143242576350632,1.7742952108383179,0.0,0.6826340187723448,0.6322823166847229,2.155944585800171
-0.032302584849120866,0.4151119529183317,82,2,3,-0.09213857757056801,0.5952068286270781,-0.026266195298753573,2.2555441856384277,0.0,0.42413583169799884,0.5756690502166748,0.1964023858308792
0.8226403257040859,0.8679153044673901,83,2,2,-0.05280747284570937,0.574387341608698,0.8293952766948681,1.5340626239776611,0.0,0.873976590451592,0.5571275353431702,1.039005994796753
,,84,24,0,0.0,0.0,-0.014612238986035194,3.5955474376678467,1.5,0.12197916860746243,2.908881732821465,0.5259237885475159
0.7854341809705695,0.8766187897270494,85,3,3,-0.003396427127105237,0.5216798673769693,0.8199331658202107,2.069708824157715,0.0,0.8975284425194388,0.5692805051803589,1.1783994436264038
0.6321903858080583,0.823042878905815,86,3,3,0.1206775436224852,0.6051915001893239,0.2193768344828482,2.2841334342956543,0.0,0.47041581173120717,0.5560060143470764,0.6207256317138672
,,87,24,0,0.0,0.0,0.07618598326411485,1.8217829465866089,0.0,0.1232005356534717,1.585778969526291,0.5244532823562622
0.6684548291506054,0.810615390724204,88,6,7,0.2765536501547563,0.6234997417257954,0.0016239008708814758,1.5021106004714966,0.0,0.08640472237562662,0.16679678857326508,0.9277092814445496
,,89,24,0,0.0,0.0,0.05865869003860671,2.2637221813201904,0.5,0.11791742013172153,1.7768401354551315,0.7486267685890198
0.62775974665666,0.7562557923962479,9,2,3,-0.0172307251396043,0.4581317906699931,0.6309871394802887,4.174461364746094,0.0,0.7614278791753544,0.6104834079742432,0.8679224252700806
0.02388186667353034,0.1511065006902567,90,1,1,0.02388186667353034,0.1511065006902567,0.024605952055381193,3.1150729656219482,0.0,0.15344052558650206,0.5284526348114014,0.4031342566013336
0.5304600043976017,0.5321436742149046,91,1,1,0.5304600043976017,0.5321436742149046,0.5189329714005771,1.7293200492858887,0.0,0.5207738027188228,0.6753580570220947,0.9654416441917419
0.009032489065552386,0.014336553126540124,92,4,9,0.5096475852783713,0.6390722515583321,0.6329238508932453,4.938090801239014,2.0,0.7112451704713915,0.6976833343505859,1.3819786310195923
0.4050579334042985,0.503303181212488,93,2,3,0.47713818670311653,0.5868204927592215,0.5368936699105661,2.642122268676758,0.0,0.629027340170454,0.5679247975349426,0.3265025317668915
,,94,24,0,0.0,0.0,-0.009701371915126867,3.3316407203674316,0.0,0.12055656151662748,2.8987269282341,0.9620306491851807
0.9118690601459323,0.9315196178353922,95,3,5,-0.0034377890637239707,0.6471111706498698,-0.011951171866857612,0.7930166125297546,0.0,0.36798351177086897,0.23120129108428955,0.8436459302902222
0.7004356357344874,0.8323293874287818,96,3,3,0.10747212347365313,0.5463870233765034,0.1782294708569561,2.4035837650299072,0.0,0.4378117351320529,0.6411414742469788,1.5394471883773804
0.7729952314101554,0.913420247086576,97,5,7,0.0008430551507230978,0.671615512362628,0.7939204897913952,1.748565435409546,0.0,0.8313305871722735,0.46005675196647644,1.0299997329711914
0.947936890413834,0.9673162998835914,98,2,3,-0.011697088620760101,0.5659947181415348,0.8759323575802396,2.4339253902435303,0.5,0.9465299338258647,0.6827110052108765,0.37143558263778687
0.6889110737450225,0.8771179766412162,99,4,4,0.04229643566994306,0.6835527783965895,0.02653096391666546,5.9640727043151855,0.0,0.03504522762080448,0.3952430486679077,1.003381609916687
