image_id,valid_fraction,overlap_fraction,void_fraction,TextureSAM_0p3_mode,TextureSAM_0p3_present,TextureSAM_0p3_mask_count,TextureSAM_0p3_direct_miou,TextureSAM_0p3_direct_ari,TextureSAM_0p3_invariant_miou,TextureSAM_0p3_invariant_ari,ArchiTexture_small_pre_ring_hi_0p3_mode,ArchiTexture_small_pre_ring_hi_0p3_present,ArchiTexture_small_pre_ring_hi_0p3_mask_count,ArchiTexture_small_pre_ring_hi_0p3_direct_miou,ArchiTexture_small_pre_ring_hi_0p3_direct_ari,ArchiTexture_small_pre_ring_hi_0p3_invariant_miou,ArchiTexture_small_pre_ring_hi_0p3_invariant_ari
0,1.0,0.0,0.0,mask_bank,True,2,0.4615137532358524,0.8203640047815436,0.9006338701693354,0.8203640047815436,single_mask,True,1,0.002057255834454951,0.8477868773695852,0.8889335281194707,0.8477868773695852
1,1.0,0.0,0.0,mask_bank,True,4,0.9678625108753899,0.9359951772981693,0.5324541637305737,0.4429802406622116,single_mask,True,1,0.0,0.006745508944988299,0.07206513813482933,0.006745508944988299
2,1.0,0.0,0.0,mask_bank,True,4,0.23172410901825397,0.3371719986199837,0.47345798164005887,0.3371719986199837,single_mask,True,1,0.17366956060677702,-0.016800545188210485,0.17366956060677702,-0.016800545188210485
3,1.0,0.0,0.0,mask_bank,True,3,0.2900626568362794,0.4422777782331931,0.5849468368011247,0.4422777782331931,single_mask,True,1,0.01987800196212141,-0.008575317190785059,0.1153192803640054,-0.008575317190785059
4,0.9553571428571429,0.0003170894526034713,0.04432576769025367,mask_bank,True,3,0.48368809867259027,0.8857724369498402,0.6343245629274749,0.5905149579665602,single_mask,True,1,0.0,0.0,0.0,0.0
5,1.0,0.0,0.0,mask_bank,True,5,0.9103730664208358,0.8922862926421555,0.3275318623545828,0.17255954405224622,single_mask,True,1,0.0,-0.044508526780474955,0.06857992565045565,-0.044508526780474955
6,1.0,0.0,0.0,mask_bank,True,4,0.10829926675680812,0.006483741688441808,0.20906728502071867,0.06317782765750823,single_mask,True,1,0.0,0.1628123718577278,0.38767545360912237,0.1628123718577278
7,1.0,0.0,0.0,mask_bank,True,3,0.2927555805194658,0.3655172614033038,0.5300063965280621,0.3655172614033038,single_mask,True,1,0.10039647013620413,-0.014073821609795145,0.10039647013620413,-0.014073821609795145
8,0.9894616772787633,0.001451360277843985,0.009086962443392693,mask_bank,True,3,0.8910112099568022,0.8513292301040309,0.5959536974337941,0.5663396337463857,single_mask,True,1,0.9007142507694086,0.8635564666269506,0.9007142507694086,0.8635564666269506
9,1.0,0.0,0.0,mask_bank,True,3,0.7562557923962479,0.62775974665666,0.6349131394958675,0.3505285447380237,single_mask,True,1,0.7614278791753544,0.6309871394802887,0.7614278791753544,0.6309871394802887
10,1.0,0.0,0.0,mask_bank,True,3,0.30922798080664654,0.4951780270004708,0.5886887597397591,0.4951780270004708,single_mask,True,1,0.0001924112983907011,0.7732446257114378,0.8658566025519766,0.7732446257114378
11,1.0,0.0,0.0,mask_bank,True,5,0.39307454367194394,0.24620741852512767,0.5792990626556869,0.24620741852512767,single_mask,True,1,0.9925514326117838,0.9793430349473432,0.9925514326117838,0.9793430349473432
12,0.9760670148277096,0.0006296529501092633,0.023303332222181068,mask_bank,True,3,0.32935526318322067,0.5778445285576354,0.6409707189976234,0.5778445285576354,single_mask,True,1,8.373267377744903e-05,0.9275306370778473,0.945573335856556,0.9275306370778473
13,0.9900270583687669,0.0003221234377013272,0.009650818193531762,mask_bank,True,3,0.2989415867926687,0.577312048426616,0.6182488133002632,0.577312048426616,single_mask,True,1,0.8896578374185174,0.8419329175195397,0.8896578374185174,0.8419329175195397
14,1.0,0.0,0.0,mask_bank,True,3,0.468873693198017,0.4478230815729958,0.6012344668804124,0.32013369609161385,single_mask,True,1,0.0,0.07543410830151313,0.5067133424901256,0.07543410830151313
15,1.0,0.0,0.0,mask_bank,True,1,0.01947878680058935,0.8065242884056192,0.9006294586579888,0.8065242884056192,single_mask,True,1,0.027530541012096288,0.8442214084095129,0.9221176081853145,0.8442214084095129
16,1.0,0.0,0.0,mask_bank,True,5,0.6186183048574586,0.44466759678365436,0.4322666968571709,0.27935969803571586,single_mask,True,1,0.8833038257187029,0.792664524687007,0.8833038257187029,0.792664524687007
17,1.0,0.0,0.0,mask_bank,True,2,0.4082331846630638,0.6071928972423806,0.7843994300805467,0.6071928972423806,single_mask,True,1,0.002552072086215764,0.5301477852112381,0.7688257586693412,0.5301477852112381
18,1.0,0.0,0.0,mask_bank,True,6,0.17530963694554966,0.3192281260226713,0.4695388756463579,0.3192281260226713,single_mask,True,1,0.11726315789411966,0.008843307290521081,0.11726315789411966,0.008843307290521081
19,1.0,0.0,0.0,mask_bank,True,3,0.2752693991644,0.5111842762737316,0.5964597900257772,0.5111842762737316,single_mask,True,1,0.7927755195941923,0.6242637697423211,0.7927755195941923,0.6242637697423211
20,1.0,0.0,0.0,mask_bank,True,2,0.9533588475031788,0.9403352552941404,0.9219941509303833,0.8286926133727839,single_mask,True,1,0.9609464879793509,0.9499175015281266,0.9609464879793509,0.9499175015281266
21,1.0,0.0,0.0,mask_bank,True,2,0.0037537734725121147,0.3784112068870223,0.46482212960481545,0.3784112068870223,single_mask,True,1,0.00539890343514966,-0.006788926598971302,0.04233952888997488,-0.006788926598971302
22,1.0,0.0,0.0,mask_bank,True,3,0.1785017194725529,0.503234910596456,0.6306980727867354,0.4688979990208973,single_mask,True,1,0.003335757422450223,0.9800751002689264,0.9882002605583912,0.9800751002689264
23,0.9939690915944214,0.0007538635506973238,0.005277044854881266,mask_bank,True,3,0.3233045107262287,0.6287089418756401,0.6477355967245955,0.6287089418756401,single_mask,True,1,0.9758131315893318,0.9575847753235801,0.9758131315893318,0.9575847753235801
24,1.0,0.0,0.0,mask_bank,True,4,0.18506911844198037,0.22062265035151857,0.3530547943939421,0.22062265035151857,single_mask,True,1,0.10553172770239627,0.04209381461885773,0.10553172770239627,0.04209381461885773
25,1.0,0.0,0.0,mask_bank,True,3,0.31230177986459173,0.4887144299175243,0.6038186954658277,0.4887144299175243,single_mask,True,1,0.057077291147614485,0.0075743172487029616,0.10251273538948821,0.0075743172487029616
26,1.0,0.0,0.0,mask_bank,True,4,0.25984392732551254,0.41958443809601675,0.5000853684036589,0.41958443809601675,single_mask,True,1,0.043372676463683424,-0.017539618413720412,0.043372676463683424,-0.017539618413720412
27,1.0,0.0,0.0,mask_bank,True,3,0.4842862914199351,0.5367418721032491,0.7070140715409096,0.6671591323903572,single_mask,True,1,0.00014246028919421793,0.9706002350668906,0.9776135622655306,0.9706002350668906
28,1.0,0.0,0.0,mask_bank,True,4,0.48598845298326887,0.48097554800781706,0.49004367006653604,0.43171218974063036,single_mask,True,1,0.0,0.0014576893141914633,0.014253217771849885,0.0014576893141914633
29,1.0,0.0,0.0,mask_bank,True,5,0.17872537029282598,0.26845250523387126,0.4980618120482177,0.26845250523387126,single_mask,True,1,0.0020944095376103818,0.7416130732960033,0.8693531283077458,0.7416130732960033
30,1.0,0.0,0.0,mask_bank,True,2,0.3140831162040981,0.3972448902632294,0.6316092294275326,0.3972448902632294,single_mask,True,1,0.5270028612256169,0.487126677391162,0.5270028612256169,0.487126677391162
31,1.0,0.0,0.0,mask_bank,True,2,0.9351207266868479,0.9012127798935707,0.7535568337216666,0.5580231307905573,single_mask,True,1,0.9529070820478875,0.9278043014524152,0.9529070820478875,0.9278043014524152
32,1.0,0.0,0.0,mask_bank,True,6,0.23629372512287897,0.35756321756652365,0.3949504607203678,0.25844280576788514,single_mask,True,1,0.005453717103492719,0.2546690285933372,0.4359688978396272,0.2546690285933372
33,1.0,0.0,0.0,mask_bank,True,2,0.4469545839234045,0.3791122753748251,0.4469545839234045,0.3791122753748251,single_mask,True,1,0.8614338542267411,0.7684228492595936,0.8614338542267411,0.7684228492595936
34,1.0,0.0,0.0,mask_bank,True,7,0.06474518269519237,0.16168313519821378,0.20159038773607194,0.16223229805437125,single_mask,True,1,0.15861784219357142,0.4050820119567075,0.4641044066842901,0.4050820119567075
35,0.9621559633027523,0.0,0.03784403669724771,mask_bank,True,3,0.6009112210198144,0.8719518323106503,0.913163881770743,0.8719518323106503,single_mask,True,1,0.9082604022654056,0.903029008984579,0.9082604022654056,0.903029008984579
36,1.0,0.0,0.0,mask_bank,True,1,0.7625062740441483,0.5709047085065642,0.7625062740441483,0.5709047085065642,single_mask,True,1,0.7915347442027034,0.6155913333437154,0.7915347442027034,0.6155913333437154
37,1.0,0.0,0.0,mask_bank,True,4,0.25852162574192367,0.24095286927954318,0.3614160642475487,0.17771456787971351,single_mask,True,1,0.0,-0.011242029391600707,0.15782073813615805,-0.011242029391600707
38,1.0,0.0,0.0,mask_bank,True,2,0.7785295174221308,0.6550866836139426,0.39323535220089645,0.3263881585025182,single_mask,True,1,0.0,-0.002322883147428947,0.00798585057347341,-0.002322883147428947
39,1.0,0.0,0.0,mask_bank,True,3,0.42134568100216296,0.7413242531583254,0.5798412999036922,0.49388574242290656,single_mask,True,1,0.8296028880850237,0.6988970756803515,0.8296028880850237,0.6988970756803515
40,0.9927611955441025,0.0036219385995170748,0.0036168658563804964,mask_bank,True,3,0.3153865339858268,0.5182234447580844,0.6024239303008856,0.5182234447580844,single_mask,True,1,0.00024231209798206764,0.7314360084535129,0.8564930196737215,0.7314360084535129
41,1.0,0.0,0.0,mask_bank,True,1,0.7294867494080544,0.5460985027239393,0.7294867494080544,0.5460985027239393,single_mask,True,1,0.7534531312809879,0.5806006742343255,0.7534531312809879,0.5806006742343255
42,1.0,0.0,0.0,mask_bank,True,4,0.17425047128124177,0.22136916972581347,0.3687665247963043,0.22136916972581347,single_mask,True,1,0.01957117383543004,0.2394722873976535,0.24981631153196449,0.2394722873976535
43,1.0,0.0,0.0,mask_bank,True,3,0.2638350366122077,0.40921931262687194,0.5483905140541341,0.40921931262687194,single_mask,True,1,0.0101791056373201,-0.005657600514958483,0.06852444038349606,-0.005657600514958483
44,1.0,0.0,0.0,mask_bank,True,3,0.33098875933932304,0.5748308114849068,0.648053166822035,0.5748308114849068,single_mask,True,1,0.9399858338224186,0.901761274074513,0.9399858338224186,0.901761274074513
45,1.0,0.0,0.0,mask_bank,True,1,0.9090706018667415,0.7908704806258499,0.9090706018667415,0.7908704806258499,single_mask,True,1,0.9116493784575327,0.7956661266098675,0.9116493784575327,0.7956661266098675
46,1.0,0.0,0.0,mask_bank,True,4,0.4276675314614126,0.3476546617762782,0.27997088770171424,0.18359707346432982,single_mask,True,1,0.0,0.021642007955406127,0.13747615153917975,0.021642007955406127
47,0.9816031746031746,0.0002380952380952381,0.01815873015873016,mask_bank,True,6,0.474441224840326,0.4571529202990446,0.310347245905581,0.26903139972140405,single_mask,True,1,0.0,-0.004312751742521731,0.01432712676994557,-0.004312751742521731
48,1.0,0.0,0.0,mask_bank,True,4,0.23654006417092638,0.20586600261905644,0.4461745820561851,0.20586600261905644,single_mask,True,1,0.3794156202563307,-0.04375071082179288,0.3794156202563307,-0.04375071082179288
49,1.0,0.0,0.0,mask_bank,True,2,0.8257870635351294,0.6943228344539406,0.41997170263882144,0.3458571521659087,single_mask,True,1,0.0,-0.002625143605050709,0.014255859083409822,-0.002625143605050709
50,1.0,0.0,0.0,mask_bank,True,3,0.24759887459749055,0.44373536880495096,0.5633008897397623,0.44373536880495096,single_mask,True,1,0.4776699029116132,0.31052660156880185,0.4776699029116132,0.31052660156880185
51,1.0,0.0,0.0,mask_bank,True,2,0.3713467843100522,0.764373827821698,0.8489926851435672,0.764373827821698,single_mask,True,1,0.00030757219074189514,0.9330700020676944,0.9720762217838229,0.9330700020676944
52,1.0,0.0,0.0,mask_bank,True,3,0.31274613700249915,0.4412262576912372,0.5926520796422543,0.4412262576912372,single_mask,True,1,0.02871132873342582,0.0031884498993003064,0.09435718440899152,0.0031884498993003064
53,1.0,0.0,0.0,mask_bank,True,2,0.43553235890636033,0.46096613177460694,0.6550036242573452,0.46096613177460694,single_mask,True,1,0.003797743055547314,0.15338408362486797,0.44950609789622675,0.15338408362486797
54,1.0,0.0,0.0,mask_bank,True,4,0.2607908240261477,0.10864826283879281,0.42584762340392723,0.30702096492540004,single_mask,True,1,0.015219152620434303,-0.011113366313349703,0.015219152620434303,-0.011113366313349703
55,1.0,0.0,0.0,mask_bank,True,4,0.2343219786974012,0.05582364220699252,0.28035054756462924,0.09049309759948215,single_mask,True,1,0.0298091042582246,-0.0003677598076434648,0.0298091042582246,-0.0003677598076434648
56,1.0,0.0,0.0,mask_bank,True,4,0.9437221159944432,0.8993661192194071,0.43305109599171976,0.2914204360404146,single_mask,True,1,0.0,-0.006145769206836823,0.07486256332846054,-0.006145769206836823
57,0.9900990099009901,0.0,0.009900990099009901,mask_bank,True,5,0.49006181912599184,0.7059809771334323,0.4242442702881365,0.3080723916448932,single_mask,True,1,2.055456208501253e-05,0.8106995782657526,0.8999411418446147,0.8106995782657526
58,1.0,0.0,0.0,mask_bank,True,3,0.4312715377832306,0.3182021383140631,0.5120799138441331,0.3473888255538982,single_mask,True,1,0.10588627647068628,0.02001832416548055,0.10588627647068628,0.02001832416548055
59,0.9564127836262215,8.388206182107957e-05,0.04350333431195739,mask_bank,True,4,0.48178038487182684,0.46446392948129306,0.4488649873650797,0.38124190575936306,single_mask,True,1,0.0,-0.0012946475803526805,0.047782793974836965,-0.0012946475803526805
60,1.0,0.0,0.0,mask_bank,True,1,0.7245888974706859,0.4457484169716813,0.7245888974706859,0.4457484169716813,single_mask,True,1,0.7418331309989464,0.47408247943319726,0.7418331309989464,0.47408247943319726
61,1.0,0.0,0.0,mask_bank,True,3,0.3084232438252343,0.6016501326005064,0.6319873574333632,0.6016501326005064,single_mask,True,1,0.9131199149559952,0.8834550969554528,0.9131199149559952,0.8834550969554528
62,1.0,0.0,0.0,mask_bank,True,5,0.16183761501969632,-0.046619133184205325,0.16183761501969632,-0.046619133184205325,single_mask,True,1,0.3788644989803029,-0.04288475132632338,0.3788644989803029,-0.04288475132632338
63,1.0,0.0,0.0,mask_bank,True,5,0.29724137172144643,0.2565788884538365,0.36015376094137264,0.14349248831373881,single_mask,True,1,0.003953903274018429,0.572333616802394,0.8077017799153527,0.572333616802394
64,0.9792058270676691,0.0,0.020794172932330827,mask_bank,True,2,0.9587915912526855,0.9514345147802954,0.952872377797694,0.9010452636551449,single_mask,True,1,0.9729980514012573,0.9680839087753087,0.9729980514012573,0.9680839087753087
65,0.9779783275314556,0.0,0.022021672468544366,mask_bank,True,5,0.4638874227099155,0.4424000424503643,0.38900766590225755,0.2786847611854402,single_mask,True,1,0.0,-0.03998353637863367,0.111253219335089,-0.03998353637863367
66,1.0,0.0,0.0,mask_bank,True,2,0.4041930654081956,-0.06392493390031166,0.4041930654081956,-0.06392493390031166,single_mask,True,1,0.02852098862296703,-0.036520754059541534,0.02852098862296703,-0.036520754059541534
67,1.0,0.0,0.0,mask_bank,True,2,0.2901435488097009,0.21829902398844087,0.5225617686383199,0.21829902398844087,single_mask,True,1,0.4398555899371584,0.07807622103692989,0.4398555899371584,0.07807622103692989
68,0.9630401234567901,0.0,0.036959876543209876,mask_bank,True,2,0.6542809665186895,0.3508876940307651,0.5253230797716495,0.29653689074772394,single_mask,True,1,0.6670026424019532,0.369031534779708,0.6670026424019532,0.369031534779708
69,1.0,0.0,0.0,mask_bank,True,1,0.0,0.0033291274922238384,0.0382637628552215,0.0033291274922238384,single_mask,True,1,0.0,0.0033291274922238384,0.0382637628552215,0.0033291274922238384
70,1.0,0.0,0.0,mask_bank,True,4,0.15289143789777868,0.029954775796062705,0.13163297891108217,0.026517745220052222,single_mask,True,1,0.2785120032637125,0.06233905322430132,0.2785120032637125,0.06233905322430132
71,1.0,0.0,0.0,mask_bank,True,4,0.30980703445467445,0.4092661653530214,0.465887727119075,0.3033635686233515,single_mask,True,1,0.0,-0.014600209334425471,0.025668449197746575,-0.014600209334425471
72,1.0,0.0,0.0,mask_bank,True,2,0.4767568817395776,0.9080437407415187,0.9573696742153099,0.9080437407415187,single_mask,True,1,0.0026804066440716066,0.9752660493782753,0.9781901372598973,0.9752660493782753
73,0.9593949219810289,0.00039614710262410774,0.04020893091634694,mask_bank,True,4,0.48186316582927036,0.474240594709439,0.4584886015650036,0.3169471073176261,single_mask,True,1,0.00028085003945236805,0.012928940356014468,0.2343664589479688,0.012928940356014468
74,1.0,0.0,0.0,mask_bank,True,2,0.48205540290958326,0.8710382821766188,0.9157716608322093,0.8710382821766188,single_mask,True,1,0.00010287801239653589,0.8563543790191472,0.8786375105056464,0.8563543790191472
75,1.0,0.0,0.0,mask_bank,True,1,0.0012628996175195516,0.0019057748510067827,0.02191889218591114,0.0019057748510067827,single_mask,True,1,0.0012989355944410988,0.0019059736629752828,0.02195758822594169,0.0019059736629752828
76,1.0,0.0,0.0,mask_bank,True,3,0.28592500973342755,0.4600793557196172,0.7016281746029159,0.4600793557196172,single_mask,True,1,0.005352477106097378,0.35364972883279894,0.6639399675477827,0.35364972883279894
77,1.0,0.0,0.0,mask_bank,True,1,0.5845471320302126,0.23820798518632957,0.5845471320302126,0.23820798518632957,single_mask,True,1,0.5933807074689121,0.24922635847015862,0.5933807074689121,0.24922635847015862
78,1.0,0.0,0.0,mask_bank,True,2,0.3640933100942589,0.2550302774850924,0.4840140554312581,0.2550302774850924,single_mask,True,1,0.058144618343717126,0.02489845393777913,0.15051034793802226,0.02489845393777913
79,1.0,0.0,0.0,mask_bank,True,2,0.7312617956310137,0.5774255707654731,0.404897983012487,0.2823196805638911,single_mask,True,1,0.0,-0.01281393610572784,0.07898543992132118,-0.01281393610572784
80,1.0,0.0,0.0,mask_bank,True,2,0.4883190012472491,0.4558141697883193,0.4883190012472491,0.4558141697883193,single_mask,True,1,0.9709153649413965,0.9379731274360451,0.9709153649413965,0.9379731274360451
81,0.9850035599857601,0.0020692417230331077,0.012927198291206836,mask_bank,True,1,0.6712345379496575,0.7045059545192687,0.6712345379496575,0.7045059545192687,single_mask,True,1,0.6930992735993571,0.7244463212682622,0.6930992735993571,0.7244463212682622
82,1.0,0.0,0.0,mask_bank,True,3,0.3588255033074704,0.04467030947907847,0.4182056628151573,0.04467030947907847,single_mask,True,1,0.42413583169799884,-0.026266195298753573,0.42413583169799884,-0.026266195298753573
83,0.9749735449735449,0.0009841269841269842,0.024042328042328042,mask_bank,True,2,0.4467055666138956,0.7005361680125047,0.8501488358391853,0.7005361680125047,single_mask,True,1,0.8987444562405561,0.8623654892285967,0.8987444562405561,0.8623654892285967
84,1.0,0.0,0.0,mask_bank,False,0,0.0,0.0,0.0,0.0,single_mask,True,1,0.12197916860746243,-0.014612238986035194,0.12197916860746243,-0.014612238986035194
85,1.0,0.0,0.0,mask_bank,True,3,0.30926790097888784,0.5311681202503703,0.6144645693086942,0.5311681202503703,single_mask,True,1,0.008282508847194177,0.8199331658202107,0.8975284425194388,0.8199331658202107
86,1.0,0.0,0.0,mask_bank,True,3,0.18425827777465498,0.28325348313966764,0.4390265625944208,0.28325348313966764,single_mask,True,1,0.47041581173120717,0.2193768344828482,0.47041581173120717,0.2193768344828482
87,1.0,0.0,0.0,mask_bank,False,0,0.0,0.0,0.0,0.0,single_mask,True,1,0.0,0.07618598326411485,0.1232005356534717,0.07618598326411485
88,1.0,0.0,0.0,mask_bank,True,7,0.04078426470067569,0.09510216824974836,0.156580449224264,0.09510216824974836,single_mask,True,1,0.08640472237562662,0.0016239008708814758,0.08640472237562662,0.0016239008708814758
89,1.0,0.0,0.0,mask_bank,False,0,0.0,0.0,0.0,0.0,single_mask,True,1,0.0,0.05865869003860671,0.11791742013172153,0.05865869003860671
90,1.0,0.0,0.0,mask_bank,True,1,0.0,0.02388186667353034,0.1511065006902567,0.02388186667353034,single_mask,True,1,0.0,0.024605952055381193,0.15344052558650206,0.024605952055381193
91,1.0,0.0,0.0,mask_bank,True,1,0.019469105976843905,0.5304600043976017,0.5321436742149046,0.5304600043976017,single_mask,True,1,0.019735065558507806,0.5189329714005771,0.5207738027188228,0.5189329714005771
92,1.0,0.0,0.0,mask_bank,True,9,0.033948123333541455,0.23476148088287077,0.09618062656874761,0.06663575690650653,single_mask,True,1,1.2938451784842683e-05,0.6329238508932453,0.7112451704713915,0.6329238508932453
93,1.0,0.0,0.0,mask_bank,True,3,0.021085153666751122,-0.012014338971306462,0.21036883243101134,0.15416653739221606,single_mask,True,1,0.0,0.5368936699105661,0.629027340170454,0.5368936699105661
94,1.0,0.0,0.0,mask_bank,False,0,0.0,0.0,0.0,0.0,single_mask,True,1,0.12055656151662748,-0.009701371915126867,0.12055656151662748,-0.009701371915126867
95,1.0,0.0,0.0,mask_bank,True,5,0.24217880010838427,0.18013346649831277,0.4283445504407698,0.18013346649831277,single_mask,True,1,0.36798351177086897,-0.011951171866857612,0.36798351177086897,-0.011951171866857612
96,1.0,0.0,0.0,mask_bank,True,3,0.24773433882351292,0.08563974951039353,0.4425993550252692,0.2905717115850915,single_mask,True,1,0.4378117351320529,0.1782294708569561,0.4378117351320529,0.1782294708569561
97,1.0,0.0,0.0,mask_bank,True,7,0.19271510797640756,0.27737532212599747,0.353087451114454,0.29298553180551307,single_mask,True,1,0.0003127531094873954,0.7939204897913952,0.8313305871722735,0.7939204897913952
98,1.0,0.0,0.0,mask_bank,True,3,0.3321318021646581,0.5722192285649279,0.6540385629404585,0.5722192285649279,single_mask,True,1,0.9465299338258647,0.8759323575802396,0.9465299338258647,0.8759323575802396
99,1.0,0.0,0.0,mask_bank,True,4,0.3213999468734767,0.48816366655715676,0.46263398483340834,0.373029909080865,single_mask,True,1,0.0,0.02653096391666546,0.03504522762080448,0.02653096391666546
100,1.0,0.0,0.0,mask_bank,True,10,0.11414704731104885,0.11277637004908148,0.2789855682023748,0.11277637004908148,single_mask,True,1,0.4144084910524247,0.05688163087551071,0.4144084910524247,0.05688163087551071
101,1.0,0.0,0.0,mask_bank,True,8,0.173644784646824,0.0903987458657604,0.21309082419499065,0.08922020200936173,single_mask,True,1,0.0,0.09003135780403115,0.3461538461514981,0.09003135780403115
102,1.0,0.0,0.0,mask_bank,True,7,0.13597012554897198,0.259009649995816,0.33760578467961555,0.259009649995816,single_mask,True,1,0.000690541191583924,0.6503914426433206,0.6325090807443943,0.6503914426433206
103,1.0,0.0,0.0,mask_bank,True,4,0.1935971244193643,0.3372371008642061,0.4262284584129972,0.3372371008642061,single_mask,True,1,0.7612776060531233,0.6379746492315693,0.7612776060531233,0.6379746492315693
104,1.0,0.0,0.0,mask_bank,True,5,0.3119158284511187,0.46440558098311674,0.3594083976160143,0.2736275134219296,single_mask,True,1,0.0,-0.008345112062795887,0.02406451780197582,-0.008345112062795887
105,0.9622568294701986,0.0011511796357615894,0.036591990894039736,mask_bank,True,5,0.23459510120419275,0.22436774669858675,0.2674963495082209,0.23285653475058715,single_mask,True,1,0.0,0.26953434097143897,0.27406890629957587,0.26953434097143897
106,1.0,0.0,0.0,mask_bank,True,7,0.18772724880000888,0.13158241293599707,0.28647448619759597,0.11687147180405724,single_mask,True,1,0.2939469320048925,0.06491054140862712,0.2939469320048925,0.06491054140862712
107,1.0,0.0,0.0,mask_bank,True,6,0.17508136314328088,0.16434188131688943,0.29612467863004754,0.1329632866220751,single_mask,True,1,0.00019052699767484462,-0.023359137273077275,0.10996835443004513,-0.023359137273077275
108,1.0,0.0,0.0,mask_bank,True,2,0.14998923878513157,0.37071075102940587,0.5629068851166008,0.37071075102940587,single_mask,True,1,0.006534156105766291,0.80002789794716,0.8461580302410593,0.80002789794716
109,0.6157737976518143,0.3807491323945909,0.003477069953594745,mask_bank,True,3,0.23315086931304296,0.3333333333333333,0.5664842026463762,0.3333333333333333,single_mask,True,1,0.368966001230424,0.0,0.368966001230424,0.0
110,1.0,0.0,0.0,mask_bank,True,4,0.2901949442467322,0.06527951833424271,0.43424910950702905,0.23815146635618062,single_mask,True,1,0.2805363714257169,0.06808943132909615,0.2805363714257169,0.06808943132909615
111,1.0,0.0,0.0,mask_bank,True,7,0.11897099197385662,0.12323011518319806,0.24771777755087948,0.12323011518319806,single_mask,True,1,0.0851690294433742,-0.00976696961626029,0.0851690294433742,-0.00976696961626029
112,1.0,0.0,0.0,mask_bank,True,2,0.445284655764504,0.8647673550632179,0.9229626005370573,0.8647673550632179,single_mask,True,1,0.9122046884935135,0.8659384834148149,0.9122046884935135,0.8659384834148149
113,1.0,0.0,0.0,mask_bank,True,3,0.2874755425925412,0.40193268117056585,0.550925774090825,0.40193268117056585,single_mask,True,1,0.038547475543967126,0.7113704800127921,0.8301945768507064,0.7113704800127921
114,0.7277302911105727,0.012431125107181445,0.2598385837822458,mask_bank,True,7,0.1752104051550393,0.13845758584106063,0.1725125065422049,0.12070695753396254,single_mask,True,1,0.07971009423330998,0.03444630230872887,0.1107789966718372,0.03444630230872887
115,1.0,0.0,0.0,mask_bank,True,3,0.28913241840858644,0.5334226214827672,0.5946801226195227,0.5334226214827672,single_mask,True,1,0.8609225005803036,0.801672712423393,0.8609225005803036,0.801672712423393
116,1.0,0.0,0.0,mask_bank,True,3,0.4853317826126833,0.5807742229678494,0.6171161554187491,0.47879360254849157,single_mask,True,1,0.00027334652685873085,0.22840342634310984,0.416185604675893,0.22840342634310984
117,1.0,0.0,0.0,mask_bank,True,2,0.5318286402965601,0.030763681437515292,0.34821914922026403,0.031037476359303158,single_mask,True,1,0.0,0.03158597588240235,0.16539328043801843,0.03158597588240235
118,1.0,0.0,0.0,mask_bank,True,5,0.17112532136797154,0.08143578621761671,0.2976187422272586,0.08143578621761671,single_mask,True,1,0.00529332434253104,0.08656582051593588,0.21659195083757318,0.08656582051593588
119,1.0,0.0,0.0,mask_bank,True,4,0.4782520178722119,0.650797182614092,0.43464387326620213,0.3301453436687586,single_mask,True,1,9.920142850007836e-05,0.5408615846157476,0.7313576361506131,0.5408615846157476
120,1.0,0.0,0.0,mask_bank,True,2,0.9612903225770603,0.921722597179779,0.9399949134431714,0.8839308626155327,single_mask,True,1,0.9787464111227907,0.9566204277344789,0.9787464111227907,0.9566204277344789
121,1.0,0.0,0.0,mask_bank,True,4,0.48388531397967965,0.6456590457866207,0.47825443964487585,0.3523829907588297,single_mask,True,1,0.0003126412898135154,0.9236362219834499,0.9604807047774007,0.9236362219834499
122,1.0,0.0,0.0,mask_bank,True,3,0.2817570846465689,0.40185971041762,0.5330046106805654,0.40185971041762,single_mask,True,1,0.007925174925024045,0.5759649733401966,0.7485566582378994,0.5759649733401966
123,1.0,0.0,0.0,mask_bank,True,2,0.47390213375787743,0.8765712211750887,0.9362509742924283,0.8765712211750887,single_mask,True,1,0.9713387712267354,0.9410492277974967,0.9713387712267354,0.9410492277974967
124,1.0,0.0,0.0,mask_bank,True,4,0.2392970178562528,0.34133156078800375,0.47146897860021686,0.34133156078800375,single_mask,True,1,0.2421303118881911,0.019721086084377004,0.2421303118881911,0.019721086084377004
125,0.9766942121332802,0.0,0.023305787866719767,mask_bank,True,5,0.22702752880367963,0.2170950187022591,0.3688934149783768,0.33875677894069683,single_mask,True,1,0.037937799319029665,0.03140944526250836,0.037937799319029665,0.03140944526250836
126,1.0,0.0,0.0,mask_bank,True,3,0.3182026002412017,0.5928951325840829,0.6379062991278573,0.5928951325840829,single_mask,True,1,0.004636078704499748,0.9645043338896269,0.979355161204802,0.9645043338896269
127,1.0,0.0,0.0,mask_bank,True,2,0.24968792828467387,0.07060634634086844,0.462351738060933,0.07060634634086844,single_mask,True,1,0.04345209202981565,0.07260552848969952,0.47968478342943593,0.07260552848969952
128,0.9827265127273775,0.0,0.017273487272622446,mask_bank,True,4,0.23114255276597226,0.3236574037654567,0.46544137315920314,0.3236574037654567,single_mask,True,1,0.0004774712157381297,0.8844921052582193,0.9394940543623922,0.8844921052582193
129,1.0,0.0,0.0,mask_bank,True,3,0.3051456888413861,0.4517389078268412,0.6109269767828512,0.4517389078268412,single_mask,True,1,0.0006249349026110565,0.09063273531248614,0.26349069483176335,0.09063273531248614
130,1.0,0.0,0.0,mask_bank,True,7,0.13625146499639282,0.18258495545727182,0.2533529823432263,0.18258495545727182,single_mask,True,1,0.06423909309478851,0.004735019118469771,0.08119158878445391,0.004735019118469771
131,1.0,0.0,0.0,mask_bank,True,2,0.42100112786577765,0.8339511132154054,0.89553741541216,0.8339511132154054,single_mask,True,1,0.8362182829277982,0.8799895274312837,0.8362182829277982,0.8799895274312837
132,0.9674279494490252,0.0006742698620636511,0.03189778068891115,mask_bank,True,5,0.22186784605853221,0.26499550681025863,0.37061344956218,0.21241555409439425,single_mask,True,1,0.00018354330347346344,0.9064233960933222,0.9329685939706432,0.9064233960933222
133,1.0,0.0,0.0,mask_bank,True,3,0.36819691237112195,0.3932446657063955,0.5626577775153824,0.3932446657063955,single_mask,True,1,0.9051962572770835,0.8465017252895728,0.9051962572770835,0.8465017252895728
134,0.9879073756432247,0.0,0.0120926243567753,mask_bank,True,2,0.4630412388822043,0.8730991555785486,0.9430612294219521,0.8730991555785486,single_mask,True,1,0.0017220708446828946,0.9749501479321704,0.9787508537529122,0.9749501479321704
135,1.0,0.0,0.0,mask_bank,True,4,0.4804428473778531,0.4301063346011097,0.47220403292238367,0.38412001971343307,single_mask,True,1,0.030908184510672843,-0.0004212019861312957,0.030908184510672843,-0.0004212019861312957
136,0.9642053276807762,5.0989561708296e-05,0.0357436827575155,mask_bank,True,3,0.4589407412376565,0.8820721749823881,0.6314305842418381,0.5884575012372314,single_mask,True,1,0.0005665442322753152,0.9715066343333983,0.9805912028512328,0.9715066343333983
137,0.9644854070660522,4.4686496299399525e-05,0.03546990643764837,mask_bank,True,4,0.30189667463799,0.5648812447183974,0.4630506530649474,0.4211467634023558,single_mask,True,1,0.0006455997281674386,0.00041104015296061905,0.0006455997281674386,0.00041104015296061905
138,1.0,0.0,0.0,mask_bank,True,2,0.38673647364973374,0.6671109154502985,0.8163373048672988,0.6671109154502985,single_mask,True,1,0.7916208702347474,0.6324551057862402,0.7916208702347474,0.6324551057862402
139,0.9668337623628235,0.00014451519667615047,0.03302172244050038,mask_bank,True,4,0.055807548920471656,0.266104397957787,0.3006831984171915,0.266104397957787,single_mask,True,1,0.0011368514404043904,0.9567159769861907,0.9820501796509981,0.9567159769861907
140,1.0,0.0,0.0,mask_bank,True,5,0.19002476996603473,0.30305963527771984,0.3763498284003968,0.30305963527771984,single_mask,True,1,0.022250606718581874,0.0019771238142654913,0.022250606718581874,0.0019771238142654913
141,1.0,0.0,0.0,mask_bank,True,2,0.4013722226990187,0.5980124216309514,0.7706433762256575,0.5980124216309514,single_mask,True,1,0.00029117167481862574,0.6024320935046547,0.7538163590752232,0.6024320935046547
142,1.0,0.0,0.0,mask_bank,True,4,0.24224326028615256,0.19793759615811174,0.44378994687329826,0.19793759615811174,single_mask,True,1,0.629502685524019,0.10747895553536428,0.629502685524019,0.10747895553536428
143,1.0,0.0,0.0,mask_bank,True,2,0.47629062177476983,0.3542569099945468,0.4892627209627396,0.3542569099945468,single_mask,True,1,0.883193771117318,0.7017180889466306,0.883193771117318,0.7017180889466306
144,1.0,0.0,0.0,mask_bank,True,6,0.3332362218159865,0.2823760058352324,0.38361226242079066,0.24565359976329704,single_mask,True,1,0.32160563541983955,0.27166429201675546,0.32160563541983955,0.27166429201675546
145,1.0,0.0,0.0,mask_bank,True,4,0.12057288659156895,0.0021615374901023145,0.14214009666962496,0.0021615374901023145,single_mask,True,1,0.0003953452395269688,0.05503757235565,0.06433928336448252,0.05503757235565
146,1.0,0.0,0.0,mask_bank,True,2,0.4804629154958328,0.8529433599304308,0.9242421960372094,0.8529433599304308,single_mask,True,1,0.9656614246032723,0.934294555766971,0.9656614246032723,0.934294555766971
147,1.0,0.0,0.0,mask_bank,True,2,0.4724325607716037,0.8787688794563036,0.9378614338495185,0.8787688794563036,single_mask,True,1,0.006830318334224589,0.9072057549194896,0.9518787079747002,0.9072057549194896
148,1.0,0.0,0.0,mask_bank,True,4,0.29353996698277124,0.20825747046238163,0.4395820980282731,0.3448524692964996,single_mask,True,1,0.015394838852500859,-0.0001557075847773653,0.01674112622113633,-0.0001557075847773653
149,1.0,0.0,0.0,mask_bank,True,4,0.08323423712909299,0.07580952162791067,0.28458939169314124,0.15868759297421853,single_mask,True,1,0.02713407694056259,-0.01534012643502672,0.02713407694056259,-0.01534012643502672
150,1.0,0.0,0.0,mask_bank,True,4,0.555397242430305,0.4207705497654709,0.4813534145608327,0.3210827509171615,single_mask,True,1,0.0,0.038367855469957024,0.18480976514965514,0.038367855469957024
151,1.0,0.0,0.0,mask_bank,True,4,0.42164956120465824,0.15506470678876882,0.31490574160196644,0.10833289515195582,single_mask,True,1,0.0,0.042831859929420506,0.16916241566423265,0.042831859929420506
152,1.0,0.0,0.0,mask_bank,True,2,0.4829892570698709,0.8913917628345158,0.9344470194347902,0.8913917628345158,single_mask,True,1,0.0013559540912664353,0.890584942095274,0.9145269940402493,0.890584942095274
153,1.0,0.0,0.0,mask_bank,True,4,0.2441635403057018,0.47351015933670665,0.5425842267053819,0.47351015933670665,single_mask,True,1,0.0002377119147692166,0.8895200391161604,0.9337675375212806,0.8895200391161604
154,1.0,0.0,0.0,mask_bank,True,4,0.4733304927454312,0.4769187067838206,0.3195482919254845,0.25631970773510815,single_mask,True,1,0.0,0.036308525822445266,0.08382150579876618,0.036308525822445266
155,1.0,0.0,0.0,mask_bank,True,6,0.3589773946593712,0.5224855914814688,0.3605708987802414,0.18526499404129518,single_mask,True,1,0.0004300907100398223,0.4528657374423886,0.7387688928384007,0.4528657374423886
156,1.0,0.0,0.0,mask_bank,True,4,0.291074678029068,0.3787934839716294,0.4966344690144616,0.3787934839716294,single_mask,True,1,0.00022455893695730005,0.7919142192776626,0.7991656958142013,0.7919142192776626
157,1.0,0.0,0.0,mask_bank,True,5,0.22708820956358727,0.3147838012931674,0.4026202661395611,0.3147838012931674,single_mask,True,1,6.162460054048152e-05,0.8945009142837594,0.8987660362816836,0.8945009142837594
158,1.0,0.0,0.0,mask_bank,True,6,0.4434295496150878,0.43288516115372744,0.22335012923557682,0.13306320087322748,single_mask,True,1,0.0,-0.01795659401483007,0.4202099622239082,-0.01795659401483007
159,1.0,0.0,0.0,mask_bank,True,5,0.3133445673934671,0.5309744555008752,0.3757720813448956,0.31814759535854487,single_mask,True,1,0.04847966784691464,0.0021814154474448597,0.04847966784691464,0.0021814154474448597
160,1.0,0.0,0.0,mask_bank,True,6,0.23680148436581797,0.2142836570193089,0.31143501894961095,0.2266326645361749,single_mask,True,1,0.0,0.2757845952641204,0.46319219335147854,0.2757845952641204
161,1.0,0.0,0.0,mask_bank,True,4,0.3078031779837611,0.49149256620055565,0.45512251629566874,0.36691865628817144,single_mask,True,1,0.1307874100325986,0.05348810183295013,0.1307874100325986,0.05348810183295013
162,0.9510816125860374,3.98628717212788e-05,0.048878524542241356,mask_bank,True,5,0.4616048507730855,0.5718689582630876,0.551372323224421,0.4531088231849056,single_mask,True,1,0.0010233825262719774,0.9554089652355223,0.9719923504850974,0.9554089652355223
163,1.0,0.0,0.0,mask_bank,True,3,0.30047703704104767,0.5168091247226362,0.6220219913216029,0.5168091247226362,single_mask,True,1,0.1521934555901457,0.03273218162814678,0.1521934555901457,0.03273218162814678
164,1.0,0.0,0.0,mask_bank,True,9,0.11881857634778366,0.12739627678710969,0.20522850802882325,0.1166825844676502,single_mask,True,1,0.004699527346374883,0.2055957193154134,0.42005795640493865,0.2055957193154134
165,1.0,0.0,0.0,mask_bank,True,5,0.056632627395601806,-0.026166564567431876,0.056632627395601806,-0.026166564567431876,single_mask,True,1,0.08083907641209105,-0.035305139371764126,0.08083907641209105,-0.035305139371764126
166,1.0,0.0,0.0,mask_bank,True,7,0.15906153422300115,0.17487699001412813,0.2088354608177462,0.16331871979299978,single_mask,True,1,0.011430860766821154,0.21067664879554956,0.20061150014728404,0.21067664879554956
167,1.0,0.0,0.0,mask_bank,True,6,0.3067134027087743,0.2712731095866417,0.27237169268033895,0.12099227969434734,single_mask,True,1,0.0,-0.015917298202649525,0.033327775616381686,-0.015917298202649525
168,1.0,0.0,0.0,mask_bank,True,3,0.15080699914753518,-0.0003289639615952351,0.1145498595368069,0.004180665178630166,single_mask,True,1,0.30313127429491593,-0.00407355187160045,0.30313127429491593,-0.00407355187160045
169,1.0,0.0,0.0,mask_bank,True,1,0.8960749054325288,0.8499715338629492,0.8960749054325288,0.8499715338629492,single_mask,True,1,0.9162894524653296,0.8782843948966538,0.9162894524653296,0.8782843948966538
170,1.0,0.0,0.0,mask_bank,False,0,0.0,0.0,0.0,0.0,single_mask,True,1,0.10739537076073905,0.046739382772598106,0.10739537076073905,0.046739382772598106
171,1.0,0.0,0.0,mask_bank,True,4,0.19751220462878907,0.055060102035582904,0.23438442563793835,0.04850500336693985,single_mask,True,1,0.32802354511753135,0.02130799703542976,0.32802354511753135,0.02130799703542976
172,1.0,0.0,0.0,mask_bank,True,6,0.047929064860520044,0.1101211060600942,0.1644324972628915,0.09172182876294549,single_mask,True,1,0.11867112286107868,0.018508103468364793,0.11867112286107868,0.018508103468364793
173,1.0,0.0,0.0,mask_bank,True,6,0.10338207222042023,0.20818558798785491,0.20491511260303866,0.13291110185027358,single_mask,True,1,0.13439958244739814,0.13016045628576986,0.13439958244739814,0.13016045628576986
174,1.0,0.0,0.0,mask_bank,True,3,0.22529585696904572,0.06647407514955518,0.22529585696904572,0.06647407514955518,single_mask,True,1,0.5854545454525923,0.2880710340783241,0.5854545454525923,0.2880710340783241
175,1.0,0.0,0.0,mask_bank,True,4,0.08729688584731007,-0.014649211723414499,0.07500726727223173,0.007724557722389371,single_mask,True,1,0.0,0.038460272790527536,0.07898035938097937,0.038460272790527536
176,1.0,0.0,0.0,mask_bank,True,4,0.027552821298721605,0.2505647817249352,0.2541335685721236,0.18728870764851221,single_mask,True,1,0.05393544733823658,0.008690937228192759,0.05393544733823658,0.008690937228192759
177,1.0,0.0,0.0,mask_bank,True,4,0.23579081298390353,0.29090284609567324,0.45270098635126355,0.29090284609567324,single_mask,True,1,0.010022670325721838,-0.06690053592515152,0.18596360242633134,-0.06690053592515152
178,1.0,0.0,0.0,mask_bank,True,3,0.37071386270238144,0.5109781261132941,0.6481654569684515,0.5109781261132941,single_mask,True,1,0.032890597293209214,0.8056459370083134,0.8777592781543645,0.8056459370083134
179,0.9790734703161725,0.0,0.02092652968382743,mask_bank,True,5,0.2401923125483701,0.34544779331765235,0.38400989225012117,0.27661368621658466,single_mask,True,1,0.0003508156463771447,0.9720467307391021,0.9805610898660246,0.9720467307391021
180,1.0,0.0,0.0,mask_bank,True,3,0.27901664316630653,0.3533481183118275,0.569889953369702,0.3533481183118275,single_mask,True,1,0.3218113699289076,0.05308961353955405,0.3218113699289076,0.05308961353955405
181,0.9722844882797489,0.0,0.02771551172025106,mask_bank,True,4,0.48753249169871643,0.5062218778604872,0.5316141601313704,0.42055699465958973,single_mask,True,1,0.0,0.6319837480532898,0.7748008689327487,0.6319837480532898
182,0.9731709145427286,0.0,0.026829085457271366,mask_bank,True,6,0.49095823336500605,0.5708976379112941,0.4260681687314028,0.3012394611131978,single_mask,True,1,0.0,0.334897233719583,0.559710028190802,0.334897233719583
183,1.0,0.0,0.0,mask_bank,True,5,0.23949207146777188,0.24483582984713329,0.3813811759597082,0.19992097253586338,single_mask,True,1,0.12524888149717328,-0.051721964138477884,0.12524888149717328,-0.051721964138477884
184,1.0,0.0,0.0,mask_bank,True,3,0.31116490264650015,0.544121457474312,0.7407006220195506,0.544121457474312,single_mask,True,1,0.0021478157480898366,0.9093321408207917,0.9670748410005464,0.9093321408207917
185,1.0,0.0,0.0,mask_bank,True,3,0.9645077427322001,0.9527643250474245,0.7096439190718845,0.593890150573487,single_mask,True,1,0.0,0.9557626518085247,0.9835910293885399,0.9557626518085247
186,1.0,0.0,0.0,mask_bank,True,7,0.3099193428256543,0.23379935108129832,0.41827698917415546,0.22748046102408662,single_mask,True,1,0.0005685747214743471,0.9593926808781696,0.9793422625402907,0.9593926808781696
187,1.0,0.0,0.0,mask_bank,True,4,0.4007039667762777,0.2716621077986849,0.5397036511114228,0.4321095629121483,single_mask,True,1,0.050741885766873,0.004701727784555772,0.050741885766873,0.004701727784555772
188,1.0,0.0,0.0,mask_bank,True,3,0.29263217349088894,0.190179671071908,0.42035150600264276,0.190179671071908,single_mask,True,1,0.15614744241246004,0.31292088124357675,0.541037139588664,0.31292088124357675
189,1.0,0.0,0.0,mask_bank,True,3,0.1769900380580389,0.014680487962618708,0.22492512315423926,0.014680487962618708,single_mask,True,1,0.09953955196802969,0.009732915140601699,0.09953955196802969,0.009732915140601699
190,1.0,0.0,0.0,mask_bank,True,7,0.13018327042808558,0.20526610998578204,0.35189629191989197,0.20526610998578204,single_mask,True,1,0.011624649859903274,0.6287262636354888,0.7913466461802909,0.6287262636354888
191,1.0,0.0,0.0,mask_bank,True,3,0.4382886521788254,0.3293765305223719,0.5587065220697088,0.4328795283518016,single_mask,True,1,0.0,0.6757865954375212,0.8217188856378997,0.6757865954375212
192,1.0,0.0,0.0,mask_bank,True,2,0.7083469011164477,0.2855613073126268,0.43482128420845456,0.23325181935552416,single_mask,True,1,0.0,0.18585668508199274,0.16585204208296037,0.18585668508199274
193,1.0,0.0,0.0,mask_bank,True,2,0.03730684326694346,-0.004052729007000198,0.3556001959103249,0.2440044729762718,single_mask,True,1,0.037615894039569026,-0.004082885140064963,0.037615894039569026,-0.004082885140064963
194,0.9745476281041134,0.0,0.02545237189588654,mask_bank,True,2,0.4891397862202042,0.8132181910164966,0.8595135285750375,0.8132181910164966,single_mask,True,1,0.0015352573638779704,0.7502189207469193,0.7948945537144255,0.7502189207469193
195,1.0,0.0,0.0,mask_bank,True,2,0.4142691916995714,0.5893335202302072,0.780743460662721,0.5893335202302072,single_mask,True,1,0.002997263965458599,0.5926600851589309,0.7378251052302907,0.5926600851589309
196,1.0,0.0,0.0,mask_bank,True,1,0.9439427951661614,0.8587224137861038,0.9439427951661614,0.8587224137861038,single_mask,True,1,0.9578359572927309,0.8926021566548487,0.9578359572927309,0.8926021566548487
197,0.9797437346900321,0.0012310784498461153,0.01902518686012185,mask_bank,True,6,0.290950953654506,0.35042991422249675,0.4496284582146665,0.35042991422249675,single_mask,True,1,0.7051045756860244,0.5805892713770913,0.7051045756860244,0.5805892713770913
198,1.0,0.0,0.0,mask_bank,True,3,0.09715222299951509,0.2952552160149898,0.3866511801196946,0.2952552160149898,single_mask,True,1,0.22311070328325117,0.15460454428000978,0.22311070328325117,0.15460454428000978
199,1.0,0.0,0.0,mask_bank,True,2,0.9300269450915288,0.9046576224419569,0.9372234026259829,0.8816799080174691,single_mask,True,1,0.9435137637768876,0.9227001277701923,0.9435137637768876,0.9227001277701923
200,1.0,0.0,0.0,mask_bank,True,3,0.46994309016954094,0.37798295941448756,0.46591862429011627,0.3191637171896211,single_mask,True,1,0.0,0.07666369796726534,0.28876281112632224,0.07666369796726534
201,1.0,0.0,0.0,mask_bank,True,2,0.4433980886037801,0.6772234608322074,0.8331150368995331,0.6772234608322074,single_mask,True,1,0.059167411379170906,0.6851901710100807,0.8446261936344761,0.6851901710100807
202,1.0,0.0,0.0,mask_bank,True,2,0.48108769919721084,0.879504025917505,0.9281307247533993,0.879504025917505,single_mask,True,1,0.0025132205874587327,0.8982054242973836,0.9216759165096405,0.8982054242973836
203,1.0,0.0,0.0,mask_bank,True,4,0.24238945019730024,0.4312989951196451,0.4730338025887614,0.4312989951196451,single_mask,True,1,0.00906287000627229,-0.0015408088428325334,0.00906287000627229,-0.0015408088428325334
204,1.0,0.0,0.0,mask_bank,True,1,0.018582087435051825,0.6332626497096048,0.8228725799152504,0.6332626497096048,single_mask,True,1,0.019615090155443344,0.86066939408938,0.9375728764869603,0.86066939408938
205,1.0,0.0,0.0,mask_bank,True,4,0.2358332712744376,0.029760468177629004,0.2956371616348453,0.029760468177629004,single_mask,True,1,0.34752662721811234,0.0009172955693314494,0.34752662721811234,0.0009172955693314494
206,1.0,0.0,0.0,mask_bank,True,2,0.3374662006177045,-0.0030542757341393,0.3374662006177045,-0.0030542757341393,single_mask,True,1,0.27764954164560013,-0.03603415982143,0.27764954164560013,-0.03603415982143
207,1.0,0.0,0.0,mask_bank,True,3,0.26299674771221265,0.4000984758471402,0.5738519530716316,0.4000984758471402,single_mask,True,1,0.369784838434604,0.14217343146640293,0.369784838434604,0.14217343146640293
208,1.0,0.0,0.0,mask_bank,True,4,0.25114485659206,0.4469617700985601,0.5342870423081582,0.4469617700985601,single_mask,True,1,0.048867711352312354,0.7596304718632386,0.8042585784289085,0.7596304718632386
209,1.0,0.0,0.0,mask_bank,True,3,0.1282457170886204,0.1103273775223248,0.292127114847677,0.1103273775223248,single_mask,True,1,0.10376993508961109,-0.03214061960667214,0.10376993508961109,-0.03214061960667214
210,1.0,0.0,0.0,mask_bank,True,2,0.3583133613674806,0.20017717005147678,0.3583133613674806,0.20017717005147678,single_mask,True,1,0.048249316270897624,0.010948320569467257,0.048249316270897624,0.010948320569467257
211,1.0,0.0,0.0,mask_bank,True,2,0.4409248331997478,0.706031033834816,0.8428106123406061,0.706031033834816,single_mask,True,1,0.8906892228573616,0.8037210295891823,0.8906892228573616,0.8037210295891823
212,1.0,0.0,0.0,mask_bank,True,3,0.40525773312388047,0.6142176823611897,0.719424967394807,0.6142176823611897,single_mask,True,1,0.9268436323925898,0.8677120407768193,0.9268436323925898,0.8677120407768193
213,0.972910658257535,0.0,0.027089341742465058,mask_bank,True,3,0.03597235254136776,0.26876033981776487,0.3317145348390092,0.26876033981776487,single_mask,True,1,0.008760566655033995,0.8839188544345558,0.8928179910392683,0.8839188544345558
214,1.0,0.0,0.0,mask_bank,True,1,0.47375526735476925,-0.0023179494205394224,0.4817547043256864,-0.0023179494205394224,single_mask,True,1,0.4705200926720839,-0.002407298249917831,0.5011351182069002,-0.002407298249917831
215,1.0,0.0,0.0,mask_bank,True,1,0.566910680065943,0.02749727982548485,0.566910680065943,0.02749727982548485,single_mask,True,1,0.5655132219187499,0.02103156232467061,0.5655132219187499,0.02103156232467061
216,1.0,0.0,0.0,mask_bank,True,5,0.048387191152709015,0.08297013680563321,0.17418099280970642,0.07634960248005265,single_mask,True,1,0.07922698548833436,0.36599440997092997,0.6186390706980994,0.36599440997092997
217,1.0,0.0,0.0,mask_bank,True,2,0.42857151323753345,0.7909195115045762,0.8900516189091745,0.7909195115045762,single_mask,True,1,0.8468670813164495,0.7120102291405576,0.8468670813164495,0.7120102291405576
218,0.9766974245971629,0.00042693843823164853,0.022875636964605425,mask_bank,True,1,0.002457739736789709,0.9384561473423758,0.9741010223873521,0.9384561473423758,single_mask,True,1,0.002886288713758137,0.9751293018980254,0.9896434833407606,0.9751293018980254
219,1.0,0.0,0.0,mask_bank,True,5,0.32201486838376625,0.3078759758534911,0.31983698327920196,0.21082705624734593,single_mask,True,1,0.0,-0.000959695234382147,0.031884803291301736,-0.000959695234382147
220,0.9767570099105632,0.0,0.02324299008943679,mask_bank,True,4,0.12216574946458754,0.1396160979831026,0.2800713183077781,0.2160642561138344,single_mask,True,1,0.24510694681029235,-0.09935143655881015,0.24510694681029235,-0.09935143655881015
221,0.970810433074584,0.0003021889814342645,0.028887377943981718,mask_bank,True,6,0.2563402535102406,0.0010167311417349557,0.21573626636262597,0.0026636023606567485,single_mask,True,1,0.7347105524754065,0.3853542464338489,0.7347105524754065,0.3853542464338489
222,0.967292323535843,0.0006771483589732738,0.03203052810518371,mask_bank,True,4,0.45039827765612356,0.39708831583971554,0.4229614797633944,0.33290341989556443,single_mask,True,1,0.0,0.0147506033540036,0.08332821048736194,0.0147506033540036
223,1.0,0.0,0.0,mask_bank,True,5,0.1844133861012707,0.3113246032980931,0.3659750289742923,0.3113246032980931,single_mask,True,1,0.021715005548658663,-0.0002719284708557378,0.021715005548658663,-0.0002719284708557378
224,1.0,0.0,0.0,mask_bank,True,5,0.3106491507583169,0.2189568222679016,0.4320860941684118,0.2189568222679016,single_mask,True,1,0.6423582868183817,0.34718170995457615,0.6423582868183817,0.34718170995457615
225,0.9533889070502343,0.0002383676582761251,0.04637272529148959,mask_bank,True,3,0.27012279773989806,0.5147929092262797,0.5929809548577375,0.5147929092262797,single_mask,True,1,0.002224963118815177,-0.0008006510287530029,0.002224963118815177,-0.0008006510287530029
226,1.0,0.0,0.0,mask_bank,True,5,0.44902012474566405,0.5852933200485573,0.5389140185006036,0.4680642172843104,single_mask,True,1,0.9087622221494993,0.8307139344020217,0.9087622221494993,0.8307139344020217
227,1.0,0.0,0.0,mask_bank,True,4,0.31281262987466496,0.4737315734363083,0.4679699790519669,0.3616517280573967,single_mask,True,1,4.380393359304479e-05,0.9316364811348707,0.9614981416090583,0.9316364811348707
228,1.0,0.0,0.0,mask_bank,True,5,0.3274281055465243,0.31815267083883897,0.39310436357334966,0.35271700368589903,single_mask,True,1,0.003249086194497644,0.0002631490461569515,0.048989455184380526,0.0002631490461569515
229,1.0,0.0,0.0,mask_bank,True,4,0.07561200854934565,0.22417875752557834,0.30114530689965024,0.22417875752557834,single_mask,True,1,0.05498821681057543,0.010362960072979308,0.05498821681057543,0.010362960072979308
230,1.0,0.0,0.0,mask_bank,True,2,0.21442761113411335,0.5432514140119699,0.6456004504393444,0.5432514140119699,single_mask,True,1,0.35125448028551604,0.3391455790274129,0.35125448028551604,0.3391455790274129
231,1.0,0.0,0.0,mask_bank,True,1,0.0,0.857860413291348,0.9215669826279542,0.857860413291348,single_mask,True,1,0.0,0.8992859368822498,0.9450549450470174,0.8992859368822498
232,1.0,0.0,0.0,mask_bank,False,0,0.0,0.0,0.0,0.0,single_mask,True,1,0.12649383694469624,0.03317397668992713,0.12649383694469624,0.03317397668992713
233,0.9528344834195898,0.0025757140118842247,0.044589802568525974,mask_bank,True,3,0.041397744085150366,0.0030531172802740893,0.045454783662038596,0.0030531172802740893,single_mask,True,1,2.4163344206779838e-05,0.0005919532969313489,0.008111691755692194,0.0005919532969313489
234,0.9845839442000978,0.009205206806166422,0.006210848993735839,mask_bank,True,4,0.21513356693725688,0.12504999910583173,0.39063785498709136,0.12504999910583173,single_mask,True,1,0.34490519539261566,-0.04644530692541393,0.34490519539261566,-0.04644530692541393
235,1.0,0.0,0.0,mask_bank,False,0,0.0,0.0,0.0,0.0,single_mask,True,1,0.024295034531640065,-0.002970137619512413,0.030246833714250448,-0.002970137619512413
236,0.9620960030598584,1.0928066005518674e-05,0.037893068874136,mask_bank,True,7,0.16213550934169035,0.2289128439425108,0.2758143156596905,0.1962110090935807,single_mask,True,1,0.01349863522717905,0.00043770063979045424,0.01349863522717905,0.00043770063979045424
237,0.962937984496124,8.527131782945736e-05,0.03697674418604651,mask_bank,True,4,0.2432568028589915,0.29730288229976715,0.47909341204193784,0.29730288229976715,single_mask,True,1,0.0002275667129782164,-0.0001565877060195806,0.0002275667129782164,-0.0001565877060195806
238,1.0,0.0,0.0,mask_bank,True,2,0.09240351867816739,0.10424465881280047,0.2610799390417553,0.10424465881280047,single_mask,True,1,0.0051654313440779665,0.280166740068828,0.34874896686387263,0.280166740068828
239,1.0,0.0,0.0,mask_bank,True,3,0.44208053350695087,0.12414473660410329,0.44208053350695087,0.12414473660410329,single_mask,True,1,0.4730711971262134,0.07485634594282553,0.4730711971262134,0.07485634594282553
240,1.0,0.0,0.0,mask_bank,True,2,0.017319612529759772,0.2332710189440423,0.38720223236483764,0.2332710189440423,single_mask,True,1,0.00040639893597219345,-0.004019534325460238,0.0076151637468111705,-0.004019534325460238
241,1.0,0.0,0.0,mask_bank,True,4,0.21373129890212078,0.16925831464344934,0.21373129890212078,0.16925831464344934,single_mask,True,1,0.059455035624593415,0.04374834151765396,0.059455035624593415,0.04374834151765396
242,1.0,0.0,0.0,mask_bank,True,1,0.04437577731329174,-0.005522716958923009,0.04437577731329174,-0.005522716958923009,single_mask,True,1,0.044371226009866066,-0.005449052274399104,0.044371226009866066,-0.005449052274399104
243,1.0,0.0,0.0,mask_bank,True,1,0.0,-0.013880270322712556,0.055595445686451965,-0.013880270322712556,single_mask,True,1,0.0,-0.01396026371174681,0.05605703149012177,-0.01396026371174681
244,0.9557382008874546,1.0084711577248891e-05,0.04425171440096813,mask_bank,True,2,0.07796900058981929,0.13654876507583472,0.3174646912637401,0.13654876507583472,single_mask,True,1,0.0003032863239524636,6.156205357245725e-06,0.0003032863239524636,6.156205357245725e-06
245,1.0,0.0,0.0,mask_bank,True,1,0.18953141679208316,0.12346821075425468,0.18953141679208316,0.12346821075425468,single_mask,True,1,0.18993631979940748,0.12377211303317381,0.18993631979940748,0.12377211303317381
246,0.9933567985794013,0.0032343987823439876,0.003408802638254693,mask_bank,True,4,0.1812994998155752,0.1317061899199119,0.2663947668843349,0.1317061899199119,single_mask,True,1,0.1845568879784505,-0.00346067628244468,0.3835167588605448,-0.00346067628244468
247,1.0,0.0,0.0,mask_bank,True,2,0.1446247464493264,0.02605750370462564,0.4386050181827233,0.2772983366167726,single_mask,True,1,0.1450980392147052,0.02620861350029388,0.1450980392147052,0.02620861350029388
248,0.9757744352493849,0.0,0.024225564750615075,mask_bank,True,5,0.3503590400976705,0.4211490305443998,0.5418460266954048,0.4211490305443998,single_mask,True,1,0.9530354597536826,0.9096216208156246,0.9530354597536826,0.9096216208156246
249,1.0,0.0,0.0,mask_bank,True,3,0.07277144437783183,0.1549216990693162,0.2861731223099348,0.1549216990693162,single_mask,True,1,0.022982852288173258,0.009302538943165906,0.022982852288173258,0.009302538943165906
250,1.0,0.0,0.0,mask_bank,True,2,0.8415037935389826,0.5298310141602027,0.7135932177506994,0.5301504803874748,single_mask,True,1,0.0,0.5466218524296472,0.6012887635894014,0.5466218524296472
251,1.0,0.0,0.0,mask_bank,True,4,0.10417174486674166,0.10269407970193016,0.24478284841480175,0.10269407970193016,single_mask,True,1,0.10496236291748083,-0.08401350442941766,0.10496236291748083,-0.08401350442941766
252,1.0,0.0,0.0,mask_bank,True,4,0.4715929075864006,0.32425994036748657,0.4699893131143221,0.34343857433458036,single_mask,True,1,0.14218313140644115,0.014433276003532603,0.14218313140644115,0.014433276003532603
253,1.0,0.0,0.0,mask_bank,True,4,0.9682932072174962,0.9386794610030326,0.6003396920590603,0.4141961469173434,single_mask,True,1,0.0,0.3720018661848334,0.6170510494914897,0.3720018661848334
254,1.0,0.0,0.0,mask_bank,True,6,0.3224291863376396,0.009369374301396288,0.37111851778433014,0.1558733326664954,single_mask,True,1,0.5072377414023089,0.08395505382973448,0.5072377414023089,0.08395505382973448
255,1.0,0.0,0.0,mask_bank,True,3,0.2939978229316711,0.5285766880832482,0.6150814193800856,0.5285766880832482,single_mask,True,1,0.08156299652750212,0.010222741128866349,0.08156299652750212,0.010222741128866349
256,1.0,0.0,0.0,mask_bank,True,5,0.19111058698324235,0.30938446623002397,0.3973703795509738,0.30938446623002397,single_mask,True,1,0.09316154608465584,0.012442801320622102,0.09316154608465584,0.012442801320622102
257,0.9788328801505961,0.0,0.02116711984940389,mask_bank,True,4,0.279863659038441,0.26658340741435244,0.5233506647109697,0.26658340741435244,single_mask,True,1,0.6808233168352157,0.22572339640448236,0.6808233168352157,0.22572339640448236
258,1.0,0.0,0.0,mask_bank,True,4,0.3299938495090377,0.39392534464069323,0.5403648308894311,0.39392534464069323,single_mask,True,1,0.9872049343014491,0.9583516639549103,0.9872049343014491,0.9583516639549103
259,1.0,0.0,0.0,mask_bank,True,3,0.4602601123931953,0.8262637779225207,0.6173869450610718,0.5627122512077404,single_mask,True,1,0.0001412030499855474,0.8771234853436753,0.8969500924145336,0.8771234853436753
260,1.0,0.0,0.0,mask_bank,True,3,0.3792247122932815,0.25259560125589864,0.2909882200143307,0.1697619091129364,single_mask,True,1,0.06935190793416504,0.010564902160471621,0.06935190793416504,0.010564902160471621
261,1.0,0.0,0.0,mask_bank,True,5,0.48253809537176445,0.6992684206308465,0.44369733727661637,0.3818149168031783,single_mask,True,1,2.5961887948469148e-05,0.6923863668276735,0.7718128167421254,0.6923863668276735
262,1.0,0.0,0.0,mask_bank,True,3,0.4849579430932931,0.4059143485451693,0.5288857447532153,0.48288456304374955,single_mask,True,1,0.0,0.6615356458587693,0.642577938786895,0.6615356458587693
263,1.0,0.0,0.0,mask_bank,True,1,0.9606479469096159,0.8873907128004788,0.9606479469096159,0.8873907128004788,single_mask,True,1,0.9790199658031846,0.9389088854822751,0.9790199658031846,0.9389088854822751
264,1.0,0.0,0.0,mask_bank,True,5,0.32091396125561095,0.34972423343986375,0.47899398386075936,0.34972423343986375,single_mask,True,1,0.9345070608877627,0.8139864540279163,0.9345070608877627,0.8139864540279163
265,1.0,0.0,0.0,mask_bank,True,2,0.8503914415671993,0.7272835468593561,0.4976778341570266,0.36198388692436534,single_mask,True,1,0.0,-0.002570516993402994,0.14969730324656136,-0.002570516993402994
266,1.0,0.0,0.0,mask_bank,True,1,0.003986355977470952,0.9256568378276356,0.9621542940281329,0.9256568378276356,single_mask,True,1,0.003945254509580572,0.9655696498520386,0.9826540514273707,0.9655696498520386
267,1.0,0.0,0.0,mask_bank,True,1,0.4624894970536251,0.20546275964376098,0.4624894970536251,0.20546275964376098,single_mask,True,1,0.4732421406230712,0.215320884634126,0.4732421406230712,0.215320884634126
268,1.0,0.0,0.0,mask_bank,True,2,0.060552168003423924,0.007127198365854867,0.09037601498482761,0.007127198365854867,single_mask,True,1,0.001524785881126639,0.00202721416723714,0.06120603015054872,0.00202721416723714
269,1.0,0.0,0.0,mask_bank,True,4,0.22187708099119674,0.03877645174439635,0.25848317927379305,0.03877645174439635,single_mask,True,1,0.009477814669426635,0.04791149126792143,0.1621422127436878,0.04791149126792143
270,0.9572038651526185,9.840001574400252e-05,0.04269773483163757,mask_bank,True,5,0.37337695597360365,0.11026332490262768,0.47753274845725696,0.2559922940761242,single_mask,True,1,0.018220785847920924,-0.007106963661084891,0.018220785847920924,-0.007106963661084891
271,1.0,0.0,0.0,mask_bank,True,3,0.11507517247773767,0.19240302281894994,0.33189892494593304,0.19240302281894994,single_mask,True,1,0.0010683545324415562,0.3175070762088728,0.3456716417889811,0.3175070762088728
272,1.0,0.0,0.0,mask_bank,True,4,0.16734356355409308,0.027460832273550385,0.19633043518655252,0.08354729956883389,single_mask,True,1,0.06397955592271652,0.04929374624997841,0.09942481511869157,0.04929374624997841
273,1.0,0.0,0.0,mask_bank,True,1,0.009005388470142785,0.9343154490075801,0.9714102510475872,0.9343154490075801,single_mask,True,1,0.009076478489145608,0.9628918574305384,0.9839734656321646,0.9628918574305384
274,1.0,0.0,0.0,mask_bank,True,1,0.0067801794453392124,0.9281955828239067,0.9699208589269745,0.9281955828239067,single_mask,True,1,0.006869843407969574,0.9630594456768272,0.9846736935264762,0.9630594456768272
275,1.0,0.0,0.0,mask_bank,True,2,0.40528074698596994,0.7223918077523439,0.8517892675195189,0.7223918077523439,single_mask,True,1,0.8334169174166014,0.6802973590455746,0.8334169174166014,0.6802973590455746
276,1.0,0.0,0.0,mask_bank,True,2,0.39326150003423654,0.8364977159735961,0.8791217982613937,0.8364977159735961,single_mask,True,1,0.805052368089042,0.7721501519045272,0.805052368089042,0.7721501519045272
277,0.9652177100131946,4.581439671602404e-06,0.03477770854713385,mask_bank,True,8,0.18883312630628415,0.12402091441270552,0.30285015646260793,0.12402091441270552,single_mask,True,1,0.5736819331192963,0.15618418620791755,0.5736819331192963,0.15618418620791755
278,1.0,0.0,0.0,mask_bank,True,3,0.3083976898061928,0.420695008109532,0.5848167361952508,0.420695008109532,single_mask,True,1,0.10655345090308489,-0.0028853159837634776,0.10655345090308489,-0.0028853159837634776
279,1.0,0.0,0.0,mask_bank,True,4,0.2185865825991345,0.33469589990855997,0.4414551463096401,0.33469589990855997,single_mask,True,1,6.966213862717059e-05,0.014730359854279894,0.12085678548998705,0.014730359854279894
280,1.0,0.0,0.0,mask_bank,True,2,0.29673131946690623,0.4381561449384255,0.6662812577515351,0.4381561449384255,single_mask,True,1,0.5841511375738153,0.5260987570283577,0.5841511375738153,0.5260987570283577
281,1.0,0.0,0.0,mask_bank,True,3,0.32353149546460935,0.5615939066653839,0.635122301820766,0.5615939066653839,single_mask,True,1,0.044552450384590714,-0.003077840352817898,0.044552450384590714,-0.003077840352817898
282,1.0,0.0,0.0,mask_bank,True,2,0.07682544941151934,0.07265469441416826,0.07682544941151934,0.07265469441416826,single_mask,True,1,0.09569260890729696,0.08865213235546404,0.09569260890729696,0.08865213235546404
283,0.9749092847684397,0.00029235240502846135,0.02479836282653184,mask_bank,True,6,0.4808383518775749,0.4599338221080984,0.22175995458720943,0.14669611847449007,single_mask,True,1,0.0,-0.009946575933741608,0.03459528053891714,-0.009946575933741608
284,1.0,0.0,0.0,mask_bank,True,4,0.0006176385695579541,0.006949084933558973,0.25346313020906563,0.06582729960093285,single_mask,True,1,0.0010460115965222748,0.00983510236190283,0.23436483356292537,0.00983510236190283
285,0.9625791139240506,9.229957805907172e-05,0.037328586497890295,mask_bank,True,8,0.1990677080934415,0.1718218898812275,0.21485800982474978,0.09969552572245147,single_mask,True,1,0.0,-0.021812103082377386,0.333868378811512,-0.021812103082377386
286,1.0,0.0,0.0,mask_bank,True,2,0.46027464981404465,0.866476019004385,0.9374368261133477,0.866476019004385,single_mask,True,1,0.0006234413965078832,0.9639552993917466,0.971597734679202,0.9639552993917466
287,1.0,0.0,0.0,mask_bank,True,2,0.8640568522890151,0.7623809621459873,0.4690148742668655,0.3793452946426732,single_mask,True,1,0.0,-0.0036659272008898775,0.07466923777344973,-0.0036659272008898775
288,1.0,0.0,0.0,mask_bank,True,3,0.2250865204715388,0.2334059626050429,0.43884960085756336,0.2334059626050429,single_mask,True,1,0.008094417463044446,0.6350716598009271,0.6572647718208676,0.6350716598009271
289,1.0,0.0,0.0,mask_bank,True,5,0.26040564782297343,0.369406050883053,0.3904723269649337,0.2952767873293761,single_mask,True,1,0.9513986592713908,0.9102880964438408,0.9513986592713908,0.9102880964438408
290,1.0,0.0,0.0,mask_bank,True,4,0.21666069939325902,0.06742500975147281,0.3126434766234356,0.06742500975147281,single_mask,True,1,0.46170589035448273,0.021653082930751705,0.46170589035448273,0.021653082930751705
291,0.9954754601226994,0.002607361963190184,0.0019171779141104294,mask_bank,True,4,0.2860718599878542,0.44484562066334576,0.5122379827594824,0.44484562066334576,single_mask,True,1,0.8325161526791343,0.7827445392004567,0.8325161526791343,0.7827445392004567
292,1.0,0.0,0.0,mask_bank,True,3,0.1345915878388109,0.08973229781275636,0.2727239273099233,0.08973229781275636,single_mask,True,1,0.27579935333182615,0.044263525474695614,0.27579935333182615,0.044263525474695614
293,1.0,0.0,0.0,mask_bank,True,4,0.3233100389015332,0.5236739333877279,0.476233802622733,0.3925895143183247,single_mask,True,1,0.0,-0.00067219020915305,0.014675342655355547,-0.00067219020915305
294,0.9539958544449563,0.024134423460770767,0.021869722094272993,mask_bank,True,6,0.02292225916674636,0.14619236332713764,0.16239253120116956,0.12182696943928135,single_mask,True,1,0.013638091617541597,0.00987284694680209,0.03356490515954111,0.00987284694680209
295,1.0,0.0,0.0,mask_bank,True,7,0.21468087029824895,0.0030230001711997628,0.2616412254769501,0.0030230001711997628,single_mask,True,1,0.318667419536265,-0.05270590922087781,0.318667419536265,-0.05270590922087781
296,1.0,0.0,0.0,mask_bank,True,3,0.04504496532677023,0.4057676398413176,0.3310001729046752,0.27292261312986527,single_mask,True,1,0.08835781626816848,-0.03346126436253114,0.08835781626816848,-0.03346126436253114
297,1.0,0.0,0.0,mask_bank,True,3,0.3210575787960351,0.5959017168049116,0.6414197835550635,0.5959017168049116,single_mask,True,1,0.06760860135072315,0.02947816558594127,0.06760860135072315,0.02947816558594127
298,0.9730773456383213,0.0,0.026922654361678754,mask_bank,True,3,0.2899883023489573,0.5313669496415672,0.6084762146530384,0.5313669496415672,single_mask,True,1,0.005589656312758136,-0.004127955718663102,0.005589656312758136,-0.004127955718663102
299,1.0,0.0,0.0,mask_bank,True,4,0.1785033570577408,0.25813689119354255,0.40334852520778036,0.25813689119354255,single_mask,True,1,0.4493283634541857,0.18795645415451387,0.4493283634541857,0.18795645415451387
300,1.0,0.0,0.0,mask_bank,True,4,0.31905580678637485,0.4289634439856531,0.48140077637215495,0.38781429370088005,single_mask,True,1,0.003957193941938424,0.8845539485254461,0.9266400709190519,0.8845539485254461
301,1.0,0.0,0.0,mask_bank,True,3,0.3276377089391704,0.5264453554590437,0.6150004193005555,0.5264453554590437,single_mask,True,1,0.07396251673355764,0.6464804658922085,0.6251762847615919,0.6464804658922085
302,1.0,0.0,0.0,mask_bank,True,4,0.31627554177942696,0.56226607963555,0.47724328271437205,0.42410619791515675,single_mask,True,1,0.9572638658310174,0.9128520275419547,0.9572638658310174,0.9128520275419547
303,0.9913128122245077,0.002816142619257518,0.0058710451562346945,mask_bank,True,9,0.10228094454671571,0.143381565565867,0.18930866369550198,0.13318278610181314,single_mask,True,1,0.0,0.05162249133031161,0.04715887127934409,0.05162249133031161
304,1.0,0.0,0.0,mask_bank,True,5,0.47858020568554255,0.6631521018311612,0.4176084690666945,0.24522128402891932,single_mask,True,1,0.0,-0.02281972320964068,0.05424508361647264,-0.02281972320964068
305,1.0,0.0,0.0,mask_bank,True,4,0.47160376131487186,0.391287441775442,0.4795153796127308,0.39500657031045183,single_mask,True,1,0.0,0.8024070414707162,0.8940297152513268,0.8024070414707162
306,0.9670998285203184,0.0,0.032900171479681654,mask_bank,True,3,0.9638547812672472,0.9214848671121729,0.6410729207319911,0.6164811385585257,single_mask,True,1,0.0,0.9454497224389609,0.9690046354367098,0.9454497224389609
307,0.9541409917840376,9.536384976525822e-05,0.04576364436619718,mask_bank,True,6,0.3259812791874067,0.3198367998761528,0.19693904889491023,0.1803282691219179,single_mask,True,1,1.727414061149463e-05,0.0009156131320582583,0.0013858413211671257,0.0009156131320582583
308,1.0,0.0,0.0,mask_bank,True,5,0.07199586317753484,0.10175574294172653,0.20178976251387679,0.08888803967394618,single_mask,True,1,0.0,0.1321935936784627,0.25209961506983525,0.1321935936784627
309,1.0,0.0,0.0,mask_bank,True,3,0.3223584553731164,0.5541040152398404,0.6236124498640226,0.5541040152398404,single_mask,True,1,0.01165583002146968,0.8824118596953101,0.9276231263352738,0.8824118596953101
310,1.0,0.0,0.0,mask_bank,True,2,0.4673631206734497,0.8789170805597315,0.9380904615784181,0.8789170805597315,single_mask,True,1,0.9413353008572215,0.8857407306274877,0.9413353008572215,0.8857407306274877
311,1.0,0.0,0.0,mask_bank,True,3,0.48898165511801106,0.9218807807852385,0.652634715483233,0.6123987448289674,single_mask,True,1,0.9861107911989264,0.9756085982394094,0.9861107911989264,0.9756085982394094
312,1.0,0.0,0.0,mask_bank,True,3,0.23625482556040478,0.42200364095415765,0.5248233019036551,0.42200364095415765,single_mask,True,1,0.524742334035834,0.4568034444556965,0.524742334035834,0.4568034444556965
313,1.0,0.0,0.0,mask_bank,True,3,0.44317737012837816,0.4653153630124641,0.5693301752384629,0.3572156743080011,single_mask,True,1,0.01632477294074411,0.18724437581702752,0.4592463705048162,0.18724437581702752
314,1.0,0.0,0.0,mask_bank,True,2,0.46756369013401705,0.9020735090960121,0.9473240119840474,0.9020735090960121,single_mask,True,1,0.00020417437809129612,0.9280162376081834,0.971119133573014,0.9280162376081834
315,1.0,0.0,0.0,mask_bank,True,3,0.27823000158049244,0.48195017671929596,0.5784811248817614,0.48195017671929596,single_mask,True,1,0.7934635042309666,0.6400774576315916,0.7934635042309666,0.6400774576315916
316,1.0,0.0,0.0,mask_bank,True,1,0.01675883463714466,0.6074126842467509,0.8330673697337286,0.6074126842467509,single_mask,True,1,0.02066678704505874,0.67255404149045,0.8649319602775264,0.67255404149045
317,1.0,0.0,0.0,mask_bank,True,3,0.323128837408726,0.6049167750682444,0.6447267200841592,0.6049167750682444,single_mask,True,1,0.9382504288142314,0.8917323708972796,0.9382504288142314,0.8917323708972796
318,1.0,0.0,0.0,mask_bank,True,5,0.09435686505444933,0.21636482514536312,0.2534297185185873,0.17275447604833893,single_mask,True,1,0.20708918525430942,0.05929765763478958,0.20708918525430942,0.05929765763478958
319,1.0,0.0,0.0,mask_bank,True,5,0.17818450576442443,0.33369482252119115,0.37104075498982275,0.33369482252119115,single_mask,True,1,0.009622434017565913,-0.0015088040135301927,0.012635025714924216,-0.0015088040135301927
320,1.0,0.0,0.0,mask_bank,True,5,0.2548456355783252,0.12036873508651438,0.38366220206156065,0.2569482663752286,single_mask,True,1,0.9050761913961706,0.8155696937749335,0.9050761913961706,0.8155696937749335
321,1.0,0.0,0.0,mask_bank,True,3,0.9774230601616928,0.9500287606466203,0.5741558987534066,0.47846626738257,single_mask,True,1,0.0,0.04254726186095661,0.12639330206220611,0.04254726186095661
322,1.0,0.0,0.0,mask_bank,True,3,0.978591730079356,0.954518143933115,0.6362392847617596,0.5934914340122277,single_mask,True,1,0.0,0.8381022162262439,0.9087062955646088,0.8381022162262439
323,1.0,0.0,0.0,mask_bank,True,3,0.9400252665153482,0.8848357349200612,0.44343220520546406,0.3180953797162941,single_mask,True,1,0.0,0.06494631697006174,0.27952354664682255,0.06494631697006174
324,1.0,0.0,0.0,mask_bank,True,4,0.7887449054217035,0.62756777930553,0.4443099747112287,0.2983904840680316,single_mask,True,1,0.0,1.7211580868780835e-05,0.03218873267919443,1.7211580868780835e-05
325,1.0,0.0,0.0,mask_bank,True,5,0.09189118488147488,0.15889856002317887,0.377814392614405,0.15889856002317887,single_mask,True,1,0.003170845135910156,0.3785208562712877,0.6882958020534429,0.3785208562712877
326,1.0,0.0,0.0,mask_bank,True,4,0.03980523258241618,0.15159874370117082,0.24610969915835562,0.15159874370117082,single_mask,True,1,0.01988206833983499,0.008788555440268742,0.01988206833983499,0.008788555440268742
327,1.0,0.0,0.0,mask_bank,True,2,0.028955621428816095,0.6698095165804858,0.4441628901307147,0.33552902987052907,single_mask,True,1,0.0,0.0012873487264831256,0.057989894204729234,0.0012873487264831256
328,1.0,0.0,0.0,mask_bank,True,7,0.18652781811083846,0.09992566980946208,0.25917301467377035,0.11907715961791945,single_mask,True,1,0.0,0.3324540806670941,0.4448656450924448,0.3324540806670941
329,1.0,0.0,0.0,mask_bank,True,2,0.4432158871930072,0.8146423320846427,0.901693980543904,0.8146423320846427,single_mask,True,1,0.8948875802973906,0.8266321962823666,0.8948875802973906,0.8266321962823666
330,1.0,0.0,0.0,mask_bank,True,5,0.2298448095909208,0.2974702498799406,0.35902969842118415,0.23977805329831678,single_mask,True,1,0.0,0.00903768428884108,0.12740781507892537,0.00903768428884108
331,0.9532296086751533,0.00015715857300015716,0.04661323275184661,mask_bank,True,2,0.0003887378335979811,0.42008480460022546,0.4825892467593182,0.42008480460022546,single_mask,True,1,0.0008241319283839243,0.9189903475208128,0.9684002382962134,0.9189903475208128
332,1.0,0.0,0.0,mask_bank,True,2,0.07070446995711745,0.06783244826134058,0.5605101299557833,0.06783244826134058,single_mask,True,1,0.14604332503617068,0.2144325802484339,0.839810558572554,0.2144325802484339
333,1.0,0.0,0.0,mask_bank,False,0,0.0,0.0,0.0,0.0,single_mask,True,1,0.633897223105951,0.11006157219263284,0.633897223105951,0.11006157219263284
334,1.0,0.0,0.0,mask_bank,False,0,0.0,0.0,0.0,0.0,single_mask,True,1,0.0,-0.049902078783543975,0.0887734192036821,-0.049902078783543975
335,1.0,0.0,0.0,mask_bank,True,2,0.24633172228099923,0.07502407352592645,0.24633172228099923,0.07502407352592645,single_mask,True,1,0.4447081295388397,0.16298546775518113,0.4447081295388397,0.16298546775518113
336,1.0,0.0,0.0,mask_bank,True,3,0.31512804229855634,0.5296424451566281,0.6234261089167933,0.5296424451566281,single_mask,True,1,0.006392019212993918,-0.03002423921188811,0.049496788376284226,-0.03002423921188811
337,1.0,0.0,0.0,mask_bank,True,4,0.30695524454679507,0.5090001848261203,0.45615311444011175,0.37883057609287624,single_mask,True,1,0.0,-0.011686353078844712,0.0324372015777034,-0.011686353078844712
338,1.0,0.0,0.0,mask_bank,True,3,0.4272837789225765,0.3643180244618728,0.5190562741316538,0.2799336281240008,single_mask,True,1,0.84895420809983,0.7786986305221943,0.84895420809983,0.7786986305221943
339,1.0,0.0,0.0,mask_bank,True,5,0.1927792504420611,0.31493319172633094,0.3805817154251808,0.31493319172633094,single_mask,True,1,0.05663814697922301,-0.0013291538005154658,0.06993679182059964,-0.0013291538005154658
340,0.9979091546474359,0.0019030448717948718,0.00018780048076923078,mask_bank,True,2,0.20222203460945778,0.051487798452495626,0.3452699700878406,0.051487798452495626,single_mask,True,1,0.08013021533291483,0.02713966041224265,0.08013021533291483,0.02713966041224265
341,1.0,0.0,0.0,mask_bank,True,3,0.3061708729000338,0.5045290889207454,0.6086947683104585,0.5045290889207454,single_mask,True,1,0.010536441322528048,0.8833615528226821,0.9284170530189138,0.8833615528226821
342,0.9599771787191557,0.0015261731564684068,0.03849664812437598,mask_bank,True,2,0.0036521658730469353,0.8487532928243648,0.45721848541747767,0.4246551688406364,single_mask,True,1,0.0,0.0005801371030663181,0.002545978359175418,0.0005801371030663181
343,1.0,0.0,0.0,mask_bank,True,3,0.46981704623311765,0.7850004516738656,0.5910045289716817,0.5298297559283905,single_mask,True,1,8.56468169971178e-05,0.7246779583911376,0.7991429103757557,0.7246779583911376
344,1.0,0.0,0.0,mask_bank,True,5,0.3241895679447267,0.2856232415605377,0.3553674360136846,0.23474942392690665,single_mask,True,1,0.0,-0.010330983807325868,0.03164994811479705,-0.010330983807325868
345,0.9772209985315712,7.342143906020558e-05,0.022705580029368577,mask_bank,True,6,0.18954564999324927,0.0012787331971979405,0.29073157657603255,0.12209158429970167,single_mask,True,1,0.004762302615075717,-0.003276279113301857,0.004762302615075717,-0.003276279113301857
346,0.9882271274749562,0.00019149369068183723,0.011581378834361947,mask_bank,True,5,0.19105511015399798,0.27499687508634885,0.3830183842222743,0.27499687508634885,single_mask,True,1,0.05975193540326334,0.00576245609285713,0.05975193540326334,0.00576245609285713
347,1.0,0.0,0.0,mask_bank,True,1,0.0,0.3828282490282427,0.442137428502538,0.3828282490282427,single_mask,True,1,0.0,0.3994680723713961,0.45929640366505015,0.3994680723713961
348,1.0,0.0,0.0,mask_bank,True,1,2.3493664541776832e-05,0.7067164066672674,0.8359553563465286,0.7067164066672674,single_mask,True,1,2.3065745061990677e-05,0.7653034480082033,0.8711152008060923,0.7653034480082033
349,1.0,0.0,0.0,mask_bank,True,2,0.42414373164795705,0.5921045027933791,0.7710883763247114,0.5921045027933791,single_mask,True,1,0.00012607160867319687,0.5432324411545327,0.7174152009993922,0.5432324411545327
350,1.0,0.0,0.0,mask_bank,True,3,0.281914281180799,0.4478037291912267,0.5625555926063636,0.4478037291912267,single_mask,True,1,0.792485640510111,0.6522614874223829,0.792485640510111,0.6522614874223829
351,0.986619421243567,0.001240192356365477,0.012140386400067494,mask_bank,True,5,0.2033356779757991,0.3399012971170721,0.3958312664740103,0.3399012971170721,single_mask,True,1,0.9374156653586432,0.8711781181248868,0.9374156653586432,0.8711781181248868
352,1.0,0.0,0.0,mask_bank,True,6,0.02741509471503861,0.1229747271052522,0.16855260954839993,0.1229747271052522,single_mask,True,1,0.07325092056764038,-0.00816613211749457,0.07325092056764038,-0.00816613211749457
353,1.0,0.0,0.0,mask_bank,True,4,0.1889748326758574,0.23142229242283027,0.3980193542480719,0.23142229242283027,single_mask,True,1,0.55292128498759,0.3010856086091177,0.55292128498759,0.3010856086091177
354,0.998007014418527,0.0,0.0019929855814730278,mask_bank,True,3,0.5206278553757046,0.7108450275618207,0.8450590484767296,0.7108450275618207,single_mask,True,1,0.8482237147787601,0.7050199836002499,0.8482237147787601,0.7050199836002499
355,1.0,0.0,0.0,mask_bank,True,3,0.2675704496849593,0.435110330337069,0.5804703680895041,0.435110330337069,single_mask,True,1,0.20405821053021136,0.05239974823734777,0.20405821053021136,0.05239974823734777
356,0.9593934265123389,0.00010919414719371041,0.04049737934046735,mask_bank,True,3,0.4824511493527315,0.44793969021403557,0.6311042886822044,0.6007826307144614,single_mask,True,1,0.0,0.9202659098493511,0.9391511476789123,0.9202659098493511
357,1.0,0.0,0.0,mask_bank,True,3,0.32180978375115327,0.5398276622443031,0.5934699638818473,0.5398276622443031,single_mask,True,1,0.000538109697504443,0.7903972038634514,0.8215973970113475,0.7903972038634514
358,1.0,0.0,0.0,mask_bank,True,3,0.46834416188535943,0.872907172641174,0.6289361411945206,0.5781069357743521,single_mask,True,1,0.936035778358938,0.9195855594730965,0.936035778358938,0.9195855594730965
359,1.0,0.0,0.0,mask_bank,True,3,0.43124222828844444,0.3547816484979769,0.5709000824619038,0.4607183944641531,single_mask,True,1,0.7879839363074859,0.679661528120566,0.7879839363074859,0.679661528120566
360,1.0,0.0,0.0,mask_bank,True,2,0.3054693473513088,0.0032838545911040833,0.3054693473513088,0.0032838545911040833,single_mask,True,1,0.07439078641651727,-0.004822483518539887,0.07439078641651727,-0.004822483518539887
361,1.0,0.0,0.0,mask_bank,True,5,0.20943089550839838,0.026673699114636584,0.20943089550839838,0.026673699114636584,single_mask,True,1,0.11659709226948516,-0.007741331946694566,0.11659709226948516,-0.007741331946694566
362,1.0,0.0,0.0,mask_bank,True,5,0.2480543940490523,-0.05459906082853335,0.21639351802295126,-0.02205322600855748,single_mask,True,1,0.0,0.1126171819713083,0.09359167084185963,0.1126171819713083
363,1.0,0.0,0.0,mask_bank,True,5,0.19073917682190275,0.1923805553324694,0.38131883324794186,0.1923805553324694,single_mask,True,1,0.024443069306908448,-0.01869667004712775,0.024443069306908448,-0.01869667004712775
364,0.9690763052208835,0.0006827309236947791,0.030240963855421688,mask_bank,True,3,0.22194735734822332,0.26840201337836694,0.5196668569569017,0.26840201337836694,single_mask,True,1,0.04539027661949248,-0.009433425167383746,0.29156167215774514,-0.009433425167383746
365,1.0,0.0,0.0,mask_bank,True,2,0.4839590968529664,0.6740991767568937,0.805241901076815,0.6740991767568937,single_mask,True,1,0.0004094410276966303,0.44974719328482227,0.6714590443676458,0.44974719328482227
366,1.0,0.0,0.0,mask_bank,True,6,0.2086750722723313,0.1645383723882795,0.3575650688607017,0.1645383723882795,single_mask,True,1,0.014396536171730836,-0.011786021972075006,0.014396536171730836,-0.011786021972075006
367,1.0,0.0,0.0,mask_bank,True,6,0.20060290524044624,0.22412915006110684,0.3170176551026625,0.1888352859445596,single_mask,True,1,0.10443924558804199,-0.006365855736442477,0.10443924558804199,-0.006365855736442477
368,1.0,0.0,0.0,mask_bank,True,3,0.2974066290947898,0.4475674285268858,0.610224780590837,0.4475674285268858,single_mask,True,1,4.4243033302335244e-05,0.9171611812780887,0.9485254206607736,0.9171611812780887
369,1.0,0.0,0.0,mask_bank,False,0,0.0,0.0,0.0,0.0,single_mask,True,1,0.0,-0.007211776848620365,0.08331631611133812,-0.007211776848620365
370,1.0,0.0,0.0,mask_bank,True,7,0.18723715965241353,0.16402722323927088,0.2994687754807144,0.2727618463946668,single_mask,True,1,0.9738534336267055,0.9669985656443796,0.9738534336267055,0.9669985656443796
371,1.0,0.0,0.0,mask_bank,True,4,0.23589520691402185,0.4050014224351361,0.4758571352082057,0.4050014224351361,single_mask,True,1,0.041176539575637494,-0.014015252950532948,0.041176539575637494,-0.014015252950532948
372,0.9551971756568519,8.806058568294987e-05,0.04471476375746514,mask_bank,True,5,0.22244051427054398,0.31691854834784744,0.3400383059877586,0.2538665794950349,single_mask,True,1,0.00011287563709604598,7.856222715411045e-06,0.00011287563709604598,7.856222715411045e-06
373,1.0,0.0,0.0,mask_bank,True,5,0.21175661035827492,0.14024780613606794,0.3494893587897584,0.14024780613606794,single_mask,True,1,0.22091395478146306,0.024273741223084205,0.22091395478146306,0.024273741223084205
374,1.0,0.0,0.0,mask_bank,True,4,0.18822709455371878,0.3104444457253628,0.41047930945873634,0.3104444457253628,single_mask,True,1,0.024315648459357693,0.8479235755504793,0.9204102050979469,0.8479235755504793
375,1.0,0.0,0.0,mask_bank,True,4,0.4550960891314208,0.35774023978216696,0.45205119333299176,0.3664223295936848,single_mask,True,1,0.0,0.7676551194369232,0.8703688558037919,0.7676551194369232
376,1.0,0.0,0.0,mask_bank,True,3,0.33736816197117286,0.5672446245270685,0.6460256012210431,0.5672446245270685,single_mask,True,1,0.002062387213191683,0.921847881972187,0.9552141753966088,0.921847881972187
377,0.9988839285714286,0.0,0.0011160714285714285,mask_bank,True,3,0.9540382165556481,0.9313846585402826,0.5793085879232557,0.34110515506466155,single_mask,True,1,0.0,0.030289700675702115,0.3707969533705777,0.030289700675702115
378,1.0,0.0,0.0,mask_bank,True,2,0.9696007526255682,0.9383132434326705,0.49420310029123343,0.4698854678355813,single_mask,True,1,0.0,0.0014696034910446469,0.018930401099469384,0.0014696034910446469
379,1.0,0.0,0.0,mask_bank,True,4,0.9713177542888174,0.9650950030715458,0.3274334347006803,0.20003912315535233,single_mask,True,1,0.0,-0.02046549162057527,0.02719040666675373,-0.02046549162057527
380,1.0,0.0,0.0,mask_bank,True,3,0.19844155353697587,-0.046526215793435556,0.19844155353697587,-0.046526215793435556,single_mask,True,1,0.15029313737285638,-0.09614413838229152,0.15029313737285638,-0.09614413838229152
381,1.0,0.0,0.0,mask_bank,True,3,0.15881750950928145,-0.024739800788829234,0.15881750950928145,-0.024739800788829234,single_mask,True,1,0.1432833227129025,-0.03588958164319669,0.1432833227129025,-0.03588958164319669
382,1.0,0.0,0.0,mask_bank,True,3,0.495508751373376,0.4363939956998519,0.5125171613754235,0.26706806921333653,single_mask,True,1,0.0,-0.06792645728159434,0.33076957524425027,-0.06792645728159434
383,1.0,0.0,0.0,mask_bank,True,3,0.4643480412203433,0.5626257768629037,0.61463645140754,0.3498530191917923,single_mask,True,1,0.0,-0.07298200091150912,0.2967359951414958,-0.07298200091150912
384,1.0,0.0,0.0,mask_bank,False,0,0.0,0.0,0.0,0.0,single_mask,True,1,0.0,-0.02271439237751144,0.11074595957272432,-0.02271439237751144
385,1.0,0.0,0.0,mask_bank,True,4,0.4810264812642359,0.39341851244577947,0.4856321143201158,0.40609291565245953,single_mask,True,1,0.0,0.09387061174756348,0.16393279319935594,0.09387061174756348
386,1.0,0.0,0.0,mask_bank,True,9,0.16608229392254933,0.07562120558728833,0.2731557494582624,0.07562120558728833,single_mask,True,1,0.018633897866068127,-0.019484627240813773,0.018633897866068127,-0.019484627240813773
387,1.0,0.0,0.0,mask_bank,True,4,0.31869316237866735,0.583393519375404,0.49819115436364464,0.4385215368511033,single_mask,True,1,0.00043311753442045885,0.8673794899044186,0.931977834980008,0.8673794899044186
388,1.0,0.0,0.0,mask_bank,True,2,0.4766479798957704,0.9243451994272643,0.9622180945113349,0.9243451994272643,single_mask,True,1,0.001976532597097985,0.9522583591524848,0.9741407963804621,0.9522583591524848
389,1.0,0.0,0.0,mask_bank,True,2,0.47962745873905216,0.8888911377965277,0.9351424609110425,0.8888911377965277,single_mask,True,1,0.001587742626913874,0.927881286295022,0.9362884834530176,0.927881286295022
390,1.0,0.0,0.0,mask_bank,True,2,0.18225438172563657,0.02746079065171626,0.20190110079754572,0.02746079065171626,single_mask,True,1,0.01671739865676978,-0.015623042003605609,0.01671739865676978,-0.015623042003605609
391,1.0,0.0,0.0,mask_bank,True,3,0.47884059056135364,0.493907810171507,0.7169759665728024,0.6142951588095282,single_mask,True,1,3.287419047300556e-05,0.9530074854830869,0.9762945691214862,0.9530074854830869
392,1.0,0.0,0.0,mask_bank,True,4,0.32191608841906083,0.5184070180472152,0.49140563185020336,0.39345609955154326,single_mask,True,1,0.0038170459498343633,0.9552049643284277,0.9749594249927908,0.9552049643284277
393,1.0,0.0,0.0,mask_bank,True,3,0.30192543828807894,0.4719015458061455,0.621777698697811,0.4719015458061455,single_mask,True,1,0.15046666322874153,-0.026506952427443702,0.15046666322874153,-0.026506952427443702
394,1.0,0.0,0.0,mask_bank,True,3,0.33087223739259575,0.17444372376114503,0.4734443266542478,0.32208791242815277,single_mask,True,1,0.618907333250464,0.3235650342541741,0.618907333250464,0.3235650342541741
395,1.0,0.0,0.0,mask_bank,True,1,0.14951831964604453,0.3621258995703183,0.6701773835906418,0.3621258995703183,single_mask,True,1,0.15575806704649892,0.3605570814999084,0.6728177019880779,0.3605570814999084
396,1.0,0.0,0.0,mask_bank,True,3,0.26647980005194083,0.039069300144021005,0.2769415128378689,0.039069300144021005,single_mask,True,1,0.27575043635028096,0.16934507606954363,0.3231581209203041,0.16934507606954363
397,1.0,0.0,0.0,mask_bank,True,4,0.20175912589643974,0.019143187317490432,0.2575485035767714,0.019143187317490432,single_mask,True,1,0.3768424699052768,-0.06051376819094507,0.3768424699052768,-0.06051376819094507
398,1.0,0.0,0.0,mask_bank,True,4,0.19173665318353175,0.14823759973197487,0.32163174921579996,0.1269906396720673,single_mask,True,1,0.0,0.06627822379882889,0.21709555810344947,0.06627822379882889
399,1.0,0.0,0.0,mask_bank,True,3,0.4268303149907576,0.23056047265363988,0.24192206243111378,0.07436572430070519,single_mask,True,1,0.0,0.04919306218245495,0.30488658638823235,0.04919306218245495
400,0.9700589912107055,0.0014945759759284187,0.028446432813366063,mask_bank,True,2,0.30545199512640564,0.2879167358370342,0.30545199512640564,0.2879167358370342,single_mask,True,1,0.028496548669194578,0.0255335353289066,0.028496548669194578,0.0255335353289066
401,0.9911144232974088,0.0001480929450431858,0.008737483757547963,mask_bank,True,2,0.43468839030375184,0.8963603057340188,0.9257646645087562,0.8963603057340188,single_mask,True,1,0.8978118511405561,0.8763641932615259,0.8978118511405561,0.8763641932615259
402,1.0,0.0,0.0,mask_bank,True,2,0.9401951911529481,0.8699973253053551,0.8406390619025778,0.7336492126216252,single_mask,True,1,0.0,0.6163419383472234,0.7549731309488861,0.6163419383472234
403,1.0,0.0,0.0,mask_bank,True,6,0.311353365307908,0.3848956861605383,0.27189382693687847,0.19400166719124837,single_mask,True,1,0.0,0.010715773446646721,0.08513333549847295,0.010715773446646721
404,1.0,0.0,0.0,mask_bank,True,10,0.10209731022449217,0.08249926549872415,0.18057552078844402,0.08249926549872415,single_mask,True,1,0.08263091349677949,-0.016963592558026302,0.08263091349677949,-0.016963592558026302
405,1.0,0.0,0.0,mask_bank,True,5,0.22199463894863627,0.007338775471306229,0.3254469671608763,0.12416782223286298,single_mask,True,1,0.16889408620019547,-0.04028324952554007,0.16889408620019547,-0.04028324952554007
406,1.0,0.0,0.0,mask_bank,True,13,0.10198892801743084,0.12071654018294913,0.13494962724805717,0.05915279848980227,single_mask,True,1,0.0027049295008295857,0.28793871231070417,0.7487236058659336,0.28793871231070417
407,1.0,0.0,0.0,mask_bank,True,2,0.4598201533776382,0.276100224476158,0.4598201533776382,0.276100224476158,single_mask,True,1,0.2095488285419875,0.04416833668330207,0.2095488285419875,0.04416833668330207
408,1.0,0.0,0.0,mask_bank,True,8,0.23446852505305935,0.13428146736316768,0.31664908698201166,0.14270866251028722,single_mask,True,1,0.13059453295704732,0.02536129098792523,0.13059453295704732,0.02536129098792523
409,0.9847399990554008,0.00027393378359231096,0.014986067161006943,mask_bank,True,2,0.4365106938902297,0.4238268835936793,0.646364587561536,0.4238268835936793,single_mask,True,1,0.8744806472759048,0.8632841865397977,0.8744806472759048,0.8632841865397977
410,1.0,0.0,0.0,mask_bank,True,2,0.48786416239823494,0.924037936445889,0.954261306570814,0.924037936445889,single_mask,True,1,0.0005833864503092037,0.9272531651991595,0.9413683029920777,0.9272531651991595
411,1.0,0.0,0.0,mask_bank,True,4,0.3141462715852124,0.47522267362705084,0.4465719877695091,0.3550542080235506,single_mask,True,1,0.0,-0.005462319705581368,0.03278076627504055,-0.005462319705581368
412,0.9679098480420807,0.002136908240794857,0.02995324371712449,mask_bank,True,2,0.4192279273236553,0.3540599871402002,0.4192279273236553,0.3540599871402002,single_mask,True,1,0.0014748690083389293,8.35452769265316e-05,0.0014748690083389293,8.35452769265316e-05
413,1.0,0.0,0.0,mask_bank,True,2,0.9351178990284311,0.826012506825954,0.8163750347426886,0.7356153295991137,single_mask,True,1,0.0,0.664658518981432,0.7153677987476819,0.664658518981432
414,0.9546188517109199,0.0,0.04538114828908016,mask_bank,True,4,0.9759906360611853,0.9511316605777679,0.48139564451294903,0.360969428933969,single_mask,True,1,0.0,5.53546990905358e-06,9.101665604791873e-05,5.53546990905358e-06
415,1.0,0.0,0.0,mask_bank,True,4,0.28508719157160006,0.32138403779350383,0.4458213143161935,0.24694999981976617,single_mask,True,1,0.0,0.02404883697556859,0.16333232673953144,0.02404883697556859
416,0.9870788081314397,9.746588693957115e-05,0.012823725981620718,mask_bank,True,2,0.41500508000101544,0.7278102705278011,0.863097797628233,0.7278102705278011,single_mask,True,1,0.001588745901755436,0.9005796268340323,0.9214403347090335,0.9005796268340323
417,1.0,0.0,0.0,mask_bank,True,2,0.0001300536688138845,0.6205019279063492,0.3536705622863854,0.32656162199636324,single_mask,True,1,0.0,0.03357169460526607,0.04112968844315827,0.03357169460526607
418,1.0,0.0,0.0,mask_bank,True,3,0.18505160071902113,0.345320211348257,0.4871536555381426,0.345320211348257,single_mask,True,1,0.3069807849534598,0.13043559754814996,0.3069807849534598,0.13043559754814996
419,1.0,0.0,0.0,mask_bank,True,2,0.06477210650891127,0.016439091443654373,0.10871717083202698,0.016439091443654373,single_mask,True,1,0.0005368794912012188,-0.014717925618639821,0.08894831897718482,-0.014717925618639821
420,1.0,0.0,0.0,mask_bank,True,1,0.2888797912067505,0.26613913977063797,0.2888797912067505,0.26613913977063797,single_mask,True,1,0.2906625735467349,0.2677627417101818,0.2906625735467349,0.2677627417101818
421,1.0,0.0,0.0,mask_bank,True,7,0.1464424359491858,0.14482535641375652,0.2785250838560048,0.14482535641375652,single_mask,True,1,0.48709299601552075,0.17185636300989413,0.48709299601552075,0.17185636300989413
422,1.0,0.0,0.0,mask_bank,True,6,0.23856356204319798,0.14325662035023878,0.3012830740086581,0.1310729107134618,single_mask,True,1,0.6998795715237378,0.48529762573685403,0.6998795715237378,0.48529762573685403
423,1.0,0.0,0.0,mask_bank,True,3,0.7931306404942033,0.5906098321935989,0.3098348705545358,0.19433966473549266,single_mask,True,1,0.0,-0.003602800388487659,0.10458824064342417,-0.003602800388487659
424,1.0,0.0,0.0,mask_bank,True,2,0.8559700716987635,0.7815857287636565,0.7879726651392344,0.6088336300436938,single_mask,True,1,0.0,0.4631379340226801,0.7365382632873904,0.4631379340226801
425,0.9930182827524677,0.0005381445342925523,0.006443572713239772,mask_bank,True,3,0.30015447389976985,0.4262224367286663,0.6005738592493571,0.4262224367286663,single_mask,True,1,0.0015565037704920255,-0.011601445801442003,0.19076068249940806,-0.011601445801442003
426,0.976746328367637,0.000605358740853819,0.022648312891509186,mask_bank,True,2,0.4305421155131216,0.5439656547646924,0.7581718337436478,0.5439656547646924,single_mask,True,1,0.8834258524933469,0.8756548427364601,0.8834258524933469,0.8756548427364601
427,1.0,0.0,0.0,mask_bank,True,1,0.8192495048436174,0.653326135461519,0.8192495048436174,0.653326135461519,single_mask,True,1,0.8200055428818513,0.6532707567223777,0.8200055428818513,0.6532707567223777
428,0.9677574652733202,0.00011554163350193853,0.03212699309317791,mask_bank,True,3,0.4814752282850844,0.4752277006288218,0.6148606092956147,0.5515631629462108,single_mask,True,1,0.001944211366469631,0.0013690282928118904,0.001944211366469631,0.0013690282928118904
429,0.9713421771361685,0.0004877097151775263,0.028170113148653923,mask_bank,True,2,0.0034539418530449887,0.0034864384519383094,0.3368195464977554,0.2624358463660244,single_mask,True,1,0.0037213356577587456,0.0035133786325934205,0.01298062739692703,0.0035133786325934205
430,1.0,0.0,0.0,mask_bank,True,4,0.2911778093054396,0.26612707998586665,0.3917426075448711,0.22174015761065563,single_mask,True,1,2.533120551200615e-05,0.20722095658069162,0.4353247150599123,0.20722095658069162
431,1.0,0.0,0.0,mask_bank,True,5,0.262160501408037,0.33563931514785433,0.40895036786426,0.2664605029612252,single_mask,True,1,0.6502495247138631,0.4845977814351669,0.6502495247138631,0.4845977814351669
432,1.0,0.0,0.0,mask_bank,True,3,0.31641753955015334,0.5313599309639238,0.6131188429921257,0.5313599309639238,single_mask,True,1,0.0344980377260761,0.0012436730754803121,0.04477505694728947,0.0012436730754803121
433,1.0,0.0,0.0,mask_bank,False,0,0.0,0.0,0.0,0.0,single_mask,True,1,0.09520791984493268,-0.00806489253466458,0.09520791984493268,-0.00806489253466458
434,1.0,0.0,0.0,mask_bank,True,5,0.2917525249542127,0.15443929349879995,0.18793162148424059,0.09478402684200107,single_mask,True,1,0.7174084211288763,0.4708168678697281,0.7174084211288763,0.4708168678697281
435,1.0,0.0,0.0,mask_bank,True,3,0.44779807062511884,0.39160077720689906,0.6635975777455866,0.39160077720689906,single_mask,True,1,0.001025430680881766,0.6559038838166832,0.6757645041343846,0.6559038838166832
436,1.0,0.0,0.0,mask_bank,True,3,0.30687520010185787,0.7399120449752618,0.8097482114760229,0.7399120449752618,single_mask,True,1,0.01539605801410302,0.823869331821539,0.839394349054756,0.823869331821539
437,1.0,0.0,0.0,mask_bank,True,2,0.7592019427610152,0.6000493426287831,0.38700837878788397,0.2991938094579917,single_mask,True,1,0.7766296842970495,0.6256015472326252,0.7766296842970495,0.6256015472326252
438,1.0,0.0,0.0,mask_bank,True,2,0.43860060096912573,0.8528931994689221,0.9166461801788561,0.8528931994689221,single_mask,True,1,0.0017647383223931992,0.9447561474248779,0.9759998132258398,0.9447561474248779
439,1.0,0.0,0.0,mask_bank,True,5,0.3115077887621208,0.4183169504417776,0.3515711390183882,0.2644206019492114,single_mask,True,1,0.01950577603873264,0.0024479897528851807,0.028100417895728706,0.0024479897528851807
440,1.0,0.0,0.0,mask_bank,True,5,0.320747353982358,0.36758084253911033,0.3791371227857846,0.22646149617590106,single_mask,True,1,0.0035451171550238457,0.1137709581536908,0.3721045197713834,0.1137709581536908
441,1.0,0.0,0.0,mask_bank,True,5,0.2512923160823709,0.22316147836672312,0.3895838467781512,0.3087220562539829,single_mask,True,1,0.024061277162500786,-0.005285967018124372,0.12924317763545184,-0.005285967018124372
442,1.0,0.0,0.0,mask_bank,True,3,0.2507792904061896,0.2572866009074392,0.4360813586807723,0.2572866009074392,single_mask,True,1,0.03294700521979484,0.0019454623535524245,0.03294700521979484,0.0019454623535524245
443,1.0,0.0,0.0,mask_bank,True,3,0.4350085011400021,0.19350431875269355,0.6050757830204117,0.44066891690981347,single_mask,True,1,0.10400046584724859,-0.06149533004279525,0.10400046584724859,-0.06149533004279525
444,1.0,0.0,0.0,mask_bank,True,3,0.3184592010734393,0.5297484467702236,0.640004361786043,0.5297484467702236,single_mask,True,1,0.47879806266612235,0.33627179696084736,0.47879806266612235,0.33627179696084736
445,1.0,0.0,0.0,mask_bank,True,3,0.3623945883372024,0.3930368620020408,0.591291235723082,0.3930368620020408,single_mask,True,1,0.6594020134069296,0.4916655220797461,0.6594020134069296,0.4916655220797461
446,1.0,0.0,0.0,mask_bank,True,3,0.4721924445547474,0.7194273682537426,0.6066314500327206,0.4927419100027373,single_mask,True,1,0.0,0.04089244748212462,0.15034143676508963,0.04089244748212462
447,1.0,0.0,0.0,mask_bank,True,5,0.46398325639724586,0.8184698191000369,0.37391086755150404,0.31988377096420045,single_mask,True,1,0.0,-0.014020212280158265,0.016851707239764084,-0.014020212280158265
448,1.0,0.0,0.0,mask_bank,True,4,0.4951912664503077,0.44568177542211873,0.453891140849119,0.3654778237176159,single_mask,True,1,0.9466700688916755,0.8973144214657839,0.9466700688916755,0.8973144214657839
449,1.0,0.0,0.0,mask_bank,False,0,0.0,0.0,0.0,0.0,single_mask,True,1,0.09665457694988185,0.05546509869437475,0.09665457694988185,0.05546509869437475
450,0.9630684428112081,8.038585209003216e-05,0.036851171336701884,mask_bank,True,2,0.9053241627376799,0.7428405246488158,0.862759459039008,0.7662248658470436,single_mask,True,1,0.0,0.8005147428893096,0.8298517111768966,0.8005147428893096
451,1.0,0.0,0.0,mask_bank,True,3,0.47260302854846326,0.41592632373672317,0.5954790341955665,0.5050521742757551,single_mask,True,1,0.912638838474174,0.8428325981127186,0.912638838474174,0.8428325981127186
452,1.0,0.0,0.0,mask_bank,True,4,0.22339434906982444,0.3986377959432145,0.4104688101551319,0.3020662300989814,single_mask,True,1,0.019463331084136278,-0.0005368699641999309,0.019463331084136278,-0.0005368699641999309
453,1.0,0.0,0.0,mask_bank,True,2,0.0003301896526810777,0.33863449364010445,0.34244428488544726,0.16471491700521515,single_mask,True,1,0.0,-0.009819886616235436,0.021796860620982312,-0.009819886616235436
454,1.0,0.0,0.0,mask_bank,True,6,0.20191772129727575,0.28571479049287807,0.42479178615334917,0.24391268852194148,single_mask,True,1,0.01188753763730541,0.5580223493400819,0.7591019816922832,0.5580223493400819
455,1.0,0.0,0.0,mask_bank,True,3,0.4370813119031414,0.4886893824526646,0.7454691284433235,0.4886893824526646,single_mask,True,1,0.001817909777809667,0.9187907098358188,0.9367985553934106,0.9187907098358188
456,1.0,0.0,0.0,mask_bank,True,5,0.6370122014474086,0.6044973137213335,0.5740448487557487,0.5021020807693014,single_mask,True,1,0.9642948532029474,0.921843057133482,0.9642948532029474,0.921843057133482
457,0.9864343730803358,0.00010238208995972971,0.013463244829704457,mask_bank,True,3,0.3253003527351606,0.6053333848464789,0.6486245110707476,0.6053333848464789,single_mask,True,1,0.05276290481877013,0.013111219618934558,0.05276290481877013,0.013111219618934558
458,1.0,0.0,0.0,mask_bank,True,5,0.21252589713429,0.20272697476980578,0.34732538165949806,0.14862484540830695,single_mask,True,1,0.0,-0.06840240138114068,0.09405515967242657,-0.06840240138114068
459,0.9660047974413646,0.0,0.0339952025586354,mask_bank,True,5,0.32447349954303867,0.5936516984289987,0.38823728996753337,0.36389750990243214,single_mask,True,1,0.0,0.0030937266052499545,0.003642987249527164,0.0030937266052499545
460,1.0,0.0,0.0,mask_bank,True,1,0.9362730917017139,0.869396436242133,0.9362730917017139,0.869396436242133,single_mask,True,1,0.9274243487556147,0.8518312598845288,0.9274243487556147,0.8518312598845288
461,1.0,0.0,0.0,mask_bank,True,4,0.2961394953795486,0.2526273862652128,0.5044783628181366,0.2526273862652128,single_mask,True,1,0.9089416730863531,0.7924767585075637,0.9089416730863531,0.7924767585075637
462,1.0,0.0,0.0,mask_bank,True,2,0.41570008061045394,0.624860537863307,0.807864044218662,0.624860537863307,single_mask,True,1,0.806528281900866,0.6371961506130847,0.806528281900866,0.6371961506130847
463,0.9551360544217687,6.802721088435374e-05,0.04479591836734694,mask_bank,True,4,0.2528935131672248,0.47222842199387544,0.49854525677326417,0.47222842199387544,single_mask,True,1,0.9638983218473445,0.9385501119196422,0.9638983218473445,0.9385501119196422
464,1.0,0.0,0.0,mask_bank,True,3,0.26913072438684343,0.4255142317270149,0.5406757835443023,0.4255142317270149,single_mask,True,1,0.7439170465705839,0.5987463529409879,0.7439170465705839,0.5987463529409879
465,0.9825993366776604,0.00024481952643588963,0.017155843795903663,mask_bank,True,6,0.3126558636641228,0.3721994374066941,0.47216096327891743,0.3721994374066941,single_mask,True,1,0.01842758671803807,-0.00019673648003544562,0.01842758671803807,-0.00019673648003544562
466,1.0,0.0,0.0,mask_bank,True,4,0.23902737113895578,0.4071070064072,0.47124481371124677,0.4071070064072,single_mask,True,1,0.9561540211092855,0.8860840679755554,0.9561540211092855,0.8860840679755554
467,1.0,0.0,0.0,mask_bank,False,0,0.0,0.0,0.0,0.0,single_mask,True,1,0.0,-0.0023434784367172548,0.07498647090639046,-0.0023434784367172548
468,1.0,0.0,0.0,mask_bank,True,2,0.4718058963075149,0.8492106504212382,0.9228901449567104,0.8492106504212382,single_mask,True,1,0.9625246548301396,0.9325377702011179,0.9625246548301396,0.9325377702011179
469,1.0,0.0,0.0,mask_bank,True,2,0.016437746277552578,0.057380453878349426,0.11696571375227192,0.057380453878349426,single_mask,True,1,0.025743819518037402,-0.012875077445506868,0.025743819518037402,-0.012875077445506868
470,1.0,0.0,0.0,mask_bank,True,1,0.7971887846049164,0.6481679522944037,0.7971887846049164,0.6481679522944037,single_mask,True,1,0.8258240860394465,0.6955192734189316,0.8258240860394465,0.6955192734189316
471,0.9587250293772033,0.0007915524219872046,0.04048341820080951,mask_bank,True,2,0.8757820320306623,0.7478747478850667,0.4416823527642761,0.37461543539188225,single_mask,True,1,0.0,0.0005150881702619136,0.0029436422915641476,0.0005150881702619136
472,1.0,0.0,0.0,mask_bank,True,2,0.832872484079269,0.7078121167907214,0.4995555381755811,0.3517172338219742,single_mask,True,1,0.0,-0.0041592253098727845,0.16744084376103918,-0.0041592253098727845
473,1.0,0.0,0.0,mask_bank,True,1,0.8209188321512259,0.6369628905153631,0.8209188321512259,0.6369628905153631,single_mask,True,1,0.8418289878927516,0.6751625305074312,0.8418289878927516,0.6751625305074312
474,1.0,0.0,0.0,mask_bank,True,2,0.8602001446777175,0.7229502625349676,0.4715548889611796,0.3685332460927169,single_mask,True,1,0.0,0.00691443266877205,0.04942037827910365,0.00691443266877205
475,1.0,0.0,0.0,mask_bank,True,2,0.44072738028980135,0.7151405204371869,0.8454329832283184,0.7151405204371869,single_mask,True,1,0.010142253677312864,0.7118907691341673,0.8260951424609303,0.7118907691341673
476,0.9745189752312108,2.1260763261401083e-05,0.0254597640055278,mask_bank,True,2,0.971603759358266,0.9512805308950907,0.6935820734683148,0.5280398376972246,single_mask,True,1,0.0,0.11433867652096825,0.4274814984351349,0.11433867652096825
477,1.0,0.0,0.0,mask_bank,True,2,0.45633796347577604,0.8252516715922917,0.9093999332649961,0.8252516715922917,single_mask,True,1,0.011765499106591493,0.9106212994836633,0.9574151095601376,0.9106212994836633
478,1.0,0.0,0.0,mask_bank,True,1,0.3261791687558915,0.11536291051245368,0.4094437325930454,0.11536291051245368,single_mask,True,1,0.3338945534177515,0.10559036792551207,0.40712691160166997,0.10559036792551207
479,1.0,0.0,0.0,mask_bank,True,2,0.47042951525614224,0.861982952867615,0.926346939489533,0.861982952867615,single_mask,True,1,0.961213826362696,0.9095616538769906,0.961213826362696,0.9095616538769906
480,1.0,0.0,0.0,mask_bank,True,1,0.8033442384514418,0.7720517579623319,0.8033442384514418,0.7720517579623319,single_mask,True,1,0.8268864933342975,0.7979413079840841,0.8268864933342975,0.7979413079840841
481,1.0,0.0,0.0,mask_bank,True,3,0.2836821646420639,0.26600195462927395,0.5034095663881163,0.26600195462927395,single_mask,True,1,0.1915282859546321,-0.039146859414062936,0.1915282859546321,-0.039146859414062936
482,1.0,0.0,0.0,mask_bank,True,4,0.20777598249826074,-0.030008908667572158,0.20777598249826074,-0.030008908667572158,single_mask,True,1,0.009437132255682342,-0.013799809027164782,0.009437132255682342,-0.013799809027164782
483,1.0,0.0,0.0,mask_bank,False,0,0.0,0.0,0.0,0.0,single_mask,True,1,0.050529926557785015,-0.04112352668903206,0.050529926557785015,-0.04112352668903206
484,1.0,0.0,0.0,mask_bank,True,3,0.0640964861949813,0.11961569254981642,0.2853349079596747,0.11961569254981642,single_mask,True,1,0.02359852633651699,-0.0183373656923974,0.04708742851256091,-0.0183373656923974
485,1.0,0.0,0.0,mask_bank,True,3,0.35587210666988983,0.5057487870287998,0.5195456501262343,0.3789716181710437,single_mask,True,1,0.01422310756966445,0.714254429492079,0.7361851332295065,0.714254429492079
486,1.0,0.0,0.0,mask_bank,True,3,0.8208983451459017,0.7002788424559758,0.3675801773861045,0.23073722036982824,single_mask,True,1,0.0,0.0025638320744007545,0.187791239513919,0.0025638320744007545
487,1.0,0.0,0.0,mask_bank,True,6,0.01727368656520085,-0.006437450175913205,0.19562031131521126,0.13398358318394696,single_mask,True,1,0.0,0.42255027379326804,0.5595980318295969,0.42255027379326804
488,1.0,0.0,0.0,mask_bank,True,5,0.04511873478829583,-0.02063427312669048,0.13970944566133148,0.07003702892181587,single_mask,True,1,0.05317016883258481,-0.022798950464446868,0.05317016883258481,-0.022798950464446868
489,1.0,0.0,0.0,mask_bank,True,2,0.4460590623656811,0.8831382509781943,0.9272404177563814,0.8831382509781943,single_mask,True,1,0.8927534258986914,0.85565620781141,0.8927534258986914,0.85565620781141
490,1.0,0.0,0.0,mask_bank,True,3,0.2853971660890087,0.4524440691866953,0.5780796058285815,0.4524440691866953,single_mask,True,1,0.8591506548669037,0.8652505328806737,0.8591506548669037,0.8652505328806737
491,1.0,0.0,0.0,mask_bank,True,3,0.35459041260989116,0.47690967310541693,0.6333646471838285,0.47690967310541693,single_mask,True,1,0.007293121411612926,0.7400909076659195,0.849082012834542,0.7400909076659195
492,1.0,0.0,0.0,mask_bank,True,1,0.0,0.07195288430738118,0.3735357624826268,0.07195288430738118,single_mask,True,1,0.0,0.07872710188943575,0.38337381916277546,0.07872710188943575
493,1.0,0.0,0.0,mask_bank,True,3,0.27722550367071064,-0.008601211591910716,0.27722550367071064,-0.008601211591910716,single_mask,True,1,0.42786960887976583,0.012180502473695818,0.42786960887976583,0.012180502473695818
494,1.0,0.0,0.0,mask_bank,True,2,0.004760768973901865,0.008542648420241173,0.22064985585091546,-0.007386895155607008,single_mask,True,1,0.004751742779907287,0.012087746786333307,0.4109723911403353,0.012087746786333307
495,1.0,0.0,0.0,mask_bank,True,3,0.07474652650368764,0.2702307755127709,0.3628925155475445,0.2702307755127709,single_mask,True,1,0.20698495622209168,0.19938968662527518,0.20698495622209168,0.19938968662527518
496,1.0,0.0,0.0,mask_bank,True,3,0.2609906500562812,0.5984390521385586,0.7510266345402385,0.5984390521385586,single_mask,True,1,0.0035521986239771455,0.6754152543575198,0.7486864280683188,0.6754152543575198
497,1.0,0.0,0.0,mask_bank,True,3,0.3118489889730207,0.47864475715687815,0.622918183531583,0.47864475715687815,single_mask,True,1,0.10659366511954724,-0.057338201684192854,0.10659366511954724,-0.057338201684192854
498,0.9907432768924302,0.0,0.009256723107569722,mask_bank,True,2,0.4632536651655003,0.9389645769084143,0.956093423455106,0.9389645769084143,single_mask,True,1,0.00038515693566592044,0.9777083320144884,0.9930009699961593,0.9777083320144884
499,1.0,0.0,0.0,mask_bank,True,2,0.17996219829124033,0.4867413416127938,0.6217828294864484,0.4867413416127938,single_mask,True,1,0.32736691374594135,0.15501402933685002,0.32736691374594135,0.15501402933685002
500,1.0,0.0,0.0,mask_bank,True,3,0.30080786078889304,0.4194428145034907,0.6082104872431001,0.4194428145034907,single_mask,True,1,0.26028470680253174,0.026857449722566103,0.26028470680253174,0.026857449722566103
501,0.9675573749355337,0.0,0.03244262506446622,mask_bank,True,3,0.25088459036859484,0.43903695564460077,0.5736849380664305,0.43903695564460077,single_mask,True,1,0.3463867731735226,0.1671118196092217,0.3463867731735226,0.1671118196092217
502,1.0,0.0,0.0,mask_bank,True,3,0.3009769611368098,0.3511288026451556,0.6161124101786825,0.3511288026451556,single_mask,True,1,0.5516954902306093,0.14718202895203666,0.5516954902306093,0.14718202895203666
503,1.0,0.0,0.0,mask_bank,False,0,0.0,0.0,0.0,0.0,single_mask,True,1,0.041134751772878037,-0.02095978451575761,0.041134751772878037,-0.02095978451575761
504,1.0,0.0,0.0,mask_bank,True,1,0.8624805396972237,0.662569990494479,0.8624805396972237,0.662569990494479,single_mask,True,1,0.9147577187872629,0.7914280620645575,0.9147577187872629,0.7914280620645575
505,1.0,0.0,0.0,mask_bank,True,3,0.26131425945432935,0.4341195509064903,0.5633191301510688,0.4341195509064903,single_mask,True,1,0.07306110010610192,-0.002394850672292665,0.07306110010610192,-0.002394850672292665
506,1.0,0.0,0.0,mask_bank,True,7,0.1345804010047366,0.18292345189508855,0.2539255380637983,0.18292345189508855,single_mask,True,1,0.04751441911557538,-0.03384395789941713,0.04751441911557538,-0.03384395789941713
507,1.0,0.0,0.0,mask_bank,True,4,0.09341012842020048,-0.01959058173776431,0.0978332269925113,-0.01959058173776431,single_mask,True,1,0.08796061681009201,-0.03961529829186657,0.08796061681009201,-0.03961529829186657
508,1.0,0.0,0.0,mask_bank,False,0,0.0,0.0,0.0,0.0,single_mask,True,1,0.0013458287514954358,0.10059968619980902,0.1867223477583973,0.10059968619980902
509,1.0,0.0,0.0,mask_bank,False,0,0.0,0.0,0.0,0.0,single_mask,True,1,0.00028084252758246654,0.04143717922372361,0.0869885072502624,0.04143717922372361
510,0.9655725419664268,0.0,0.03442745803357314,mask_bank,True,2,0.9735929322251189,0.9628664828213044,0.9793423925916447,0.9621613168521944,single_mask,True,1,0.9776881459440812,0.968584573138946,0.9776881459440812,0.968584573138946
511,1.0,0.0,0.0,mask_bank,True,2,0.4492345698808,0.8286086179164527,0.9227755454682625,0.8286086179164527,single_mask,True,1,0.005604438715456364,0.9667449449430353,0.9721560795722707,0.9667449449430353
512,1.0,0.0,0.0,mask_bank,True,3,0.3139938670601807,0.8022528396392898,0.8776528884014777,0.8022528396392898,single_mask,True,1,0.028641312924076033,0.8340442219010886,0.861638913026137,0.8340442219010886
513,1.0,0.0,0.0,mask_bank,True,2,0.46174265666109615,0.8829751512898139,0.9364007798634614,0.8829751512898139,single_mask,True,1,9.641620949304702e-06,0.8966681714887286,0.9622221014282734,0.8966681714887286
514,1.0,0.0,0.0,mask_bank,True,2,0.47096024789582924,0.7925053502482102,0.8881148530937452,0.7925053502482102,single_mask,True,1,0.028842018991906,0.8143291073286744,0.871540566135863,0.8143291073286744
515,1.0,0.0,0.0,mask_bank,True,3,0.3726354855032401,0.5622927545524472,0.5031285357102724,0.3719229912410524,single_mask,True,1,0.0,-0.008904060930167169,0.012382261837021633,-0.008904060930167169
516,1.0,0.0,0.0,mask_bank,True,2,0.42615594144884694,0.4831351535234167,0.6951706810016336,0.4831351535234167,single_mask,True,1,0.01196340605201124,0.19256464284715688,0.4961636828609252,0.19256464284715688
517,1.0,0.0,0.0,mask_bank,True,1,0.00852471618596713,0.517700609556159,0.6064110224575361,0.517700609556159,single_mask,True,1,0.005148536659225863,0.5185384414087857,0.6044532690377094,0.5185384414087857
518,1.0,0.0,0.0,mask_bank,True,3,0.2479488804281381,0.46716351100944603,0.5458830908309102,0.46716351100944603,single_mask,True,1,0.6898935280634935,0.6061112544760505,0.6898935280634935,0.6061112544760505
519,1.0,0.0,0.0,mask_bank,True,3,0.43077036982812683,0.6829906741054377,0.5751013550249724,0.4550136759007492,single_mask,True,1,0.005814721818406727,0.652390256995772,0.8173142778831226,0.652390256995772
520,1.0,0.0,0.0,mask_bank,True,2,0.3382063546992429,0.5979198594509124,0.7575132160350528,0.5979198594509124,single_mask,True,1,0.662815930554871,0.6920824143271037,0.662815930554871,0.6920824143271037
521,1.0,0.0,0.0,mask_bank,True,2,0.476382104328969,0.900047451262908,0.9498747178067091,0.900047451262908,single_mask,True,1,0.9477787704037233,0.8910118280808921,0.9477787704037233,0.8910118280808921
522,0.9644949665323225,0.00041723629778243345,0.03508779716989507,mask_bank,True,5,0.19889761849030854,0.16557273414714563,0.20215609890322575,0.16557273414714563,single_mask,True,1,0.03780149735037075,0.003165131940220383,0.03780149735037075,0.003165131940220383
523,1.0,0.0,0.0,mask_bank,True,2,0.3208122155376689,0.5740470389819612,0.7300679686125096,0.5740470389819612,single_mask,True,1,0.6009903106276682,0.5764578042137061,0.6009903106276682,0.5764578042137061
524,1.0,0.0,0.0,mask_bank,True,3,0.363218198681745,-0.036664059008598926,0.27075940482190003,-0.006250241710577228,single_mask,True,1,0.16563989168588295,-0.05121473301746051,0.16563989168588295,-0.05121473301746051
525,0.974648889663486,0.001692010515155476,0.023659099821358547,mask_bank,True,5,0.18875327961067576,0.3255905153320028,0.3794143341995779,0.3255905153320028,single_mask,True,1,0.059285918653064755,0.004678630946351064,0.059285918653064755,0.004678630946351064
526,1.0,0.0,0.0,mask_bank,True,2,0.0009412351727099167,0.10120755081784981,0.20722999774520676,0.048192406877544135,single_mask,True,1,0.0,-0.004838718226285963,0.029238808617426986,-0.004838718226285963
527,1.0,0.0,0.0,mask_bank,False,0,0.0,0.0,0.0,0.0,single_mask,True,1,0.0,-0.0720178643092021,0.26931468808752695,-0.0720178643092021
528,1.0,0.0,0.0,mask_bank,False,0,0.0,0.0,0.0,0.0,single_mask,True,1,0.0,-0.06255511291572162,0.059751923212594614,-0.06255511291572162
529,1.0,0.0,0.0,mask_bank,True,4,0.4691998391819418,0.8105911839802153,0.4634885046236014,0.401715813943474,single_mask,True,1,0.9604038378885851,0.9360085337444923,0.9604038378885851,0.9360085337444923
530,0.9709467821782178,0.0,0.02905321782178218,mask_bank,True,2,0.48687595820071505,0.46417632893757027,0.4878421161502403,0.46417632893757027,single_mask,True,1,0.0025494261311193177,0.0010748196059793549,0.0044517462504558595,0.0010748196059793549
531,1.0,0.0,0.0,mask_bank,True,1,0.8299546231338618,0.7989191523493465,0.8299546231338618,0.7989191523493465,single_mask,True,1,0.8492839884470231,0.8210414204206463,0.8492839884470231,0.8210414204206463
532,0.974898180420408,0.0,0.02510181957959203,mask_bank,True,3,0.3246287492243664,0.3416624853969643,0.46647885140961787,0.3416624853969643,single_mask,True,1,0.002632902405110025,0.03785408740847325,0.20856159909401337,0.03785408740847325
533,0.9943404780888951,0.0,0.005659521911104857,mask_bank,True,2,0.48672113653117033,0.9034662239277568,0.9431346938760975,0.9034662239277568,single_mask,True,1,8.088259083101866e-05,0.890053471231428,0.9249181153904219,0.890053471231428
534,0.957590127714609,9.43040362127499e-05,0.04231556824917821,mask_bank,True,2,0.4688079080468302,0.890278970814413,0.9444608727174302,0.890278970814413,single_mask,True,1,0.0007000600051422978,0.937120688599203,0.9633646428425054,0.937120688599203
535,1.0,0.0,0.0,mask_bank,True,1,0.0,0.03636355054055274,0.5142897400358962,0.03636355054055274,single_mask,True,1,0.0,0.042570294107550886,0.5210530023706149,0.042570294107550886
536,1.0,0.0,0.0,mask_bank,True,2,0.4257160796613698,0.6367804128086435,0.8121717328670764,0.6367804128086435,single_mask,True,1,0.03879936120785085,0.6469697863410014,0.8164443686862052,0.6469697863410014
537,1.0,0.0,0.0,mask_bank,True,3,0.14673619062658513,0.09021396820744097,0.14673619062658513,0.09021396820744097,single_mask,True,1,0.12087610688801703,0.055773995985558336,0.12087610688801703,0.055773995985558336
538,0.8697405758898348,0.00018725782521642682,0.1300721662849488,mask_bank,True,1,0.9835658743699786,0.9608535831278018,0.9835658743699786,0.9608535831278018,single_mask,True,1,0.9922519094466257,0.9814431934075428,0.9922519094466257,0.9814431934075428
539,1.0,0.0,0.0,mask_bank,True,2,0.398397467908341,0.7309681372741227,0.8572088758558964,0.7309681372741227,single_mask,True,1,0.0005974279156045068,0.8834693458554317,0.9342707324373458,0.8834693458554317
540,1.0,0.0,0.0,mask_bank,True,3,0.3783802755878393,0.16805790556448286,0.3783802755878393,0.16805790556448286,single_mask,True,1,0.533944127362902,0.26517077280811235,0.533944127362902,0.26517077280811235
541,0.9574896941262213,5.1244676247523175e-05,0.042459061197531144,mask_bank,True,9,0.19602420908201865,0.18154146301390603,0.24701835159218538,0.21223477226166518,single_mask,True,1,0.00038016962806703645,-0.00023842777361478726,0.00038016962806703645,-0.00023842777361478726
542,1.0,0.0,0.0,mask_bank,True,4,0.18532433610988638,0.24623899791428155,0.41446039492150755,0.24623899791428155,single_mask,True,1,0.0037566825603100825,0.03819039799172915,0.18731104587395472,0.03819039799172915
543,1.0,0.0,0.0,mask_bank,True,6,0.18443041502267055,0.24917287711343636,0.31017640417379283,0.21841779272164374,single_mask,True,1,0.08530683509288214,-0.029510144322340833,0.08530683509288214,-0.029510144322340833
544,1.0,0.0,0.0,mask_bank,True,3,0.3809819614264141,0.5603183536402775,0.6830673477614105,0.5603183536402775,single_mask,True,1,0.0036072925806707496,0.9051696298934083,0.9267707670423085,0.9051696298934083
545,1.0,0.0,0.0,mask_bank,True,2,0.2574347787362771,0.08279641838407656,0.2574347787362771,0.08279641838407656,single_mask,True,1,0.10003561570608122,0.005286982713011851,0.10003561570608122,0.005286982713011851
546,0.9653141601025829,0.0,0.03468583989741711,mask_bank,True,7,0.3229970798269805,0.3054095221368141,0.288902450004956,0.18434946341704855,single_mask,True,1,0.0,0.24120425279198612,0.5491843379379031,0.24120425279198612
547,1.0,0.0,0.0,mask_bank,True,4,0.2384003510044477,0.2569511553250134,0.2979622516922157,0.2569511553250134,single_mask,True,1,0.003793621255772129,0.31087522275712715,0.23457943925104682,0.31087522275712715
548,0.9641558032177653,0.0008295347554324158,0.03501466202680227,mask_bank,True,5,0.3200084677832119,0.6021081608231894,0.39252073541987154,0.3681009362522709,single_mask,True,1,0.0,0.019834127635528456,0.030483562908675186,0.019834127635528456
549,1.0,0.0,0.0,mask_bank,True,5,0.17267188525583022,0.2935155612012378,0.3351220130509626,0.23865143740579603,single_mask,True,1,0.0,0.015711689276237034,0.029336313530188878,0.015711689276237034
550,1.0,0.0,0.0,mask_bank,True,2,0.05535098879069397,0.002473764920289177,0.10145861160805618,0.002473764920289177,single_mask,True,1,0.06167455963479521,-0.01119918755100558,0.15294101789929784,-0.01119918755100558
551,1.0,0.0,0.0,mask_bank,True,4,0.6171900922552145,0.30914772041087923,0.416603223130479,0.20147940634615708,single_mask,True,1,0.0,0.0021674376884777183,0.022804992502591392,0.0021674376884777183
552,1.0,0.0,0.0,mask_bank,True,5,0.24922523789014236,0.2654946006217132,0.37620613349358056,0.2654946006217132,single_mask,True,1,0.7148180270446988,0.6472300829149032,0.7148180270446988,0.6472300829149032
553,1.0,0.0,0.0,mask_bank,False,0,0.0,0.0,0.0,0.0,single_mask,True,1,0.041776655571893855,-0.017354676911989813,0.041776655571893855,-0.017354676911989813
554,1.0,0.0,0.0,mask_bank,True,9,0.17782304780667352,0.08697488462100242,0.1456800410026805,0.07766306136862636,single_mask,True,1,0.007410479108586625,-0.0044381334957170546,0.007410479108586625,-0.0044381334957170546
555,1.0,0.0,0.0,mask_bank,True,3,0.24617979943140086,0.29913605082598926,0.535282065702125,0.29913605082598926,single_mask,True,1,0.3564004204357475,0.030602775699978744,0.3564004204357475,0.030602775699978744
556,1.0,0.0,0.0,mask_bank,True,2,0.047013113284897504,0.44756139475125334,0.5170865137877603,0.44756139475125334,single_mask,True,1,0.09342987116697324,0.012430710104217034,0.09342987116697324,0.012430710104217034
557,1.0,0.0,0.0,mask_bank,True,6,0.20072539495279268,0.31045119307654123,0.3755809477945334,0.25719856620470133,single_mask,True,1,0.16165250563481162,0.12182651708598288,0.16165250563481162,0.12182651708598288
558,1.0,0.0,0.0,mask_bank,True,2,0.3031836562672101,0.09543122294998102,0.4390869567604503,0.09543122294998102,single_mask,True,1,0.28924343798064045,0.08848458278663293,0.28924343798064045,0.08848458278663293
559,1.0,0.0,0.0,mask_bank,True,2,0.33705043437855686,0.5745326832886106,0.7542597359686027,0.5745326832886106,single_mask,True,1,0.6272064015047606,0.39902179065975374,0.6272064015047606,0.39902179065975374
560,1.0,0.0,0.0,mask_bank,True,6,0.18545238627284094,0.22421373021474328,0.28207031991698206,0.15679801929820536,single_mask,True,1,0.025024490159297245,0.020306989569787166,0.10687326181901996,0.020306989569787166
561,1.0,0.0,0.0,mask_bank,True,2,0.42637593365526527,0.7145372599020425,0.8454143821500427,0.7145372599020425,single_mask,True,1,0.0034266781645687326,0.7474276635627831,0.8518696291695411,0.7474276635627831
562,1.0,0.0,0.0,mask_bank,True,3,0.3110270142124019,0.556912708535335,0.6162627039619915,0.556912708535335,single_mask,True,1,0.9217152927318515,0.8609502728994862,0.9217152927318515,0.8609502728994862
563,1.0,0.0,0.0,mask_bank,True,4,0.2643108085640973,0.4510868435891801,0.5028790179643222,0.4510868435891801,single_mask,True,1,0.9536680228685432,0.9334046600667159,0.9536680228685432,0.9334046600667159
564,1.0,0.0,0.0,mask_bank,True,3,0.4694086088304757,0.8638288999880765,0.6303522214912792,0.5831744799821253,single_mask,True,1,0.002138727783846405,0.9004627433717923,0.9290377083149552,0.9004627433717923
565,1.0,0.0,0.0,mask_bank,True,2,0.45557855088017285,0.8142650672099534,0.9080459421644582,0.8142650672099534,single_mask,True,1,0.010873129998206632,0.9190118788732203,0.9303613822128693,0.9190118788732203
566,1.0,0.0,0.0,mask_bank,True,3,0.23794330303653888,0.41713195314369395,0.5344193412158796,0.41713195314369395,single_mask,True,1,0.7141499752927895,0.6269234930837351,0.7141499752927895,0.6269234930837351
567,0.9546314461883408,0.0,0.04536855381165919,mask_bank,True,7,0.17476742690348643,0.34257833631474766,0.4031020514134104,0.29367905471557815,single_mask,True,1,0.0013720981977279312,0.9535755521414088,0.9750730282337874,0.9535755521414088
568,1.0,0.0,0.0,mask_bank,True,3,0.2761437686403343,0.34777771320732026,0.5821218915857489,0.34777771320732026,single_mask,True,1,0.0046629231931019505,0.9250767324126221,0.9532428355882095,0.9250767324126221
569,1.0,0.0,0.0,mask_bank,True,5,0.35741320013080174,0.4088024632148826,0.4699617499548309,0.33424186943478107,single_mask,True,1,0.979884501389263,0.9464026636887904,0.979884501389263,0.9464026636887904
570,0.9518777693467855,9.367769253107757e-05,0.04802855296068347,mask_bank,True,3,0.4898682486891585,0.47763601021850677,0.6354100769939598,0.6039651177133798,single_mask,True,1,0.0024527888009203886,6.944326770567198e-05,0.0024527888009203886,6.944326770567198e-05
571,1.0,0.0,0.0,mask_bank,True,3,0.45848981978634973,0.3381921276906948,0.6117553749900535,0.506294352406313,single_mask,True,1,0.10262178766086175,0.010429127699339466,0.10262178766086175,0.010429127699339466
572,1.0,0.0,0.0,mask_bank,True,6,0.2117373571504211,0.2695050878628748,0.36611876456394277,0.2695050878628748,single_mask,True,1,0.9527540638493955,0.9037978247627673,0.9527540638493955,0.9037978247627673
573,1.0,0.0,0.0,mask_bank,True,6,0.2649111881292841,0.45397836902651767,0.3421028121583201,0.30004812316804697,single_mask,True,1,0.9078451835368999,0.8789525080885194,0.9078451835368999,0.8789525080885194
574,1.0,0.0,0.0,mask_bank,True,4,0.3209444302189796,0.3741172677403506,0.47080472179108773,0.29597366638173006,single_mask,True,1,0.23952333102135737,-0.05465067827273056,0.23952333102135737,-0.05465067827273056
575,1.0,0.0,0.0,mask_bank,True,2,0.4900721329285609,0.9479722617926423,0.9708747047620632,0.9479722617926423,single_mask,True,1,0.000578660953928026,0.9616144282865164,0.9644882978170337,0.9616144282865164
576,1.0,0.0,0.0,mask_bank,True,1,0.49111685058898363,-0.0048215600559019375,0.49111685058898363,-0.0048215600559019375,single_mask,True,1,0.4911376831078044,-0.006939287532168818,0.4911376831078044,-0.006939287532168818
577,1.0,0.0,0.0,mask_bank,True,9,0.12739231417713057,0.14131057599302996,0.2967385555970051,0.14131057599302996,single_mask,True,1,0.018110835494393237,-0.02214022945256968,0.018110835494393237,-0.02214022945256968
578,1.0,0.0,0.0,mask_bank,True,5,0.31791568572465406,0.47364060993257745,0.48466278358164117,0.3294305342371251,single_mask,True,1,0.0,-0.00559433292779268,0.04198083067065827,-0.00559433292779268
579,0.9633607135370014,0.0,0.03663928646299861,mask_bank,True,1,0.9770400909849001,0.9495286003109238,0.9770400909849001,0.9495286003109238,single_mask,True,1,0.9924118566942841,0.9831741599182655,0.9924118566942841,0.9831741599182655
580,1.0,0.0,0.0,mask_bank,True,1,0.9357330449487429,0.8611321750479388,0.9357330449487429,0.8611321750479388,single_mask,True,1,0.9481693187011573,0.8871923007041727,0.9481693187011573,0.8871923007041727
581,1.0,0.0,0.0,mask_bank,True,6,0.3199873612644257,0.5399952543028989,0.42830978331105474,0.26113183182870864,single_mask,True,1,0.0,-0.022214230421837917,0.18836307711964254,-0.022214230421837917
582,0.9719002458728486,9.579461634256155e-05,0.028003959510808824,mask_bank,True,4,0.1537178746759732,0.28728190970388406,0.3928384587356728,0.28728190970388406,single_mask,True,1,0.006828809659296147,0.9564397720250429,0.9681482727926918,0.9564397720250429
583,0.9669004073375433,0.0,0.0330995926624566,mask_bank,True,6,0.1987207489589033,0.3825371965330483,0.44698770194704185,0.3188270440693659,single_mask,True,1,0.00989883310865583,-0.0006104133924922767,0.00989883310865583,-0.0006104133924922767
584,0.9867012194836724,2.806636760392742e-05,0.013270714148723682,mask_bank,True,4,0.24281826602284262,0.4656685382631307,0.4872383319516216,0.4656685382631307,single_mask,True,1,0.9657807654061006,0.9140902108470181,0.9657807654061006,0.9140902108470181
585,1.0,0.0,0.0,mask_bank,True,2,0.44212278705212027,0.69912826912555,0.842904427737126,0.69912826912555,single_mask,True,1,0.01348413775066034,0.7088785712977467,0.8343358075222859,0.7088785712977467
586,0.9531426891126957,4.410791737116813e-05,0.046813202969933104,mask_bank,True,6,0.18820009046948796,0.2521850811169258,0.3497191645524304,0.2521850811169258,single_mask,True,1,0.13152527927394295,0.014203582756263402,0.13152527927394295,0.014203582756263402
587,1.0,0.0,0.0,mask_bank,True,2,0.4378417272315253,0.4206016330267041,0.4378417272315253,0.4206016330267041,single_mask,True,1,0.8393705592570534,0.8138148549251606,0.8393705592570534,0.8138148549251606
588,0.9743048256091734,0.0,0.025695174390826563,mask_bank,True,3,0.48841819049692103,0.4752915249911473,0.6441759587626296,0.6197601184424292,single_mask,True,1,0.9861350380850865,0.973964973962768,0.9861350380850865,0.973964973962768
589,1.0,0.0,0.0,mask_bank,True,3,0.4089104466774395,0.4504393151850805,0.4758282033400428,0.282587103208944,single_mask,True,1,0.0,-0.0547910227579139,0.06882117574617168,-0.0547910227579139
590,0.9885931558935361,0.00023245388281003537,0.011174390223653843,mask_bank,True,3,0.4543742808621453,0.6401277818916727,0.5401407435152014,0.4372239127869628,single_mask,True,1,0.012729475351760824,0.6037731388593542,0.7201891534924373,0.6037731388593542
591,1.0,0.0,0.0,mask_bank,True,1,0.9131704941904311,0.8242482329262778,0.9131704941904311,0.8242482329262778,single_mask,True,1,0.935973383097168,0.8687608493814533,0.935973383097168,0.8687608493814533
592,1.0,0.0,0.0,mask_bank,True,3,0.5141522716730922,0.38122419998190094,0.6331948734472066,0.5244151955704796,single_mask,True,1,0.0,0.822410936718598,0.8795572666008094,0.822410936718598
593,1.0,0.0,0.0,mask_bank,True,2,0.007982454383645608,0.2281545297215858,0.41944546584307374,0.2281545297215858,single_mask,True,1,0.008836440339725008,0.0016396811362469643,0.14034587066868132,0.0016396811362469643
594,0.9585935361617012,0.0,0.04140646383829877,mask_bank,True,2,0.4890490320900327,0.3814316117547451,0.4890490320900327,0.3814316117547451,single_mask,True,1,0.07828531376753886,-0.019292912264688336,0.07828531376753886,-0.019292912264688336
595,0.9877293375022123,0.0,0.012270662497787741,mask_bank,True,2,0.48288923011553636,0.9303043191210254,0.9651612985553191,0.9303043191210254,single_mask,True,1,0.0027157634090764094,0.9771849297405867,0.9848668600000797,0.9771849297405867
596,1.0,0.0,0.0,mask_bank,True,4,0.29838181435376765,0.11373567820465902,0.3492037277776683,0.11373567820465902,single_mask,True,1,0.547237803839717,0.2066520782264751,0.547237803839717,0.2066520782264751
597,1.0,0.0,0.0,mask_bank,True,3,0.40338215798296795,0.3274608857552406,0.5890642618687091,0.3274608857552406,single_mask,True,1,0.5461748547103017,0.33135561840777106,0.5461748547103017,0.33135561840777106
598,1.0,0.0,0.0,mask_bank,True,6,0.18760047308520347,0.28413186215499414,0.37081916372160334,0.23682844079153978,single_mask,True,1,0.010630592245397037,0.8475690685977199,0.9212136141523126,0.8475690685977199
599,1.0,0.0,0.0,mask_bank,True,7,0.17218227803655442,0.1925193415556875,0.27222169654780715,0.16902315410302673,single_mask,True,1,0.09517651003473876,0.011425559746832733,0.09517651003473876,0.011425559746832733
600,1.0,0.0,0.0,mask_bank,True,6,0.18937818490410166,0.29488359056622715,0.3103564538496139,0.2443842206938198,single_mask,True,1,0.0006069132941581646,-0.01808689124565556,0.054302798186543884,-0.01808689124565556
601,0.9686207676402171,0.0025927242181442234,0.028786508141638665,mask_bank,True,1,0.7163809130330172,0.5913987180161396,0.7163809130330172,0.5913987180161396,single_mask,True,1,0.7017526369295919,0.561043066326162,0.7017526369295919,0.561043066326162
602,1.0,0.0,0.0,mask_bank,True,7,0.12060826193645878,0.12695739341710166,0.2325035554663258,0.11848922648723088,single_mask,True,1,0.08201154388028677,0.0032342984340426274,0.08201154388028677,0.0032342984340426274
603,1.0,0.0,0.0,mask_bank,True,4,0.2299951948515292,0.2427586852473049,0.46267614544214797,0.2427586852473049,single_mask,True,1,0.745557445803794,0.6021779354401048,0.745557445803794,0.6021779354401048
604,1.0,0.0,0.0,mask_bank,True,2,0.3169893927517727,0.1989037947620646,0.3169893927517727,0.1989037947620646,single_mask,True,1,0.5932583469758907,0.39668212351263155,0.5932583469758907,0.39668212351263155
605,1.0,0.0,0.0,mask_bank,True,2,0.41860794171797283,0.7561934469012268,0.8542284246869172,0.7561934469012268,single_mask,True,1,0.798799138996275,0.7445333011417575,0.798799138996275,0.7445333011417575
606,1.0,0.0,0.0,mask_bank,True,4,0.28028373724874656,0.09555094233076075,0.3410555126228814,0.09555094233076075,single_mask,True,1,0.18677712410378686,0.1313643352656399,0.32603406325786166,0.1313643352656399
607,1.0,0.0,0.0,mask_bank,True,4,0.15944067604415724,0.1750552890846969,0.30520265255862644,0.1750552890846969,single_mask,True,1,0.12475894629834158,0.1208290376014867,0.18385051718329284,0.1208290376014867
608,1.0,0.0,0.0,mask_bank,True,3,0.16747619751127943,0.3745183893496629,0.48642891977149966,0.3745183893496629,single_mask,True,1,0.08710319386446194,0.013235542863487262,0.08710319386446194,0.013235542863487262
609,1.0,0.0,0.0,mask_bank,True,2,0.46258751235120094,0.8594471799470114,0.9277380062872939,0.8594471799470114,single_mask,True,1,0.00017439102653521695,0.8970110711208081,0.9421871751448778,0.8970110711208081
610,1.0,0.0,0.0,mask_bank,True,2,0.19281838970599785,0.4260322775383278,0.5885832902073007,0.4260322775383278,single_mask,True,1,0.3672588238344545,0.3140030616240766,0.3672588238344545,0.3140030616240766
611,0.9830580400861788,0.00017953907423124633,0.01676242083959,mask_bank,True,2,0.008371614021139073,0.4550789658181543,0.48985148226764896,0.4550789658181543,single_mask,True,1,0.01645175633605796,0.012744301820215062,0.01645175633605796,0.012744301820215062
612,0.9676523760330579,0.0010187098255280073,0.031328914141414144,mask_bank,True,2,0.4451606099552937,0.83869431229039,0.9265201196652537,0.83869431229039,single_mask,True,1,1.4928381091701366e-05,0.9727527773810565,0.9795753829593756,0.9727527773810565
613,0.9834676893861821,0.00042820173887140917,0.016104108874946475,mask_bank,True,2,0.4348939730053791,0.8601719980471477,0.9107255223745202,0.8601719980471477,single_mask,True,1,0.9020361121713251,0.8976581624714798,0.9020361121713251,0.8976581624714798
614,1.0,0.0,0.0,mask_bank,True,2,0.0,0.29157126798605315,0.34033623879326447,0.29157126798605315,single_mask,True,1,0.0,0.4399179919207392,0.49993791750353883,0.4399179919207392
615,0.9636985949500398,0.00019264853201818603,0.036108756517942,mask_bank,True,4,0.4546342876982691,0.6833610889278938,0.4378274163045081,0.3338528258141728,single_mask,True,1,0.0,-0.02944657105767089,0.06767105826787619,-0.02944657105767089
616,1.0,0.0,0.0,mask_bank,True,5,0.1948887986129882,0.15760034956721553,0.1878028372991094,0.12167234824401887,single_mask,True,1,0.007099429779815342,-0.026531651939488185,0.09233155545854922,-0.026531651939488185
617,0.9637720837720838,9.36000936000936e-06,0.03621855621855622,mask_bank,True,6,0.4748787918743565,0.4539761236410521,0.32971739544613754,0.24702626776754144,single_mask,True,1,0.0,0.0012549424069313506,0.010821067747052852,0.0012549424069313506
618,0.9684837371267689,0.0,0.03151626287323109,mask_bank,True,4,0.3110844895144016,0.5807315034564184,0.4775294549520613,0.436627470126704,single_mask,True,1,0.001769187257035505,0.20856292491974054,0.22291277482316815,0.20856292491974054
619,1.0,0.0,0.0,mask_bank,True,7,0.170866845039079,0.18485161214032267,0.2709440378497762,0.16333054628080101,single_mask,True,1,0.8815215494626795,0.7464483739592628,0.8815215494626795,0.7464483739592628
620,1.0,0.0,0.0,mask_bank,True,8,0.1570609971773386,0.19438915119599018,0.25862102614103716,0.16862950227353526,single_mask,True,1,0.834889982050065,0.7414894508357324,0.834889982050065,0.7414894508357324
621,1.0,0.0,0.0,mask_bank,True,6,0.18927500079734583,0.17723878048293268,0.3040412647240206,0.153545455012335,single_mask,True,1,0.15833615984657168,-0.07966532973322146,0.15833615984657168,-0.07966532973322146
622,1.0,0.0,0.0,mask_bank,True,4,0.23625157416832462,0.3023619090223583,0.4652117109669763,0.3023619090223583,single_mask,True,1,0.9207262832899358,0.8707800983444854,0.9207262832899358,0.8707800983444854
623,1.0,0.0,0.0,mask_bank,True,4,0.3107138667244305,0.3541755875913466,0.42578688665460585,0.2666261150120586,single_mask,True,1,0.9111928248674864,0.8368122309952344,0.9111928248674864,0.8368122309952344
624,0.9782237056333442,0.004485509605991533,0.017290784760664278,mask_bank,True,6,0.10894410867113323,0.1274042090423612,0.22393618525478376,0.1274042090423612,single_mask,True,1,0.0009801737580744218,0.6867381973503094,0.6595186736003912,0.6867381973503094
625,1.0,0.0,0.0,mask_bank,False,0,0.0,0.0,0.0,0.0,single_mask,True,1,0.04002351979745067,-0.02758303249276798,0.04002351979745067,-0.02758303249276798
626,0.9940652818991098,7.71513353115727e-05,0.005857566765578635,mask_bank,True,9,0.07963831774013162,0.12906851916559506,0.18789303604188412,0.12906851916559506,single_mask,True,1,0.4080498925627482,0.20964008962206282,0.4080498925627482,0.20964008962206282
627,1.0,0.0,0.0,mask_bank,True,3,0.32066676600034877,0.5830039845486404,0.6256695109971617,0.5830039845486404,single_mask,True,1,0.005369087962277666,0.8876818740002889,0.9239458060573543,0.8876818740002889
628,1.0,0.0,0.0,mask_bank,True,2,0.4264857048541518,0.6301665752877817,0.7800543517457925,0.6301665752877817,single_mask,True,1,0.00787441576914261,0.6382002972433395,0.7326263256371409,0.6382002972433395
629,1.0,0.0,0.0,mask_bank,True,4,0.25037084350675404,0.16557396021937718,0.21140891236028536,0.12602183037641976,single_mask,True,1,0.019200695047617716,0.0007107714415175256,0.019200695047617716,0.0007107714415175256
630,1.0,0.0,0.0,mask_bank,True,4,0.2981170580973756,0.5507264228865041,0.6185066487192618,0.4307173674811481,single_mask,True,1,0.006619651278472635,0.4575009037296177,0.6788638504407009,0.4575009037296177
631,1.0,0.0,0.0,mask_bank,True,3,0.12266257701691645,0.01996334554623817,0.06533863627057283,0.006561806220888548,single_mask,True,1,0.0,0.0025156736865732283,0.07835294720898815,0.0025156736865732283
632,1.0,0.0,0.0,mask_bank,True,2,0.45538423773249487,0.8539930217155928,0.9239278303393668,0.8539930217155928,single_mask,True,1,0.0005290144054670423,0.9177374619208666,0.9602023863392221,0.9177374619208666
633,1.0,0.0,0.0,mask_bank,True,8,0.13196736094124176,0.10486978464293235,0.23197550194488747,0.09508845952464329,single_mask,True,1,0.0016818220689238023,0.8583023784005309,0.8285413744667904,0.8583023784005309
634,1.0,0.0,0.0,mask_bank,True,5,0.21864970347567905,0.16728294203819294,0.2337930440150139,0.13365346402702746,single_mask,True,1,0.05231747015956379,0.024672986495423287,0.05231747015956379,0.024672986495423287
635,1.0,0.0,0.0,mask_bank,True,1,0.9340987305245911,0.8529574617802451,0.9340987305245911,0.8529574617802451,single_mask,True,1,0.944185116981508,0.874656860529633,0.944185116981508,0.874656860529633
636,0.9797296903163335,0.00013416320078397974,0.020136146482882526,mask_bank,True,3,0.3202086274029229,0.6274990979090772,0.6476888765553744,0.6274990979090772,single_mask,True,1,0.9400237629048647,0.9156973168545242,0.9400237629048647,0.9156973168545242
637,1.0,0.0,0.0,mask_bank,True,3,0.3171569457188286,0.5927108844215965,0.6420530029571575,0.5927108844215965,single_mask,True,1,0.07470288624776032,0.02937649398845253,0.07470288624776032,0.02937649398845253
638,0.9877047056384743,0.0,0.012295294361525705,mask_bank,True,2,0.9410666268282397,0.8385131018736295,0.9081738371524365,0.8449970248408158,single_mask,True,1,0.0,0.8600812341248325,0.8826874751978014,0.8600812341248325
639,1.0,0.0,0.0,mask_bank,True,5,0.4621783163665305,0.4123866316992167,0.373599991723072,0.24567544380390097,single_mask,True,1,0.13430217257775284,0.09820819491265398,0.13430217257775284,0.09820819491265398
640,1.0,0.0,0.0,mask_bank,True,7,0.13889147710595612,0.2119395272942783,0.34130776790655043,0.1818446020529227,single_mask,True,1,0.0006464959917220649,0.6021012870099547,0.7803889180810842,0.6021012870099547
641,1.0,0.0,0.0,mask_bank,True,3,0.38603460308187043,0.29052570837527014,0.5484036360909793,0.32981373756144766,single_mask,True,1,0.048760379247106994,0.005035159813858962,0.24229561576786662,0.005035159813858962
642,1.0,0.0,0.0,mask_bank,True,3,0.2920770215012035,0.5326336762500395,0.5925944769990712,0.5326336762500395,single_mask,True,1,0.8205995698135405,0.7715568913156998,0.8205995698135405,0.7715568913156998
643,1.0,0.0,0.0,mask_bank,True,2,0.335150105385637,0.19220845220206795,0.335150105385637,0.19220845220206795,single_mask,True,1,0.05129503689732821,0.0005741845483910077,0.05129503689732821,0.0005741845483910077
644,1.0,0.0,0.0,mask_bank,True,3,0.9351820538799264,0.8538170598739321,0.6094289628440624,0.49817381125530774,single_mask,True,1,0.0,0.0627460974019031,0.16745401547810104,0.0627460974019031
645,1.0,0.0,0.0,mask_bank,True,3,0.40186871876063046,0.04973391095313504,0.40186871876063046,0.04973391095313504,single_mask,True,1,0.2655862481815377,-0.035485476860475366,0.2655862481815377,-0.035485476860475366
646,1.0,0.0,0.0,mask_bank,True,4,0.11760445066812182,0.1297792452552536,0.31223373223521456,0.1297792452552536,single_mask,True,1,0.04124347679680577,0.11484094057061593,0.22735712811814154,0.11484094057061593
647,1.0,0.0,0.0,mask_bank,True,3,0.2623174875888052,0.3361470159474265,0.5060153298863219,0.3361470159474265,single_mask,True,1,0.000711113496396518,0.4225783308685715,0.7436205441193046,0.4225783308685715
648,1.0,0.0,0.0,mask_bank,True,4,0.229455482811721,0.5978292160605131,0.6777026625481857,0.5978292160605131,single_mask,True,1,0.001355281108636681,0.7915469668217849,0.9021129732323033,0.7915469668217849
649,1.0,0.0,0.0,mask_bank,True,4,0.014933983396332012,0.2230918123783326,0.2650105761815861,0.2230918123783326,single_mask,True,1,0.009260001603444921,0.10860447065912704,0.14051774857746363,0.10860447065912704
650,1.0,0.0,0.0,mask_bank,True,2,0.43440970619430325,0.3831073565419707,0.43440970619430325,0.3831073565419707,single_mask,True,1,0.05097806757541007,0.024407026582906777,0.05097806757541007,0.024407026582906777
651,1.0,0.0,0.0,mask_bank,True,4,0.4603385829718064,0.8005967207893172,0.6281823557051148,0.5107240045302123,single_mask,True,1,0.00015500849676195575,0.8294956828244127,0.8924125313204921,0.8294956828244127
652,1.0,0.0,0.0,mask_bank,True,6,0.18866167668259248,0.23115984412556748,0.43209441170525253,0.31249643465440263,single_mask,True,1,0.007890457993209013,0.8946458480016523,0.9120377956171499,0.8946458480016523
653,1.0,0.0,0.0,mask_bank,True,3,0.3158230283637283,0.4558920153403687,0.5814244086953743,0.4558920153403687,single_mask,True,1,0.8772307369259016,0.7367479465545301,0.8772307369259016,0.7367479465545301
654,1.0,0.0,0.0,mask_bank,True,4,0.22433904507554125,0.14730196617894306,0.18191962704644826,0.10871091166773167,single_mask,True,1,0.6635567933147731,0.48113101048747414,0.6635567933147731,0.48113101048747414
655,0.9711794576985724,5.748778384593274e-05,0.028763054517581682,mask_bank,True,3,0.4404585368569902,0.41546646677686744,0.30051768873040235,0.2766364993505223,single_mask,True,1,0.8978133139445283,0.8685233110621254,0.8978133139445283,0.8685233110621254
656,1.0,0.0,0.0,mask_bank,True,2,0.04400860981958742,0.4220147081312199,0.4965977365060236,0.4220147081312199,single_mask,True,1,0.08349287522314429,-0.07238231876789814,0.08349287522314429,-0.07238231876789814
657,1.0,0.0,0.0,mask_bank,True,2,0.9031912328155645,0.7916258800920806,0.8562897382401244,0.7321373634879014,single_mask,True,1,0.0,0.6792762758093134,0.8136585681446292,0.6792762758093134
658,1.0,0.0,0.0,mask_bank,True,2,0.243741185522077,-0.0006415048877265002,0.2942210593851187,-0.0006415048877265002,single_mask,True,1,0.00037922987164416795,-0.0009665028820184365,0.10177524991353046,-0.0009665028820184365
659,0.9667165844491425,0.00430173831336622,0.02898167723749119,mask_bank,True,6,0.047605360525375486,-0.04494219949856172,0.21577270819246774,-0.05183494909026461,single_mask,True,1,0.18378638441120387,0.057180624476929606,0.3349448604917766,0.057180624476929606
660,1.0,0.0,0.0,mask_bank,True,3,0.15667038889261112,0.25803323632629444,0.43987937140970823,0.25803323632629444,single_mask,True,1,0.004475018752761962,0.8546791888008761,0.8584360654024387,0.8546791888008761
661,1.0,0.0,0.0,mask_bank,True,7,0.30962486236112857,0.2332390238242356,0.3481194250159807,0.21870415104543936,single_mask,True,1,0.5340596627728453,0.43026673999979603,0.5340596627728453,0.43026673999979603
662,1.0,0.0,0.0,mask_bank,True,3,0.31848245892517985,0.5757523401758983,0.6313774481249537,0.5757523401758983,single_mask,True,1,0.00040655491618671655,0.8461021562068893,0.8790929648992314,0.8461021562068893
663,1.0,0.0,0.0,mask_bank,True,6,0.1355284205326404,0.09718369000556758,0.256104570353323,0.09718369000556758,single_mask,True,1,0.3816625599767756,0.04941910812361591,0.3816625599767756,0.04941910812361591
664,1.0,0.0,0.0,mask_bank,True,2,0.017519425848302517,0.4224766879748719,0.45399563053745,0.4224766879748719,single_mask,True,1,0.0005011983196182681,0.8944405493020697,0.8885697389503735,0.8944405493020697
665,1.0,0.0,0.0,mask_bank,True,4,0.23007147275563827,0.34959409192805446,0.4647353591810637,0.34959409192805446,single_mask,True,1,0.15185959047157602,0.07006989786391808,0.15185959047157602,0.07006989786391808
666,1.0,0.0,0.0,mask_bank,True,3,0.026339455824766086,0.3922943149555875,0.4278188861119523,0.3922943149555875,single_mask,True,1,0.008518760218646879,0.6276437754905586,0.6219259679460447,0.6276437754905586
667,1.0,0.0,0.0,mask_bank,True,4,0.9678051168994503,0.9588086200053768,0.39221543336614895,0.23648820926650643,single_mask,True,1,0.9828620394112935,0.9779897664380177,0.9828620394112935,0.9779897664380177
668,1.0,0.0,0.0,mask_bank,False,0,0.0,0.0,0.0,0.0,single_mask,True,1,0.0004209787756519173,-0.0469061383218195,0.08633597137673531,-0.0469061383218195
669,1.0,0.0,0.0,mask_bank,True,4,0.2556040836107275,0.2594733057116095,0.3789578669604428,0.2594733057116095,single_mask,True,1,0.015933757080451492,0.2892949210738973,0.4570865581886829,0.2892949210738973
670,1.0,0.0,0.0,mask_bank,True,9,0.13525319055482046,0.10636344791758853,0.21000552566667288,0.08623578256462433,single_mask,True,1,0.0005321979776470555,0.4956696763519352,0.6278409823784851,0.4956696763519352
671,1.0,0.0,0.0,mask_bank,True,2,0.46487562661934106,0.5743761577068635,0.7506732513804655,0.5743761577068635,single_mask,True,1,0.08705460434978768,0.5801489368997237,0.6612782392983481,0.5801489368997237
672,1.0,0.0,0.0,mask_bank,True,1,0.007173976183540012,0.6325123722454468,0.8177438967317475,0.6325123722454468,single_mask,True,1,0.009412101273038443,0.6700796159277265,0.8390793887400341,0.6700796159277265
673,1.0,0.0,0.0,mask_bank,True,2,0.19010788708756562,0.09567049990102562,0.5189920128813917,0.38289593264960614,single_mask,True,1,0.19365485984483558,0.09788069298242541,0.19365485984483558,0.09788069298242541
674,1.0,0.0,0.0,mask_bank,True,3,0.469516479613313,0.7214562812725691,0.5971401439348281,0.47518272250696253,single_mask,True,1,0.0,-0.01921424963999097,0.09726266744274285,-0.01921424963999097
675,1.0,0.0,0.0,mask_bank,True,3,0.43652478059815947,0.794150987236658,0.6024047543781071,0.5209714307149803,single_mask,True,1,0.8800792303289185,0.8617600502739641,0.8800792303289185,0.8617600502739641
676,1.0,0.0,0.0,mask_bank,True,2,0.9525883124663951,0.9105783858437484,0.9067925945460158,0.8217646017455036,single_mask,True,1,0.9612974361108162,0.9266905371732906,0.9612974361108162,0.9266905371732906
677,1.0,0.0,0.0,mask_bank,True,2,0.22778577725601543,0.3926567607344754,0.6064285552839237,0.3926567607344754,single_mask,True,1,0.4569888750398641,0.22793142570791494,0.4569888750398641,0.22793142570791494
678,1.0,0.0,0.0,mask_bank,True,3,0.3047475923175208,0.35604806691197194,0.5176828466378617,0.35604806691197194,single_mask,True,1,0.7290440261941046,0.6714865833494327,0.7290440261941046,0.6714865833494327
679,1.0,0.0,0.0,mask_bank,True,5,0.2595765755247879,0.20067338641709587,0.2554489107484827,0.11224574771425896,single_mask,True,1,0.498812506098517,0.4272826601002222,0.498812506098517,0.4272826601002222
680,1.0,0.0,0.0,mask_bank,True,4,0.2384163410266901,0.22666098334775783,0.3676936582773774,0.22666098334775783,single_mask,True,1,0.10834567429365907,-0.016166449336684468,0.10834567429365907,-0.016166449336684468
681,1.0,0.0,0.0,mask_bank,True,8,0.12535921303827252,0.1529470705139091,0.2633344192447338,0.13882532748169932,single_mask,True,1,0.07472735421535309,0.5374012634104612,0.6291770097366836,0.5374012634104612
682,1.0,0.0,0.0,mask_bank,True,3,0.2758131599633421,0.4242271163864351,0.5595848807645347,0.4242271163864351,single_mask,True,1,0.775668166176398,0.6682689202350598,0.775668166176398,0.6682689202350598
683,1.0,0.0,0.0,mask_bank,True,3,0.45887455541033173,0.7072857401214648,0.5916047780430221,0.4719035666641189,single_mask,True,1,0.0,0.0011677927307015543,0.0879749061911117,0.0011677927307015543
684,1.0,0.0,0.0,mask_bank,True,1,0.0,-0.0053443463878459505,0.048938679245061054,-0.0053443463878459505,single_mask,True,1,0.0,-0.005372155608335542,0.0494829462987596,-0.005372155608335542
685,1.0,0.0,0.0,mask_bank,True,2,0.3376026056704125,0.0048989005319945295,0.3376026056704125,0.0048989005319945295,single_mask,True,1,0.12416419430490118,-0.08138919605499353,0.12416419430490118,-0.08138919605499353
686,1.0,0.0,0.0,mask_bank,True,1,0.08500796238655488,-0.001123043668668622,0.08500796238655488,-0.001123043668668622,single_mask,True,1,0.0866797999690356,-0.0010560379882109615,0.0866797999690356,-0.0010560379882109615
687,1.0,0.0,0.0,mask_bank,True,4,0.30317519532335674,0.4796916278174137,0.4613134978987754,0.3555701427274487,single_mask,True,1,0.0,-0.01684999546753089,0.02407939319924996,-0.01684999546753089
688,1.0,0.0,0.0,mask_bank,True,2,0.2574514912516086,0.00828361440967465,0.31992011354858396,0.00828361440967465,single_mask,True,1,0.12685679690344254,0.015858157705291608,0.23339946603905895,0.015858157705291608
689,1.0,0.0,0.0,mask_bank,True,6,0.14936451974303092,0.15562587973513584,0.35539829576212373,0.15562587973513584,single_mask,True,1,0.0363330373551569,0.3422884787853939,0.629834505333672,0.3422884787853939
690,0.9748973607038123,0.0005865102639296188,0.024516129032258065,mask_bank,True,3,0.31615758164934266,0.533457884455741,0.6125446266163331,0.533457884455741,single_mask,True,1,0.003572962294935029,0.5349914395471298,0.6117291580798804,0.5349914395471298
691,1.0,0.0,0.0,mask_bank,True,4,0.21189847001147838,0.26840065707025584,0.42511132700758636,0.26840065707025584,single_mask,True,1,0.7283420123070384,0.5726529728395939,0.7283420123070384,0.5726529728395939
692,1.0,0.0,0.0,mask_bank,True,3,0.46244478194124616,0.368122406040543,0.3303089019467252,0.24224535289636936,single_mask,True,1,0.09705874608290002,0.029285936556922236,0.09705874608290002,0.029285936556922236
693,1.0,0.0,0.0,mask_bank,True,3,0.3493913861803189,0.48263060335507474,0.6563093193149646,0.48263060335507474,single_mask,True,1,0.01925237384382762,0.8926911584447379,0.9473561611898808,0.8926911584447379
694,1.0,0.0,0.0,mask_bank,True,6,0.21835542488149573,0.20409926444643575,0.3425625525779467,0.20409926444643575,single_mask,True,1,0.4947064383988082,0.26667355698327616,0.4947064383988082,0.26667355698327616
695,1.0,0.0,0.0,mask_bank,True,7,0.16425566526043509,0.095522673627917,0.24352672944548637,0.0741411150719536,single_mask,True,1,0.3853651107866796,0.32102715573872503,0.3853651107866796,0.32102715573872503
696,1.0,0.0,0.0,mask_bank,True,4,0.32529557899167294,0.5085962101572108,0.47762494188124177,0.38274100460155985,single_mask,True,1,0.11346600205428459,0.008401513398627011,0.11346600205428459,0.008401513398627011
697,1.0,0.0,0.0,mask_bank,True,9,0.14868469428203704,0.10701492166822757,0.23531794236930084,0.10701492166822757,single_mask,True,1,0.3322700280355722,0.10802036823120843,0.3322700280355722,0.10802036823120843
698,1.0,0.0,0.0,mask_bank,True,3,0.26829628808047984,0.43756487988686327,0.573747446184616,0.43756487988686327,single_mask,True,1,0.0012737322758921564,0.8966874288354468,0.9363999325145566,0.8966874288354468
699,1.0,0.0,0.0,mask_bank,True,4,0.47842305301899035,0.7042268746688345,0.4924894947900362,0.3590757072018172,single_mask,True,1,0.0011175496688695466,0.532415443361973,0.7429973420517754,0.532415443361973
700,1.0,0.0,0.0,mask_bank,True,3,0.4946011891224621,0.44954595610298087,0.6548464212316838,0.6111507413892169,single_mask,True,1,0.9481260265762337,0.9314515635672529,0.9481260265762337,0.9314515635672529
701,1.0,0.0,0.0,mask_bank,True,3,0.4445403072419065,0.5452683497359443,0.6061369281335304,0.4209677418382502,single_mask,True,1,0.0,0.18376750525497768,0.4033461629062654,0.18376750525497768
702,1.0,0.0,0.0,mask_bank,True,4,0.10299868043186405,0.18104923753489455,0.422083466924789,0.16532156622694205,single_mask,True,1,0.0,0.37774161890273683,0.720542686961323,0.37774161890273683
703,1.0,0.0,0.0,mask_bank,True,6,0.1557641620062011,0.20907553399937703,0.3127486889355691,0.20907553399937703,single_mask,True,1,0.16180100434010639,-0.0020286630425064506,0.16180100434010639,-0.0020286630425064506
704,0.9976482311908321,0.00025909317389138014,0.0020926756352765323,mask_bank,True,4,0.1391878590047373,0.17723988910992405,0.36284875145594125,0.17723988910992405,single_mask,True,1,0.4503548542675524,-0.024366354653209767,0.4503548542675524,-0.024366354653209767
705,0.9660785288270378,0.000219272599695942,0.033702198573266284,mask_bank,True,5,0.3130367720026728,0.522511646357389,0.40561805330327444,0.32894416917603025,single_mask,True,1,0.0005155122316989131,0.8764983979605662,0.9272416413357847,0.8764983979605662
706,1.0,0.0,0.0,mask_bank,True,3,0.412305404883383,0.47851270182355354,0.49036803297255943,0.3182757045723681,single_mask,True,1,0.0,-0.0021061362584723214,0.07350256772197167,-0.0021061362584723214
707,1.0,0.0,0.0,mask_bank,True,2,0.2843324596271469,0.16686243839071266,0.350507740725552,0.16686243839071266,single_mask,True,1,0.010085717466302825,0.0044653064933413865,0.14976393680735936,0.0044653064933413865
708,1.0,0.0,0.0,mask_bank,False,0,0.0,0.0,0.0,0.0,single_mask,True,1,0.20160705167799628,0.24457825699700442,0.7574846366053725,0.24457825699700442
709,1.0,0.0,0.0,mask_bank,True,2,0.013768534376084685,0.343336976640174,0.44798180134663934,0.343336976640174,single_mask,True,1,0.021240831295789422,0.01804072276591984,0.021240831295789422,0.01804072276591984
710,1.0,0.0,0.0,mask_bank,False,0,0.0,0.0,0.0,0.0,single_mask,True,1,0.017276290006475258,0.02420111710280242,0.05523038605195996,0.02420111710280242
711,0.9656843102254927,2.4285696938787902e-05,0.03429140407756852,mask_bank,True,2,0.0006473233287936462,0.4747443669963419,0.4923635593954232,0.4747443669963419,single_mask,True,1,0.0008750482563354135,0.000894947423821084,0.0008750482563354135,0.000894947423821084
712,1.0,0.0,0.0,mask_bank,True,3,0.3174597172201909,0.512756295256812,0.6224307707772947,0.512756295256812,single_mask,True,1,0.9081918889321152,0.8648701224547864,0.9081918889321152,0.8648701224547864
713,1.0,0.0,0.0,mask_bank,True,3,0.2449974278938695,0.33664837732005837,0.5139852148159112,0.33664837732005837,single_mask,True,1,0.014942220861684124,0.15948756576949888,0.2270566261982042,0.15948756576949888
714,0.9771442687747035,0.00015810276679841898,0.022697628458498025,mask_bank,True,6,0.2059052009830823,0.22482418524982217,0.26587662800182077,0.15221694801275665,single_mask,True,1,6.831441024160304e-05,0.22018296203701673,0.3753402683249676,0.22018296203701673
715,1.0,0.0,0.0,mask_bank,True,3,0.49576638338979045,0.454010245002585,0.6171259494953217,0.5785391201251341,single_mask,True,1,0.0,0.8412561440978776,0.8713061214557674,0.8412561440978776
716,1.0,0.0,0.0,mask_bank,True,5,0.1731177744902705,0.03672846130219258,0.29333148728288194,0.14773406727910782,single_mask,True,1,0.06104373892892622,0.021491287094513752,0.09324262382067201,0.021491287094513752
717,1.0,0.0,0.0,mask_bank,True,2,0.03313984603337392,0.3196654757547524,0.38202751080749553,0.18977407694639176,single_mask,True,1,0.031224826422067493,0.46724501486628367,0.6817785527417223,0.46724501486628367
718,1.0,0.0,0.0,mask_bank,True,1,0.03729933197441373,-0.04442729199373402,0.03729933197441373,-0.04442729199373402,single_mask,True,1,0.03731421004859579,-0.04444118858290959,0.03731421004859579,-0.04444118858290959
719,1.0,0.0,0.0,mask_bank,True,6,0.23465474943796003,0.07653579451117064,0.24404432930927025,0.07003393848428983,single_mask,True,1,0.36575789108516715,0.09955977615527835,0.36575789108516715,0.09955977615527835
720,1.0,0.0,0.0,mask_bank,True,3,0.48676095105640155,0.45380956602791106,0.6204463153374805,0.5816837750027626,single_mask,True,1,0.0,0.8576937370720934,0.9023104795026007,0.8576937370720934
721,1.0,0.0,0.0,mask_bank,True,4,0.4079844899146314,0.6700939907223488,0.4487343505281022,0.32020306595160464,single_mask,True,1,0.0,-0.030631740224393144,0.08344794260847592,-0.030631740224393144
722,1.0,0.0,0.0,mask_bank,True,4,0.21711619364149062,0.27982705701894006,0.4486438388320579,0.27982705701894006,single_mask,True,1,0.4309640036495179,0.1268337489405039,0.4309640036495179,0.1268337489405039
723,1.0,0.0,0.0,mask_bank,True,3,0.28823676584831504,0.2327417360327904,0.34993082305984374,0.2327417360327904,single_mask,True,1,0.0007581117962185913,-0.0013577811288583814,0.1863383754736222,-0.0013577811288583814
724,1.0,0.0,0.0,mask_bank,True,2,0.45207187418359934,0.42667348350423906,0.45207187418359934,0.42667348350423906,single_mask,True,1,0.8875024110852301,0.8487321315871054,0.8875024110852301,0.8487321315871054
725,1.0,0.0,0.0,mask_bank,True,3,0.41467559906454887,0.7506244980654584,0.578070781031126,0.49526666834641137,single_mask,True,1,0.8215850986046239,0.8089874756952342,0.8215850986046239,0.8089874756952342
726,1.0,0.0,0.0,mask_bank,True,4,0.2373358945529791,0.17702270967014141,0.462547851554471,0.17702270967014141,single_mask,True,1,0.0016539549904747448,0.9693691131365533,0.9690335988882264,0.9693691131365533
727,0.9871944819313241,0.0001349527665317139,0.012670565302144249,mask_bank,True,5,0.22696881883429915,0.3741805974656219,0.36952258516304304,0.3008003891098342,single_mask,True,1,0.018047926601019955,9.261710854265895e-05,0.018047926601019955,9.261710854265895e-05
728,1.0,0.0,0.0,mask_bank,True,3,0.3068856043033375,0.42295074015653705,0.5775926433250559,0.42295074015653705,single_mask,True,1,0.04308327374367307,0.018701665136658045,0.15735608482594474,0.018701665136658045
729,1.0,0.0,0.0,mask_bank,True,2,0.10997172652083581,0.08806424551977479,0.3437840988276246,0.08806424551977479,single_mask,True,1,0.19285793500950582,0.012666749463256006,0.19285793500950582,0.012666749463256006
730,1.0,0.0,0.0,mask_bank,True,4,0.21547586291861484,0.027415885823923652,0.21946443006478752,0.027415885823923652,single_mask,True,1,0.04129837112353653,-0.022560529022925834,0.04129837112353653,-0.022560529022925834
731,1.0,0.0,0.0,mask_bank,True,5,0.23713668143133,0.18180933219781065,0.35076158121718487,0.15929070801873707,single_mask,True,1,0.0,0.06954576032554241,0.06652881059344443,0.06954576032554241
732,1.0,0.0,0.0,mask_bank,True,3,0.009148713693600223,0.3397301264417029,0.2997425858000086,0.2564640639265765,single_mask,True,1,0.012755239335637433,0.7971841190384196,0.8457054376511348,0.7971841190384196
733,1.0,0.0,0.0,mask_bank,True,3,0.3091350518280925,0.2507302242935661,0.3506494883958973,0.2507302242935661,single_mask,True,1,0.8735764187918769,0.7392913808422051,0.8735764187918769,0.7392913808422051
734,1.0,0.0,0.0,mask_bank,True,5,0.25525945442281883,0.42664945805055493,0.397455241463605,0.3398852095427657,single_mask,True,1,0.0,-0.00718609334517468,0.020899808551324416,-0.00718609334517468
735,1.0,0.0,0.0,mask_bank,True,2,0.442831680277201,0.8247569893242048,0.9108831232521907,0.8247569893242048,single_mask,True,1,0.9175872735205746,0.8261529648897779,0.9175872735205746,0.8261529648897779
736,1.0,0.0,0.0,mask_bank,True,1,0.6808392875078956,0.2739970807939004,0.6808392875078956,0.2739970807939004,single_mask,True,1,0.6977457985272328,0.30081470433068935,0.6977457985272328,0.30081470433068935
737,1.0,0.0,0.0,mask_bank,True,2,0.0938234207609207,-0.06528151561796362,0.0938234207609207,-0.06528151561796362,single_mask,True,1,0.029826376062039285,-0.03778287409647315,0.029826376062039285,-0.03778287409647315
738,0.9840617397869307,0.0009804127170539385,0.014957847496015435,mask_bank,True,2,0.24900636223543637,0.4547162433355389,0.6795413970557003,0.4547162433355389,single_mask,True,1,0.004317603343655653,0.8445791715211366,0.8735567010294268,0.8445791715211366
739,1.0,0.0,0.0,mask_bank,True,3,0.2818586722680024,0.5068581040936512,0.5898202677763457,0.5068581040936512,single_mask,True,1,0.8489304812786935,0.7290935171122943,0.8489304812786935,0.7290935171122943
740,1.0,0.0,0.0,mask_bank,True,3,0.9642292420641476,0.9531443460849736,0.5532220176398753,0.3202215852698448,single_mask,True,1,0.0,-0.060351462077684694,0.22805767599622043,-0.060351462077684694
741,0.9699553132824137,0.0,0.030044686717586283,mask_bank,True,2,0.21781197864604487,0.51437268593578,0.6733436652681047,0.51437268593578,single_mask,True,1,0.4306261678172541,0.18416749200941185,0.4306261678172541,0.18416749200941185
742,1.0,0.0,0.0,mask_bank,True,6,0.32330992913404477,0.3787850380674229,0.45228728035803806,0.31431247749525487,single_mask,True,1,0.7939981653728607,0.6916665033463958,0.7939981653728607,0.6916665033463958
743,1.0,0.0,0.0,mask_bank,True,1,0.5519708762216421,0.24818089563165188,0.5519708762216421,0.24818089563165188,single_mask,True,1,0.5600167293995817,0.2570496202125458,0.5600167293995817,0.2570496202125458
744,1.0,0.0,0.0,mask_bank,True,2,0.43397535788018526,0.15088233952195534,0.4839516457265657,0.15088233952195534,single_mask,True,1,0.2580298654640804,0.11444407599669966,0.38306186981569396,0.11444407599669966
745,1.0,0.0,0.0,mask_bank,True,5,0.31994854337776324,0.5705169401566484,0.38486963286782744,0.35081642608979596,single_mask,True,1,0.0,0.011787824795508047,0.021265113836878104,0.011787824795508047
746,1.0,0.0,0.0,mask_bank,True,2,0.37785241420447674,0.7428776383380216,0.8516211900488793,0.7428776383380216,single_mask,True,1,0.005095168374802064,0.9335473386850031,0.9682694919806124,0.9335473386850031
747,1.0,0.0,0.0,mask_bank,True,4,0.30573374869159364,0.4264956559640386,0.5476484939421362,0.4264956559640386,single_mask,True,1,0.710114631345059,0.5380270589957946,0.710114631345059,0.5380270589957946
748,0.969817257873464,0.0003255178899207002,0.029857224236615337,mask_bank,True,3,0.48698369008725906,0.8867428136777035,0.614430665455623,0.5924612357473568,single_mask,True,1,0.0006057808804009637,0.8713484662361933,0.8810888252117439,0.8713484662361933
749,1.0,0.0,0.0,mask_bank,True,2,0.44913058072901796,0.7753831030307797,0.8827432745591457,0.7753831030307797,single_mask,True,1,0.8619459878515003,0.7561409114432294,0.8619459878515003,0.7561409114432294
750,1.0,0.0,0.0,mask_bank,True,6,0.2405636821474928,0.35124837489449773,0.4024315725651569,0.2565671688193414,single_mask,True,1,3.9048771915970755e-05,0.7266201435534874,0.8616761594734087,0.7266201435534874
751,1.0,0.0,0.0,mask_bank,True,4,0.34243711278049926,0.0654912668420542,0.40206821946735116,0.17870447636580108,single_mask,True,1,0.33631944232018735,0.06158286822458449,0.33631944232018735,0.06158286822458449
752,1.0,0.0,0.0,mask_bank,True,3,0.2997665398858894,0.561543019317982,0.6128339043762417,0.561543019317982,single_mask,True,1,0.8998599301605874,0.8456516892348392,0.8998599301605874,0.8456516892348392
