new_id,split,crop_name,source_image_id,source_transition,scale_factor,crop_width,crop_height,refined_width,refined_height,texture_a,texture_b,image_name,label_a_name,label_b_name,valid_fraction,overlap_fraction,void_fraction
0,training,training_ADE_train_00000191_t0_crop0,training_ADE_train_00000191,training_ADE_train_00000191_t0,2,113,172,226,344,wet sandy beach with scattered pebbles,foamy white ocean wave with churning water,0.png,0.png,0.png,1.0,0.0,0.0
1,training,training_ADE_train_00000191_t0_crop1,training_ADE_train_00000191,training_ADE_train_00000191_t0,2,112,223,224,446,wet sandy beach with scattered pebbles,foamy white ocean wave with churning water,1.png,1.png,1.png,1.0,0.0,0.0
2,training,training_ADE_train_00000191_t1_crop0,training_ADE_train_00000191,training_ADE_train_00000191_t1,2,256,101,512,202,foamy white ocean wave with churning water,calm gray ocean surface with gentle ripples,2.png,2.png,2.png,1.0,0.0,0.0
3,training,training_ADE_train_00000569_t0_crop0,training_ADE_train_00000569,training_ADE_train_00000569_t0,2,77,149,154,298,rough dark volcanic rock with jagged edges,foamy white ocean water with turbulent motion,3.png,3.png,3.png,1.0,0.0,0.0
4,training,training_ADE_train_00000569_t0_crop1,training_ADE_train_00000569,training_ADE_train_00000569_t0,1,535,448,535,448,rough dark volcanic rock with jagged edges,foamy white ocean water with turbulent motion,4.png,4.png,4.png,0.9553571428571429,0.0003170894526034713,0.04432576769025367
5,training,training_ADE_train_00000583_t0_crop0,training_ADE_train_00000583,training_ADE_train_00000583_t0,2,113,212,226,424,dense green grass with scattered shadows,smooth wet sandy ground with ripples,5.png,5.png,5.png,1.0,0.0,0.0
6,training,training_ADE_train_00000583_t0_crop1,training_ADE_train_00000583,training_ADE_train_00000583_t0,2,104,256,208,512,dense green grass with scattered shadows,smooth wet sandy ground with ripples,6.png,6.png,6.png,1.0,0.0,0.0
7,training,training_ADE_train_00000583_t0_crop2,training_ADE_train_00000583,training_ADE_train_00000583_t0,2,163,256,326,512,dense green grass with scattered shadows,smooth wet sandy ground with ripples,7.png,7.png,7.png,1.0,0.0,0.0
8,training,training_ADE_train_00000932_t0_crop0,training_ADE_train_00000932,training_ADE_train_00000932_t0,1,683,344,683,344,snow-covered evergreen trees with dark trunks,bare leafless shrubs with thin branches,8.png,8.png,8.png,0.9894616772787633,0.001451360277843985,0.009086962443392693
9,training,training_ADE_train_00000932_t0_crop1,training_ADE_train_00000932,training_ADE_train_00000932_t0,2,104,104,208,208,snow-covered evergreen trees with dark trunks,bare leafless shrubs with thin branches,9.png,9.png,9.png,1.0,0.0,0.0
10,training,training_ADE_train_00000932_t0_crop2,training_ADE_train_00000932,training_ADE_train_00000932_t0,2,173,256,346,512,snow-covered evergreen trees with dark trunks,bare leafless shrubs with thin branches,10.png,10.png,10.png,1.0,0.0,0.0
11,training,training_ADE_train_00001017_t1_crop0,training_ADE_train_00001017,training_ADE_train_00001017_t1,2,206,104,412,208,smooth gray concrete with faint surface lines,dark brown earth with loose soil texture,11.png,11.png,11.png,1.0,0.0,0.0
12,training,training_ADE_train_00001271_t1_crop0,training_ADE_train_00001271,training_ADE_train_00001271_t1,1,399,406,399,406,wavy textured brown wood panels,dirt path with scattered dry leaves,12.png,12.png,12.png,0.9760670148277096,0.0006296529501092633,0.023303332222181068
13,training,training_ADE_train_00001271_t2_crop0,training_ADE_train_00001271,training_ADE_train_00001271_t2,1,390,398,390,398,dirt path with scattered dry leaves,weathered gray wood with green moss streaks,13.png,13.png,13.png,0.9900270583687669,0.0003221234377013272,0.009650818193531762
14,training,training_ADE_train_00003048_t0_crop0,training_ADE_train_00003048,training_ADE_train_00003048_t0,2,132,120,264,240,dark green foliage with dense leaves,calm rippling water with greenish hue,14.png,14.png,14.png,1.0,0.0,0.0
15,training,training_ADE_train_00003048_t0_crop1,training_ADE_train_00003048,training_ADE_train_00003048_t0,2,93,256,186,512,dark green foliage with dense leaves,calm rippling water with greenish hue,15.png,15.png,15.png,1.0,0.0,0.0
16,training,training_ADE_train_00003048_t0_crop2,training_ADE_train_00003048,training_ADE_train_00003048_t0,1,687,200,687,200,dark green foliage with dense leaves,calm rippling water with greenish hue,16.png,16.png,16.png,1.0,0.0,0.0
17,training,training_ADE_train_00003048_t0_crop3,training_ADE_train_00003048,training_ADE_train_00003048_t0,2,126,256,252,512,dark green foliage with dense leaves,calm rippling water with greenish hue,17.png,17.png,17.png,1.0,0.0,0.0
18,training,training_ADE_train_00003079_t0_crop0,training_ADE_train_00003079,training_ADE_train_00003079_t0,2,145,64,290,128,wet sandy beach with gentle ripples,dark wet sand with bird footprints,18.png,18.png,18.png,1.0,0.0,0.0
19,training,training_ADE_train_00003084_t0_crop0,training_ADE_train_00003084,training_ADE_train_00003084_t0,2,256,176,512,352,wet sandy beach with fine granular texture,foamy ocean water with white crested waves,19.png,19.png,19.png,1.0,0.0,0.0
20,training,training_ADE_train_00003090_t1_crop0,training_ADE_train_00003090,training_ADE_train_00003090_t1,2,243,104,486,208,dense green grass with scattered shadows,smooth wet sandy ground with ripples,20.png,20.png,20.png,1.0,0.0,0.0
21,training,training_ADE_train_00003100_t2_crop0,training_ADE_train_00003100,training_ADE_train_00003100_t2,2,256,150,512,300,clear turquoise water with shallow depth,smooth wet sandy ground with ripples,21.png,21.png,21.png,1.0,0.0,0.0
22,training,training_ADE_train_00003103_t1_crop0,training_ADE_train_00003103,training_ADE_train_00003103_t1,2,198,80,396,160,wet sandy beach with scattered footprints,dark wet sand with small puddle reflections,22.png,22.png,22.png,1.0,0.0,0.0
23,training,training_ADE_train_00003105_t0_crop0,training_ADE_train_00003105,training_ADE_train_00003105_t0,1,379,217,379,217,smooth wet sandy ground with ripples,calm turquoise water with white foam edge,23.png,23.png,23.png,0.9939690915944214,0.0007538635506973238,0.005277044854881266
24,training,training_ADE_train_00003105_t0_crop1,training_ADE_train_00003105,training_ADE_train_00003105_t0,2,256,108,512,216,smooth wet sandy ground with ripples,calm turquoise water with white foam edge,24.png,24.png,24.png,1.0,0.0,0.0
25,training,training_ADE_train_00003105_t1_crop0,training_ADE_train_00003105,training_ADE_train_00003105_t1,1,237,480,237,480,calm turquoise water with white foam edge,dense green vegetation with palm fronds,25.png,25.png,25.png,1.0,0.0,0.0
26,training,training_ADE_train_00003119_t1_crop0,training_ADE_train_00003119,training_ADE_train_00003119_t1,2,153,148,306,296,smooth wet sandy ground with ripples,calm blue ocean water with distant horizon,26.png,26.png,26.png,1.0,0.0,0.0
27,training,training_ADE_train_00003132_t0_crop0,training_ADE_train_00003132,training_ADE_train_00003132_t0,2,105,202,210,404,rough dark rocks with jagged edges,smooth wet sandy beach with gentle slope,27.png,27.png,27.png,1.0,0.0,0.0
28,training,training_ADE_train_00003132_t0_crop1,training_ADE_train_00003132,training_ADE_train_00003132_t0,2,71,256,142,512,rough dark rocks with jagged edges,smooth wet sandy beach with gentle slope,28.png,28.png,28.png,1.0,0.0,0.0
29,training,training_ADE_train_00003133_t0_crop0,training_ADE_train_00003133,training_ADE_train_00003133_t0,2,104,64,208,128,dense green mangrove foliage with broad leaves,clear shallow water with visible sandy bottom,29.png,29.png,29.png,1.0,0.0,0.0
30,training,training_ADE_train_00003133_t2_crop0,training_ADE_train_00003133,training_ADE_train_00003133_t2,2,82,120,164,240,clear shallow water with visible sandy bottom,distant tree-covered landmass with dense canopy,30.png,30.png,30.png,1.0,0.0,0.0
31,training,training_ADE_train_00003135_t0_crop0,training_ADE_train_00003135,training_ADE_train_00003135_t0,2,191,130,382,260,smooth wet sandy ground with ripples,dense green grass with scattered shadows,31.png,31.png,31.png,1.0,0.0,0.0
32,training,training_ADE_train_00004349_t0_crop0,training_ADE_train_00004349,training_ADE_train_00004349_t0,2,256,96,512,192,dense green grass with scattered shadows,rough weathered stone with visible cracks,32.png,32.png,32.png,1.0,0.0,0.0
33,training,training_ADE_train_00004422_t0_crop0,training_ADE_train_00004422,training_ADE_train_00004422_t0,2,92,256,184,512,dense green grass with scattered shadows,gravel path with small stones and dust,33.png,33.png,33.png,1.0,0.0,0.0
34,training,training_ADE_train_00004422_t1_crop0,training_ADE_train_00004422,training_ADE_train_00004422_t1,2,192,184,384,368,gravel path with small stones and dust,dark reddish-brown shrubbery with dense foliage,34.png,34.png,34.png,1.0,0.0,0.0
35,training,training_ADE_train_00004422_t2_crop0,training_ADE_train_00004422,training_ADE_train_00004422_t2,1,248,218,248,218,dark reddish-brown shrubbery with dense foliage,bright yellow flowering plants with clustered blooms,35.png,35.png,35.png,0.9621559633027523,0.0,0.03784403669724771
36,training,training_ADE_train_00004424_t0_crop0,training_ADE_train_00004424,training_ADE_train_00004424_t0,2,81,256,162,512,dense green grass with scattered shadows,bright yellow flowers with layered petals,36.png,36.png,36.png,1.0,0.0,0.0
37,training,training_ADE_train_00004424_t0_crop1,training_ADE_train_00004424,training_ADE_train_00004424_t0,1,414,508,414,508,dense green grass with scattered shadows,bright yellow flowers with layered petals,37.png,37.png,37.png,1.0,0.0,0.0
38,training,training_ADE_train_00004424_t1_crop0,training_ADE_train_00004424,training_ADE_train_00004424_t1,2,256,190,512,380,dense green grass with scattered shadows,dark green coniferous foliage with needle texture,38.png,38.png,38.png,1.0,0.0,0.0
39,training,training_ADE_train_00004424_t1_crop1,training_ADE_train_00004424,training_ADE_train_00004424_t1,2,256,104,512,208,dense green grass with scattered shadows,dark green coniferous foliage with needle texture,39.png,39.png,39.png,1.0,0.0,0.0
40,training,training_ADE_train_00004424_t2_crop0,training_ADE_train_00004424,training_ADE_train_00004424_t2,1,446,442,446,442,bright yellow flowers with layered petals,dark green coniferous foliage with needle texture,40.png,40.png,40.png,0.9927611955441025,0.0036219385995170748,0.0036168658563804964
41,training,training_ADE_train_00004427_t0_crop0,training_ADE_train_00004427,training_ADE_train_00004427_t0,2,75,103,150,206,dense green grass with scattered shadows,white blossoms on dark tree branches,41.png,41.png,41.png,1.0,0.0,0.0
42,training,training_ADE_train_00004427_t0_crop1,training_ADE_train_00004427,training_ADE_train_00004427_t0,2,165,132,330,264,dense green grass with scattered shadows,white blossoms on dark tree branches,42.png,42.png,42.png,1.0,0.0,0.0
43,training,training_ADE_train_00004427_t0_crop2,training_ADE_train_00004427,training_ADE_train_00004427_t0,2,256,151,512,302,dense green grass with scattered shadows,white blossoms on dark tree branches,43.png,43.png,43.png,1.0,0.0,0.0
44,training,training_ADE_train_00004427_t1_crop0,training_ADE_train_00004427,training_ADE_train_00004427_t1,2,194,256,388,512,white blossoms on dark tree branches,clear blue sky with no clouds,44.png,44.png,44.png,1.0,0.0,0.0
45,training,training_ADE_train_00004427_t1_crop1,training_ADE_train_00004427,training_ADE_train_00004427_t1,2,256,115,512,230,white blossoms on dark tree branches,clear blue sky with no clouds,45.png,45.png,45.png,1.0,0.0,0.0
46,training,training_ADE_train_00004918_t0_crop0,training_ADE_train_00004918,training_ADE_train_00004918_t0,2,145,64,290,128,vertical striated sandstone with layered bands,green shrubbery with sparse foliage,46.png,46.png,46.png,1.0,0.0,0.0
47,training,training_ADE_train_00004918_t0_crop1,training_ADE_train_00004918,training_ADE_train_00004918_t0,1,300,210,300,210,vertical striated sandstone with layered bands,green shrubbery with sparse foliage,47.png,47.png,47.png,0.9816031746031746,0.0002380952380952381,0.01815873015873016
48,training,training_ADE_train_00004918_t1_crop0,training_ADE_train_00004918,training_ADE_train_00004918_t1,2,210,184,420,368,vertical striated sandstone with layered bands,reddish-brown soil with sparse vegetation,48.png,48.png,48.png,1.0,0.0,0.0
49,training,training_ADE_train_00004918_t2_crop0,training_ADE_train_00004918,training_ADE_train_00004918_t2,2,179,102,358,204,reddish-brown soil with sparse vegetation,green shrubbery with sparse foliage,49.png,49.png,49.png,1.0,0.0,0.0
50,training,training_ADE_train_00005003_t0_crop0,training_ADE_train_00005003,training_ADE_train_00005003_t0,2,213,133,426,266,wet muddy bank with sparse vegetation,calm murky water with tree reflections,50.png,50.png,50.png,1.0,0.0,0.0
51,training,training_ADE_train_00005004_t1_crop0,training_ADE_train_00005004,training_ADE_train_00005004_t1,2,199,216,398,432,dense green grass with scattered shadows,white blossoming trees with dense clusters,51.png,51.png,51.png,1.0,0.0,0.0
52,training,training_ADE_train_00005004_t2_crop0,training_ADE_train_00005004,training_ADE_train_00005004_t2,2,129,64,258,128,white blossoming trees with dense clusters,distant rolling hills with sparse vegetation,52.png,52.png,52.png,1.0,0.0,0.0
53,training,training_ADE_train_00005009_t0_crop0,training_ADE_train_00005009,training_ADE_train_00005009_t0,2,168,98,336,196,dark gray stone wall with vertical seams,green grass with scattered shadows,53.png,53.png,53.png,1.0,0.0,0.0
54,training,training_ADE_train_00005009_t2_crop0,training_ADE_train_00005009,training_ADE_train_00005009_t2,2,165,138,330,276,dark gray stone wall with vertical seams,smooth dark water surface with ripples,54.png,54.png,54.png,1.0,0.0,0.0
55,training,training_ADE_train_00005048_t0_crop0,training_ADE_train_00005048,training_ADE_train_00005048_t0,2,100,64,200,128,smooth wet sandy ground with ripples,rough weathered stone with visible cracks,55.png,55.png,55.png,1.0,0.0,0.0
56,training,training_ADE_train_00005048_t0_crop1,training_ADE_train_00005048,training_ADE_train_00005048_t0,2,103,166,206,332,smooth wet sandy ground with ripples,rough weathered stone with visible cracks,56.png,56.png,56.png,1.0,0.0,0.0
57,training,training_ADE_train_00005054_t0_crop0,training_ADE_train_00005054,training_ADE_train_00005054_t0,1,256,202,256,202,rough layered sandstone with vertical striations,dense green shrubbery with varied leaf shapes,57.png,57.png,57.png,0.9900990099009901,0.0,0.009900990099009901
58,training,training_ADE_train_00005241_t0_crop0,training_ADE_train_00005241,training_ADE_train_00005241_t0,2,101,64,202,128,smooth beige cardboard with sharp edges,dense green grass with scattered shadows,58.png,58.png,58.png,1.0,0.0,0.0
59,training,training_ADE_train_00005241_t0_crop1,training_ADE_train_00005241,training_ADE_train_00005241_t0,1,226,422,226,422,smooth beige cardboard with sharp edges,dense green grass with scattered shadows,59.png,59.png,59.png,0.9564127836262215,8.388206182107957e-05,0.04350333431195739
60,training,training_ADE_train_00005346_t1_crop0,training_ADE_train_00005346,training_ADE_train_00005346_t1,2,167,90,334,180,dense green shrubbery with needle-like leaves,dry yellow-brown grass with sparse blades,60.png,60.png,60.png,1.0,0.0,0.0
61,training,training_ADE_train_00005835_t1_crop0,training_ADE_train_00005835,training_ADE_train_00005835_t1,2,133,135,266,270,rough weathered stone with visible cracks,dense green vegetation with leafy canopy,61.png,61.png,61.png,1.0,0.0,0.0
62,training,training_ADE_train_00005871_t0_crop0,training_ADE_train_00005871,training_ADE_train_00005871_t0,2,178,134,356,268,dark wet volcanic rock with jagged edges,calm dark water with gentle ripples,62.png,62.png,62.png,1.0,0.0,0.0
63,training,training_ADE_train_00005884_t0_crop0,training_ADE_train_00005884,training_ADE_train_00005884_t0,2,168,105,336,210,dense green grass with scattered shadows,gravel path with fine sandy particles,63.png,63.png,63.png,1.0,0.0,0.0
64,training,training_ADE_train_00006233_t1_crop0,training_ADE_train_00006233,training_ADE_train_00006233_t1,1,304,252,304,252,dense green corn stalks with broad leaves,dry brown grass with scattered blades,64.png,64.png,64.png,0.9792058270676691,0.0,0.020794172932330827
65,training,training_ADE_train_00006233_t1_crop1,training_ADE_train_00006233,training_ADE_train_00006233_t1,1,247,371,247,371,dense green corn stalks with broad leaves,dry brown grass with scattered blades,65.png,65.png,65.png,0.9779783275314556,0.0,0.022021672468544366
66,training,training_ADE_train_00006236_t0_crop0,training_ADE_train_00006236,training_ADE_train_00006236_t0,2,256,138,512,276,dense green grass with scattered shadows,smooth wet sandy ground with ripples,66.png,66.png,66.png,1.0,0.0,0.0
67,training,training_ADE_train_00006237_t0_crop0,training_ADE_train_00006237,training_ADE_train_00006237_t0,2,120,84,240,168,dense green grass with scattered shadows,rough weathered stone with visible cracks,67.png,67.png,67.png,1.0,0.0,0.0
68,training,training_ADE_train_00006249_t0_crop0,training_ADE_train_00006249,training_ADE_train_00006249_t0,1,240,270,240,270,dense green grass with scattered shadows,smooth wet sandy ground with ripples,68.png,68.png,68.png,0.9630401234567901,0.0,0.036959876543209876
69,training,training_ADE_train_00006249_t0_crop1,training_ADE_train_00006249,training_ADE_train_00006249_t0,2,159,64,318,128,dense green grass with scattered shadows,smooth wet sandy ground with ripples,69.png,69.png,69.png,1.0,0.0,0.0
70,training,training_ADE_train_00006249_t2_crop0,training_ADE_train_00006249,training_ADE_train_00006249_t2,2,256,83,512,166,rough weathered stone with visible cracks,smooth wet sandy ground with ripples,70.png,70.png,70.png,1.0,0.0,0.0
71,training,training_ADE_train_00006377_t3_crop0,training_ADE_train_00006377,training_ADE_train_00006377_t3,2,134,64,268,128,dense green grass with scattered shadows,dense green foliage with varied leaf shapes,71.png,71.png,71.png,1.0,0.0,0.0
72,training,training_ADE_train_00006377_t3_crop1,training_ADE_train_00006377,training_ADE_train_00006377_t3,2,105,172,210,344,dense green grass with scattered shadows,dense green foliage with varied leaf shapes,72.png,72.png,72.png,1.0,0.0,0.0
73,training,training_ADE_train_00006377_t3_crop2,training_ADE_train_00006377,training_ADE_train_00006377_t3,1,503,271,503,271,dense green grass with scattered shadows,dense green foliage with varied leaf shapes,73.png,73.png,73.png,0.9593949219810289,0.00039614710262410774,0.04020893091634694
74,training,training_ADE_train_00006377_t3_crop3,training_ADE_train_00006377,training_ADE_train_00006377_t3,2,70,144,140,288,dense green grass with scattered shadows,dense green foliage with varied leaf shapes,74.png,74.png,74.png,1.0,0.0,0.0
75,training,training_ADE_train_00006468_t0_crop0,training_ADE_train_00006468,training_ADE_train_00006468_t0,2,200,131,400,262,rough dark wet rocks with mossy patches,smooth flowing water with white frothy rapids,75.png,75.png,75.png,1.0,0.0,0.0
76,training,training_ADE_train_00006480_t0_crop0,training_ADE_train_00006480,training_ADE_train_00006480_t0,1,212,316,212,316,muddy brown water with swirling sediment,wet dark gray rock with mossy patches,76.png,76.png,76.png,1.0,0.0,0.0
77,training,training_ADE_train_00006481_t0_crop0,training_ADE_train_00006481,training_ADE_train_00006481_t0,2,100,104,200,208,dark wet rocks with mossy patches,bright green ferns with serrated edges,77.png,77.png,77.png,1.0,0.0,0.0
78,training,training_ADE_train_00006484_t0_crop0,training_ADE_train_00006484,training_ADE_train_00006484_t0,2,143,64,286,128,wet mossy rock with dark green patches,foamy rushing water with white spray,78.png,78.png,78.png,1.0,0.0,0.0
79,training,training_ADE_train_00006484_t0_crop1,training_ADE_train_00006484,training_ADE_train_00006484_t0,2,130,256,260,512,wet mossy rock with dark green patches,foamy rushing water with white spray,79.png,79.png,79.png,1.0,0.0,0.0
80,training,training_ADE_train_00006484_t1_crop0,training_ADE_train_00006484,training_ADE_train_00006484_t1,2,214,70,428,140,wet mossy rock with dark green patches,damp brown leaf litter with decaying organic matter,80.png,80.png,80.png,1.0,0.0,0.0
81,training,training_ADE_train_00006485_t1_crop0,training_ADE_train_00006485,training_ADE_train_00006485_t1,1,212,212,212,212,dense green foliage with layered leaves,rough mossy rock with dark wet patches,81.png,81.png,81.png,0.9850035599857601,0.0020692417230331077,0.012927198291206836
82,training,training_ADE_train_00006485_t2_crop0,training_ADE_train_00006485,training_ADE_train_00006485_t2,2,255,93,510,186,dense green foliage with layered leaves,smooth flowing water with white froth,82.png,82.png,82.png,1.0,0.0,0.0
83,training,training_ADE_train_00006492_t0_crop0,training_ADE_train_00006492,training_ADE_train_00006492_t0,1,300,315,300,315,wet mossy rocks with dark green patches,fallen orange leaves on steep slope,83.png,83.png,83.png,0.9749735449735449,0.0009841269841269842,0.024042328042328042
84,training,training_ADE_train_00006492_t1_crop0,training_ADE_train_00006492,training_ADE_train_00006492_t1,2,256,184,512,368,wet mossy rocks with dark green patches,flowing clear water over stones,84.png,84.png,84.png,1.0,0.0,0.0
85,training,training_ADE_train_00006495_t2_crop0,training_ADE_train_00006495,training_ADE_train_00006495_t2,2,64,108,128,216,dark wet volcanic rock with moss patches,smooth flowing water with ripples,85.png,85.png,85.png,1.0,0.0,0.0
86,training,training_ADE_train_00006497_t2_crop0,training_ADE_train_00006497,training_ADE_train_00006497_t2,2,186,64,372,128,dry light brown sandy substrate with pebbles,darker gray stone with rough texture,86.png,86.png,86.png,1.0,0.0,0.0
87,training,training_ADE_train_00006497_t2_crop1,training_ADE_train_00006497,training_ADE_train_00006497_t2,2,130,64,260,128,dry light brown sandy substrate with pebbles,darker gray stone with rough texture,87.png,87.png,87.png,1.0,0.0,0.0
88,training,training_ADE_train_00006499_t0_crop0,training_ADE_train_00006499,training_ADE_train_00006499_t0,2,256,148,512,296,large mossy rock with lichen patches,wet dark streambed with smooth stones,88.png,88.png,88.png,1.0,0.0,0.0
89,training,training_ADE_train_00006500_t0_crop0,training_ADE_train_00006500,training_ADE_train_00006500_t0,2,64,132,128,264,wet mossy rock with dark green patches,smooth flowing water with white froth,89.png,89.png,89.png,1.0,0.0,0.0
90,training,training_ADE_train_00006500_t0_crop1,training_ADE_train_00006500,training_ADE_train_00006500_t0,2,64,256,128,512,wet mossy rock with dark green patches,smooth flowing water with white froth,90.png,90.png,90.png,1.0,0.0,0.0
91,training,training_ADE_train_00006500_t0_crop2,training_ADE_train_00006500,training_ADE_train_00006500_t0,2,256,144,512,288,wet mossy rock with dark green patches,smooth flowing water with white froth,91.png,91.png,91.png,1.0,0.0,0.0
92,training,training_ADE_train_00006503_t0_crop0,training_ADE_train_00006503,training_ADE_train_00006503_t0,2,173,124,346,248,rough dark wet rocks with mossy patches,foamy white rushing water with turbulent flow,92.png,92.png,92.png,1.0,0.0,0.0
93,training,training_ADE_train_00006505_t0_crop0,training_ADE_train_00006505,training_ADE_train_00006505_t0,2,68,104,136,208,wet mossy rock with green patches,flowing water with silky motion blur,93.png,93.png,93.png,1.0,0.0,0.0
94,training,training_ADE_train_00006505_t0_crop1,training_ADE_train_00006505,training_ADE_train_00006505_t0,1,373,520,373,520,wet mossy rock with green patches,flowing water with silky motion blur,94.png,94.png,94.png,1.0,0.0,0.0
95,training,training_ADE_train_00006687_t0_crop0,training_ADE_train_00006687,training_ADE_train_00006687_t0,2,256,104,512,208,wet sandy ground with fine ripples,dry sandy dune with wind-sculpted ridges,95.png,95.png,95.png,1.0,0.0,0.0
96,training,training_ADE_train_00006698_t0_crop0,training_ADE_train_00006698,training_ADE_train_00006698_t0,2,242,152,484,304,dry sandy ground with fine granular particles,sparse desert shrubs with spiky leaves,96.png,96.png,96.png,1.0,0.0,0.0
97,training,training_ADE_train_00006710_t0_crop0,training_ADE_train_00006710,training_ADE_train_00006710_t0,2,153,215,306,430,asphalt road surface with cracked texture,dry grassy terrain with scattered vegetation,97.png,97.png,97.png,1.0,0.0,0.0
98,training,training_ADE_train_00006710_t1_crop0,training_ADE_train_00006710,training_ADE_train_00006710_t1,2,128,104,256,208,asphalt road surface with cracked texture,distant rock formations with layered strata,98.png,98.png,98.png,1.0,0.0,0.0
99,training,training_ADE_train_00007260_t1_crop0,training_ADE_train_00007260,training_ADE_train_00007260_t1,2,94,172,188,344,smooth reddish-brown dirt road with tire tracks,weathered gray-brown tree bark with rough texture,99.png,99.png,99.png,1.0,0.0,0.0
100,training,training_ADE_train_00007290_t0_crop0,training_ADE_train_00007290,training_ADE_train_00007290_t0,2,96,177,192,354,rough weathered stone with visible cracks,dense green grass with scattered shadows,100.png,100.png,100.png,1.0,0.0,0.0
101,training,training_ADE_train_00007293_t0_crop0,training_ADE_train_00007293,training_ADE_train_00007293_t0,2,256,87,512,174,rough weathered stone with visible cracks,dense green grass with scattered shadows,101.png,101.png,101.png,1.0,0.0,0.0
102,training,training_ADE_train_00007295_t1_crop0,training_ADE_train_00007295,training_ADE_train_00007295_t1,2,148,114,296,228,dense green grass with scattered shadows,smooth pale stone with mossy patches,102.png,102.png,102.png,1.0,0.0,0.0
103,training,training_ADE_train_00007296_t2_crop0,training_ADE_train_00007296,training_ADE_train_00007296_t2,2,137,97,274,194,rough dark gray rock face with vertical fissures,grassy slope with scattered low shrubs,103.png,103.png,103.png,1.0,0.0,0.0
104,training,training_ADE_train_00007298_t0_crop0,training_ADE_train_00007298,training_ADE_train_00007298_t0,2,184,88,368,176,rough gray stone with mossy patches,green grass with scattered shadows,104.png,104.png,104.png,1.0,0.0,0.0
105,training,training_ADE_train_00007299_t0_crop0,training_ADE_train_00007299,training_ADE_train_00007299_t0,1,512,302,512,302,dense green grass with scattered shadows,rough weathered stone with visible cracks,105.png,105.png,105.png,0.9622568294701986,0.0011511796357615894,0.036591990894039736
106,training,training_ADE_train_00007300_t0_crop0,training_ADE_train_00007300,training_ADE_train_00007300_t0,2,125,64,250,128,dense green grass with scattered yellow flowers,rough gray stone with mossy patches,106.png,106.png,106.png,1.0,0.0,0.0
107,training,training_ADE_train_00007300_t0_crop1,training_ADE_train_00007300,training_ADE_train_00007300_t0,1,766,512,766,512,dense green grass with scattered yellow flowers,rough gray stone with mossy patches,107.png,107.png,107.png,1.0,0.0,0.0
108,training,training_ADE_train_00007300_t1_crop0,training_ADE_train_00007300,training_ADE_train_00007300_t1,2,167,246,334,492,rough gray stone with mossy patches,pale gray boulder with lichen spots,108.png,108.png,108.png,1.0,0.0,0.0
109,training,training_ADE_train_00007300_t1_crop1,training_ADE_train_00007300,training_ADE_train_00007300_t1,1,583,258,583,258,rough gray stone with mossy patches,pale gray boulder with lichen spots,109.png,109.png,109.png,0.6157737976518143,0.3807491323945909,0.003477069953594745
110,training,training_ADE_train_00007462_t0_crop0,training_ADE_train_00007462,training_ADE_train_00007462_t0,2,151,64,302,128,dense green grass with scattered shadows,dark gray gravel with tire track impressions,110.png,110.png,110.png,1.0,0.0,0.0
111,training,training_ADE_train_00007462_t0_crop1,training_ADE_train_00007462,training_ADE_train_00007462_t0,2,129,64,258,128,dense green grass with scattered shadows,dark gray gravel with tire track impressions,111.png,111.png,111.png,1.0,0.0,0.0
112,training,training_ADE_train_00007462_t0_crop2,training_ADE_train_00007462,training_ADE_train_00007462_t0,2,148,94,296,188,dense green grass with scattered shadows,dark gray gravel with tire track impressions,112.png,112.png,112.png,1.0,0.0,0.0
113,training,training_ADE_train_00007466_t0_crop0,training_ADE_train_00007466,training_ADE_train_00007466_t0,2,64,217,128,434,dense green grass with scattered shadows,smooth gray asphalt with fine grain texture,113.png,113.png,113.png,1.0,0.0,0.0
114,training,training_ADE_train_00007466_t1_crop0,training_ADE_train_00007466,training_ADE_train_00007466_t1,1,639,407,639,407,smooth gray asphalt with fine grain texture,dry brown gravel with scattered leaves,114.png,114.png,114.png,0.7277302911105727,0.012431125107181445,0.2598385837822458
115,training,training_ADE_train_00007640_t0_crop0,training_ADE_train_00007640,training_ADE_train_00007640_t0,2,83,138,166,276,dense green foliage with varied leaf shapes,rough vertical cliff face with layered rock strata,115.png,115.png,115.png,1.0,0.0,0.0
116,training,training_ADE_train_00007640_t2_crop0,training_ADE_train_00007640,training_ADE_train_00007640_t2,2,241,128,482,256,smooth grayish riverbed with scattered pebbles,dense green foliage with varied leaf shapes,116.png,116.png,116.png,1.0,0.0,0.0
117,training,training_ADE_train_00007645_t0_crop0,training_ADE_train_00007645,training_ADE_train_00007645_t0,2,162,64,324,128,dry grassy field with sparse vegetation,wet reflective river surface,117.png,117.png,117.png,1.0,0.0,0.0
118,training,training_ADE_train_00007645_t0_crop1,training_ADE_train_00007645,training_ADE_train_00007645_t0,2,176,64,352,128,dry grassy field with sparse vegetation,wet reflective river surface,118.png,118.png,118.png,1.0,0.0,0.0
119,training,training_ADE_train_00007645_t0_crop2,training_ADE_train_00007645,training_ADE_train_00007645_t0,2,256,144,512,288,dry grassy field with sparse vegetation,wet reflective river surface,119.png,119.png,119.png,1.0,0.0,0.0
120,training,training_ADE_train_00007645_t0_crop3,training_ADE_train_00007645,training_ADE_train_00007645_t0,2,158,256,316,512,dry grassy field with sparse vegetation,wet reflective river surface,120.png,120.png,120.png,1.0,0.0,0.0
121,training,training_ADE_train_00007645_t0_crop4,training_ADE_train_00007645,training_ADE_train_00007645_t0,2,100,132,200,264,dry grassy field with sparse vegetation,wet reflective river surface,121.png,121.png,121.png,1.0,0.0,0.0
122,training,training_ADE_train_00007645_t1_crop0,training_ADE_train_00007645,training_ADE_train_00007645_t1,2,256,108,512,216,bare shrubbery with brown branches,wet reflective river surface,122.png,122.png,122.png,1.0,0.0,0.0
123,training,training_ADE_train_00007645_t1_crop1,training_ADE_train_00007645,training_ADE_train_00007645_t1,2,256,85,512,170,bare shrubbery with brown branches,wet reflective river surface,123.png,123.png,123.png,1.0,0.0,0.0
124,training,training_ADE_train_00007646_t0_crop0,training_ADE_train_00007646,training_ADE_train_00007646_t0,2,252,148,504,296,muddy brown water with turbulent flow,dark wet soil with sparse vegetation,124.png,124.png,124.png,1.0,0.0,0.0
125,training,training_ADE_train_00007647_t0_crop0,training_ADE_train_00007647,training_ADE_train_00007647_t0,1,324,372,324,372,dense green grass with scattered shadows,smooth wet sandy ground with ripples,125.png,125.png,125.png,0.9766942121332802,0.0,0.023305787866719767
126,training,training_ADE_train_00007647_t1_crop0,training_ADE_train_00007647,training_ADE_train_00007647_t1,2,103,112,206,224,dense green grass with scattered shadows,rough mossy rock with dark patches,126.png,126.png,126.png,1.0,0.0,0.0
127,training,training_ADE_train_00007647_t1_crop1,training_ADE_train_00007647,training_ADE_train_00007647_t1,2,256,75,512,150,dense green grass with scattered shadows,rough mossy rock with dark patches,127.png,127.png,127.png,1.0,0.0,0.0
128,training,training_ADE_train_00007651_t0_crop0,training_ADE_train_00007651,training_ADE_train_00007651_t0,1,373,465,373,465,smooth dark water with gentle ripples,wet sandy beach with fine granular texture,128.png,128.png,128.png,0.9827265127273775,0.0,0.017273487272622446
129,training,training_ADE_train_00007651_t2_crop0,training_ADE_train_00007651,training_ADE_train_00007651_t2,2,115,64,230,128,dry light beige sand with scattered footprints,sparse green vegetation on sandy slope,129.png,129.png,129.png,1.0,0.0,0.0
130,training,training_ADE_train_00007651_t2_crop1,training_ADE_train_00007651,training_ADE_train_00007651_t2,2,113,64,226,128,dry light beige sand with scattered footprints,sparse green vegetation on sandy slope,130.png,130.png,130.png,1.0,0.0,0.0
131,training,training_ADE_train_00007651_t2_crop2,training_ADE_train_00007651,training_ADE_train_00007651_t2,2,124,256,248,512,dry light beige sand with scattered footprints,sparse green vegetation on sandy slope,131.png,131.png,131.png,1.0,0.0,0.0
132,training,training_ADE_train_00007687_t0_crop0,training_ADE_train_00007687,training_ADE_train_00007687_t0,1,683,304,683,304,dense green grass with scattered shadows,gravel path with worn uneven surface,132.png,132.png,132.png,0.9674279494490252,0.0006742698620636511,0.03189778068891115
133,training,training_ADE_train_00007687_t0_crop1,training_ADE_train_00007687,training_ADE_train_00007687_t0,2,64,256,128,512,dense green grass with scattered shadows,gravel path with worn uneven surface,133.png,133.png,133.png,1.0,0.0,0.0
134,training,training_ADE_train_00007690_t0_crop0,training_ADE_train_00007690,training_ADE_train_00007690_t0,1,220,212,220,212,dense green grass with scattered shadows,dark green coniferous trees with dense foliage,134.png,134.png,134.png,0.9879073756432247,0.0,0.0120926243567753
135,training,training_ADE_train_00007690_t0_crop1,training_ADE_train_00007690,training_ADE_train_00007690_t0,2,129,256,258,512,dense green grass with scattered shadows,dark green coniferous trees with dense foliage,135.png,135.png,135.png,1.0,0.0,0.0
136,training,training_ADE_train_00007691_t0_crop0,training_ADE_train_00007691,training_ADE_train_00007691_t0,1,683,402,683,402,dense green grass with scattered shadows,dappled sunlight on grass with tree shadows,136.png,136.png,136.png,0.9642053276807762,5.0989561708296e-05,0.0357436827575155
137,training,training_ADE_train_00007693_t0_crop0,training_ADE_train_00007693,training_ADE_train_00007693_t0,1,525,341,525,341,dense green grass with scattered shadows,fine sandy substrate with granular particles,137.png,137.png,137.png,0.9644854070660522,4.4686496299399525e-05,0.03546990643764837
138,training,training_ADE_train_00007693_t1_crop0,training_ADE_train_00007693,training_ADE_train_00007693_t1,2,123,64,246,128,dense green grass with scattered shadows,rough weathered stone with visible cracks,138.png,138.png,138.png,1.0,0.0,0.0
139,training,training_ADE_train_00007693_t1_crop1,training_ADE_train_00007693,training_ADE_train_00007693_t1,1,726,305,726,305,dense green grass with scattered shadows,rough weathered stone with visible cracks,139.png,139.png,139.png,0.9668337623628235,0.00014451519667615047,0.03302172244050038
140,training,training_ADE_train_00007698_t1_crop0,training_ADE_train_00007698,training_ADE_train_00007698_t1,2,256,176,512,352,dense green grass with scattered shadows,calm blue water surface with gentle ripples,140.png,140.png,140.png,1.0,0.0,0.0
141,training,training_ADE_train_00007700_t0_crop0,training_ADE_train_00007700,training_ADE_train_00007700_t0,2,151,64,302,128,dense green grass with scattered shadows,smooth dark water surface with ripples,141.png,141.png,141.png,1.0,0.0,0.0
142,training,training_ADE_train_00007700_t0_crop1,training_ADE_train_00007700,training_ADE_train_00007700_t0,2,256,167,512,334,dense green grass with scattered shadows,smooth dark water surface with ripples,142.png,142.png,142.png,1.0,0.0,0.0
143,training,training_ADE_train_00007701_t1_crop0,training_ADE_train_00007701,training_ADE_train_00007701_t1,2,193,256,386,512,dense green grass with scattered shadows,smooth wet sandy ground with ripples,143.png,143.png,143.png,1.0,0.0,0.0
144,training,training_ADE_train_00007785_t0_crop0,training_ADE_train_00007785,training_ADE_train_00007785_t0,2,256,167,512,334,dense green grass with scattered shadows,bright yellow flowering plants with dense blooms,144.png,144.png,144.png,1.0,0.0,0.0
145,training,training_ADE_train_00007785_t1_crop0,training_ADE_train_00007785,training_ADE_train_00007785_t1,2,138,144,276,288,bright yellow flowering plants with dense blooms,dark green dense foliage with varied leaf shapes,145.png,145.png,145.png,1.0,0.0,0.0
146,training,training_ADE_train_00007794_t0_crop0,training_ADE_train_00007794,training_ADE_train_00007794_t0,2,217,64,434,128,dense purple lavender with fine spike clusters,lush green shrubbery with varied leaf shapes,146.png,146.png,146.png,1.0,0.0,0.0
147,training,training_ADE_train_00007800_t0_crop0,training_ADE_train_00007800,training_ADE_train_00007800_t0,2,256,120,512,240,dense yellow sunflower field with broad petals,dry golden grass with sparse blades,147.png,147.png,147.png,1.0,0.0,0.0
148,training,training_ADE_train_00007800_t2_crop0,training_ADE_train_00007800,training_ADE_train_00007800_t2,2,68,139,136,278,distant rolling hillside with scattered trees,clear blue sky with no clouds,148.png,148.png,148.png,1.0,0.0,0.0
149,training,training_ADE_train_00007803_t0_crop0,training_ADE_train_00007803,training_ADE_train_00007803_t0,2,256,164,512,328,dense green grass with scattered shadows,smooth wet sandy ground with ripples,149.png,149.png,149.png,1.0,0.0,0.0
150,training,training_ADE_train_00007806_t0_crop0,training_ADE_train_00007806,training_ADE_train_00007806_t0,2,111,64,222,128,dense green grass with scattered shadows,distant tree line with varied leaf textures,150.png,150.png,150.png,1.0,0.0,0.0
151,training,training_ADE_train_00007806_t0_crop1,training_ADE_train_00007806,training_ADE_train_00007806_t0,2,100,64,200,128,dense green grass with scattered shadows,distant tree line with varied leaf textures,151.png,151.png,151.png,1.0,0.0,0.0
152,training,training_ADE_train_00007820_t1_crop0,training_ADE_train_00007820,training_ADE_train_00007820_t1,2,142,112,284,224,weathered wooden log with rough bark,distant dry grassland with sparse trees,152.png,152.png,152.png,1.0,0.0,0.0
153,training,training_ADE_train_00007828_t1_crop0,training_ADE_train_00007828,training_ADE_train_00007828_t1,2,256,93,512,186,dark green coniferous forest with dense canopy,distant hazy mountain range with soft ridges,153.png,153.png,153.png,1.0,0.0,0.0
154,training,training_ADE_train_00007834_t0_crop0,training_ADE_train_00007834,training_ADE_train_00007834_t0,2,151,104,302,208,dense green grass with scattered shadows,trees with autumn foliage in mixed hues,154.png,154.png,154.png,1.0,0.0,0.0
155,training,training_ADE_train_00007834_t0_crop1,training_ADE_train_00007834,training_ADE_train_00007834_t0,2,80,191,160,382,dense green grass with scattered shadows,trees with autumn foliage in mixed hues,155.png,155.png,155.png,1.0,0.0,0.0
156,training,training_ADE_train_00007854_t0_crop0,training_ADE_train_00007854,training_ADE_train_00007854_t0,2,148,182,296,364,gray asphalt road with yellow dashed lines,green grassy field with scattered shadows,156.png,156.png,156.png,1.0,0.0,0.0
157,training,training_ADE_train_00007854_t1_crop0,training_ADE_train_00007854,training_ADE_train_00007854_t1,2,160,182,320,364,gray asphalt road with yellow dashed lines,distant flat grassy plain under overcast sky,157.png,157.png,157.png,1.0,0.0,0.0
158,training,training_ADE_train_00007855_t0_crop0,training_ADE_train_00007855,training_ADE_train_00007855_t0,2,185,164,370,328,dense green grass with scattered shadows,smooth dark water surface with gentle ripples,158.png,158.png,158.png,1.0,0.0,0.0
159,training,training_ADE_train_00007855_t2_crop0,training_ADE_train_00007855,training_ADE_train_00007855_t2,2,146,85,292,170,damp muddy bank with sparse vegetation,dense green grass with scattered shadows,159.png,159.png,159.png,1.0,0.0,0.0
160,training,training_ADE_train_00007857_t0_crop0,training_ADE_train_00007857,training_ADE_train_00007857_t0,2,216,157,432,314,smooth dark asphalt with tire marks,dry golden wheat field with tall stalks,160.png,160.png,160.png,1.0,0.0,0.0
161,training,training_ADE_train_00007857_t2_crop0,training_ADE_train_00007857,training_ADE_train_00007857_t2,2,94,120,188,240,green grassy verge with wildflowers,smooth dark asphalt with tire marks,161.png,161.png,161.png,1.0,0.0,0.0
162,training,training_ADE_train_00007905_t0_crop0,training_ADE_train_00007905,training_ADE_train_00007905_t0,1,444,339,444,339,dense green grass with scattered shadows,smooth wet sandy ground with ripples,162.png,162.png,162.png,0.9510816125860374,3.98628717212788e-05,0.048878524542241356
163,training,training_ADE_train_00007905_t0_crop1,training_ADE_train_00007905,training_ADE_train_00007905_t0,2,169,256,338,512,dense green grass with scattered shadows,smooth wet sandy ground with ripples,163.png,163.png,163.png,1.0,0.0,0.0
164,training,training_ADE_train_00007913_t0_crop0,training_ADE_train_00007913,training_ADE_train_00007913_t0,2,149,85,298,170,smooth wet sandy ground with ripples,rough weathered stone with visible cracks,164.png,164.png,164.png,1.0,0.0,0.0
165,training,training_ADE_train_00007913_t0_crop1,training_ADE_train_00007913,training_ADE_train_00007913_t0,2,188,82,376,164,smooth wet sandy ground with ripples,rough weathered stone with visible cracks,165.png,165.png,165.png,1.0,0.0,0.0
166,training,training_ADE_train_00007913_t0_crop2,training_ADE_train_00007913,training_ADE_train_00007913_t0,2,256,137,512,274,smooth wet sandy ground with ripples,rough weathered stone with visible cracks,166.png,166.png,166.png,1.0,0.0,0.0
167,training,training_ADE_train_00007913_t0_crop3,training_ADE_train_00007913,training_ADE_train_00007913_t0,2,119,179,238,358,smooth wet sandy ground with ripples,rough weathered stone with visible cracks,167.png,167.png,167.png,1.0,0.0,0.0
168,training,training_ADE_train_00007913_t0_crop4,training_ADE_train_00007913,training_ADE_train_00007913_t0,2,164,132,328,264,smooth wet sandy ground with ripples,rough weathered stone with visible cracks,168.png,168.png,168.png,1.0,0.0,0.0
169,training,training_ADE_train_00007913_t1_crop0,training_ADE_train_00007913,training_ADE_train_00007913_t1,2,104,104,208,208,rough weathered stone with visible cracks,dense green grass with scattered shadows,169.png,169.png,169.png,1.0,0.0,0.0
170,training,training_ADE_train_00007913_t1_crop1,training_ADE_train_00007913,training_ADE_train_00007913_t1,2,256,193,512,386,rough weathered stone with visible cracks,dense green grass with scattered shadows,170.png,170.png,170.png,1.0,0.0,0.0
171,training,training_ADE_train_00007913_t1_crop2,training_ADE_train_00007913,training_ADE_train_00007913_t1,2,171,160,342,320,rough weathered stone with visible cracks,dense green grass with scattered shadows,171.png,171.png,171.png,1.0,0.0,0.0
172,training,training_ADE_train_00007913_t2_crop0,training_ADE_train_00007913,training_ADE_train_00007913_t2,2,256,120,512,240,rough weathered stone with visible cracks,calm green water with floating lily pads,172.png,172.png,172.png,1.0,0.0,0.0
173,training,training_ADE_train_00007913_t2_crop1,training_ADE_train_00007913,training_ADE_train_00007913_t2,2,256,104,512,208,rough weathered stone with visible cracks,calm green water with floating lily pads,173.png,173.png,173.png,1.0,0.0,0.0
174,training,training_ADE_train_00007913_t2_crop2,training_ADE_train_00007913,training_ADE_train_00007913_t2,2,120,112,240,224,rough weathered stone with visible cracks,calm green water with floating lily pads,174.png,174.png,174.png,1.0,0.0,0.0
175,training,training_ADE_train_00007913_t2_crop3,training_ADE_train_00007913,training_ADE_train_00007913_t2,1,268,252,268,252,rough weathered stone with visible cracks,calm green water with floating lily pads,175.png,175.png,175.png,1.0,0.0,0.0
176,training,training_ADE_train_00007918_t2_crop0,training_ADE_train_00007918,training_ADE_train_00007918_t2,2,117,64,234,128,smooth wet sandy ground with ripples,light gray gravel with rounded pebbles,176.png,176.png,176.png,1.0,0.0,0.0
177,training,training_ADE_train_00007944_t0_crop0,training_ADE_train_00007944,training_ADE_train_00007944_t0,2,256,150,512,300,dense green grass with scattered shadows,smooth wet sandy ground with ripples,177.png,177.png,177.png,1.0,0.0,0.0
178,training,training_ADE_train_00007944_t1_crop0,training_ADE_train_00007944,training_ADE_train_00007944_t1,2,256,87,512,174,smooth wet sandy ground with ripples,rough weathered stone with visible cracks,178.png,178.png,178.png,1.0,0.0,0.0
179,training,training_ADE_train_00007945_t0_crop0,training_ADE_train_00007945,training_ADE_train_00007945_t0,1,218,242,218,242,rough vertical cliff face with deep cracks,smooth turquoise water with gentle ripples,179.png,179.png,179.png,0.9790734703161725,0.0,0.02092652968382743
180,training,training_ADE_train_00007945_t1_crop0,training_ADE_train_00007945,training_ADE_train_00007945_t1,2,143,96,286,192,smooth turquoise water with gentle ripples,steep greenish rock face with vertical striations,180.png,180.png,180.png,1.0,0.0,0.0
181,training,training_ADE_train_00007947_t0_crop0,training_ADE_train_00007947,training_ADE_train_00007947_t0,1,211,296,211,296,snow-dusted rocky mountain with jagged peaks,dark brown rocky terrain with sparse vegetation,181.png,181.png,181.png,0.9722844882797489,0.0,0.02771551172025106
182,training,training_ADE_train_00007947_t0_crop1,training_ADE_train_00007947,training_ADE_train_00007947_t0,1,460,290,460,290,snow-dusted rocky mountain with jagged peaks,dark brown rocky terrain with sparse vegetation,182.png,182.png,182.png,0.9731709145427286,0.0,0.026829085457271366
183,training,training_ADE_train_00007947_t1_crop0,training_ADE_train_00007947,training_ADE_train_00007947_t1,2,256,189,512,378,dark brown rocky terrain with sparse vegetation,calm blue-gray water with gentle ripples,183.png,183.png,183.png,1.0,0.0,0.0
184,training,training_ADE_train_00007949_t0_crop0,training_ADE_train_00007949,training_ADE_train_00007949_t0,2,256,104,512,208,cracked blue-tinged glacier ice with meltwater pools,calm dark green water with floating ice fragments,184.png,184.png,184.png,1.0,0.0,0.0
185,training,training_ADE_train_00007949_t1_crop0,training_ADE_train_00007949,training_ADE_train_00007949_t1,2,105,127,210,254,dense dark green forest with mossy undergrowth,cracked blue-tinged glacier ice with meltwater pools,185.png,185.png,185.png,1.0,0.0,0.0
186,training,training_ADE_train_00007949_t1_crop1,training_ADE_train_00007949,training_ADE_train_00007949_t1,2,256,121,512,242,dense dark green forest with mossy undergrowth,cracked blue-tinged glacier ice with meltwater pools,186.png,186.png,186.png,1.0,0.0,0.0
187,training,training_ADE_train_00007949_t1_crop2,training_ADE_train_00007949,training_ADE_train_00007949_t1,2,144,208,288,416,dense dark green forest with mossy undergrowth,cracked blue-tinged glacier ice with meltwater pools,187.png,187.png,187.png,1.0,0.0,0.0
188,training,training_ADE_train_00007949_t2_crop0,training_ADE_train_00007949,training_ADE_train_00007949_t2,2,256,136,512,272,cracked blue-tinged glacier ice with meltwater pools,dark rocky outcrop with sparse vegetation,188.png,188.png,188.png,1.0,0.0,0.0
189,training,training_ADE_train_00007949_t2_crop1,training_ADE_train_00007949,training_ADE_train_00007949_t2,2,136,71,272,142,cracked blue-tinged glacier ice with meltwater pools,dark rocky outcrop with sparse vegetation,189.png,189.png,189.png,1.0,0.0,0.0
190,training,training_ADE_train_00007949_t2_crop2,training_ADE_train_00007949,training_ADE_train_00007949_t2,2,96,82,192,164,cracked blue-tinged glacier ice with meltwater pools,dark rocky outcrop with sparse vegetation,190.png,190.png,190.png,1.0,0.0,0.0
191,training,training_ADE_train_00007950_t0_crop0,training_ADE_train_00007950,training_ADE_train_00007950_t0,2,256,143,512,286,dark wet rock face with vertical striations,smooth calm water surface with gentle ripples,191.png,191.png,191.png,1.0,0.0,0.0
192,training,training_ADE_train_00008148_t1_crop0,training_ADE_train_00008148,training_ADE_train_00008148_t1,2,169,86,338,172,dense green coniferous forest canopy,smooth wet sandy ground with ripples,192.png,192.png,192.png,1.0,0.0,0.0
193,training,training_ADE_train_00008157_t2_crop0,training_ADE_train_00008157,training_ADE_train_00008157_t2,2,162,64,324,128,smooth wet sandy ground with ripples,dense dark green pine needles with sharp tips,193.png,193.png,193.png,1.0,0.0,0.0
194,training,training_ADE_train_00008222_t1_crop0,training_ADE_train_00008222,training_ADE_train_00008222_t1,1,385,239,385,239,dry brown gravel shoulder with scattered leaves,dense orange-red foliage with crisp edges,194.png,194.png,194.png,0.9745476281041134,0.0,0.02545237189588654
195,training,training_ADE_train_00008235_t0_crop0,training_ADE_train_00008235,training_ADE_train_00008235_t0,2,256,80,512,160,dense green grass with scattered shadows,smooth curved seashell with radiating ridged lines,195.png,195.png,195.png,1.0,0.0,0.0
196,training,training_ADE_train_00008235_t1_crop0,training_ADE_train_00008235,training_ADE_train_00008235_t1,2,119,256,238,512,dense green grass with scattered shadows,rough weathered stone with visible cracks,196.png,196.png,196.png,1.0,0.0,0.0
197,training,training_ADE_train_00008235_t2_crop0,training_ADE_train_00008235,training_ADE_train_00008235_t2,1,435,366,435,366,rough weathered stone with visible cracks,smooth curved seashell with radiating ridged lines,197.png,197.png,197.png,0.9797437346900321,0.0012310784498461153,0.01902518686012185
198,training,training_ADE_train_00008235_t2_crop1,training_ADE_train_00008235,training_ADE_train_00008235_t2,2,184,179,368,358,rough weathered stone with visible cracks,smooth curved seashell with radiating ridged lines,198.png,198.png,198.png,1.0,0.0,0.0
199,training,training_ADE_train_00008575_t0_crop0,training_ADE_train_00008575,training_ADE_train_00008575_t0,2,87,99,174,198,dense green grass with scattered shadows,rough weathered stone with visible cracks,199.png,199.png,199.png,1.0,0.0,0.0
200,training,training_ADE_train_00008575_t1_crop0,training_ADE_train_00008575,training_ADE_train_00008575_t1,2,210,64,420,128,rough weathered stone with visible cracks,dark wooden planks with vertical grain,200.png,200.png,200.png,1.0,0.0,0.0
201,training,training_ADE_train_00008647_t1_crop0,training_ADE_train_00008647,training_ADE_train_00008647_t1,2,256,162,512,324,rough weathered stone with visible cracks,smooth wet sandy ground with ripples,201.png,201.png,201.png,1.0,0.0,0.0
202,training,training_ADE_train_00008647_t1_crop1,training_ADE_train_00008647,training_ADE_train_00008647_t1,2,94,104,188,208,rough weathered stone with visible cracks,smooth wet sandy ground with ripples,202.png,202.png,202.png,1.0,0.0,0.0
203,training,training_ADE_train_00008647_t2_crop0,training_ADE_train_00008647,training_ADE_train_00008647_t2,2,190,136,380,272,smooth wet sandy ground with ripples,dense green vegetation with scattered shadows,203.png,203.png,203.png,1.0,0.0,0.0
204,training,training_ADE_train_00008660_t1_crop0,training_ADE_train_00008660,training_ADE_train_00008660_t1,2,86,112,172,224,dense green grass with scattered shadows,bare branches with thin twigs,204.png,204.png,204.png,1.0,0.0,0.0
205,training,training_ADE_train_00008665_t0_crop0,training_ADE_train_00008665,training_ADE_train_00008665_t0,1,208,240,208,240,smooth green grass with scattered shadows,rough gravel path with loose stones,205.png,205.png,205.png,1.0,0.0,0.0
206,training,training_ADE_train_00008665_t0_crop1,training_ADE_train_00008665,training_ADE_train_00008665_t0,1,304,230,304,230,smooth green grass with scattered shadows,rough gravel path with loose stones,206.png,206.png,206.png,1.0,0.0,0.0
207,training,training_ADE_train_00008666_t0_crop0,training_ADE_train_00008666,training_ADE_train_00008666_t0,2,205,64,410,128,dense green grass with scattered shadows,smooth wet sandy ground with ripples,207.png,207.png,207.png,1.0,0.0,0.0
208,training,training_ADE_train_00008666_t0_crop1,training_ADE_train_00008666,training_ADE_train_00008666_t0,2,215,120,430,240,dense green grass with scattered shadows,smooth wet sandy ground with ripples,208.png,208.png,208.png,1.0,0.0,0.0
209,training,training_ADE_train_00008666_t0_crop2,training_ADE_train_00008666,training_ADE_train_00008666_t0,1,333,264,333,264,dense green grass with scattered shadows,smooth wet sandy ground with ripples,209.png,209.png,209.png,1.0,0.0,0.0
210,training,training_ADE_train_00008666_t1_crop0,training_ADE_train_00008666,training_ADE_train_00008666_t1,2,256,64,512,128,dense green grass with scattered shadows,rough gravel path with loose stones,210.png,210.png,210.png,1.0,0.0,0.0
211,training,training_ADE_train_00008666_t1_crop1,training_ADE_train_00008666,training_ADE_train_00008666_t1,2,130,256,260,512,dense green grass with scattered shadows,rough gravel path with loose stones,211.png,211.png,211.png,1.0,0.0,0.0
212,training,training_ADE_train_00008667_t1_crop0,training_ADE_train_00008667,training_ADE_train_00008667_t1,2,224,166,448,332,dense green grass with scattered shadows,smooth weathered stone with moss patches,212.png,212.png,212.png,1.0,0.0,0.0
213,training,training_ADE_train_00008667_t1_crop1,training_ADE_train_00008667,training_ADE_train_00008667_t1,1,556,227,556,227,dense green grass with scattered shadows,smooth weathered stone with moss patches,213.png,213.png,213.png,0.972910658257535,0.0,0.027089341742465058
214,training,training_ADE_train_00008674_t2_crop0,training_ADE_train_00008674,training_ADE_train_00008674_t2,2,100,65,200,130,smooth green turf with uniform cut,brownish earth with sparse vegetation,214.png,214.png,214.png,1.0,0.0,0.0
215,training,training_ADE_train_00008674_t2_crop1,training_ADE_train_00008674,training_ADE_train_00008674_t2,2,256,75,512,150,smooth green turf with uniform cut,brownish earth with sparse vegetation,215.png,215.png,215.png,1.0,0.0,0.0
216,training,training_ADE_train_00008677_t0_crop0,training_ADE_train_00008677,training_ADE_train_00008677_t0,2,256,64,512,128,dense green grass with scattered shadows,smooth wet sandy ground with ripples,216.png,216.png,216.png,1.0,0.0,0.0
217,training,training_ADE_train_00008677_t1_crop0,training_ADE_train_00008677,training_ADE_train_00008677_t1,2,133,256,266,512,dense green grass with scattered shadows,dark green water with reflective surface,217.png,217.png,217.png,1.0,0.0,0.0
218,training,training_ADE_train_00008677_t1_crop1,training_ADE_train_00008677,training_ADE_train_00008677_t1,1,265,274,265,274,dense green grass with scattered shadows,dark green water with reflective surface,218.png,218.png,218.png,0.9766974245971629,0.00042693843823164853,0.022875636964605425
219,training,training_ADE_train_00008678_t2_crop0,training_ADE_train_00008678,training_ADE_train_00008678_t2,2,256,184,512,368,wet sandy ground with ripples and footprints,dark green grassy slope with visible soil line,219.png,219.png,219.png,1.0,0.0,0.0
220,training,training_ADE_train_00008678_t2_crop1,training_ADE_train_00008678,training_ADE_train_00008678_t2,1,591,224,591,224,wet sandy ground with ripples and footprints,dark green grassy slope with visible soil line,220.png,220.png,220.png,0.9767570099105632,0.0,0.02324299008943679
221,training,training_ADE_train_00008680_t1_crop0,training_ADE_train_00008680,training_ADE_train_00008680_t1,1,318,333,318,333,dense green grass with scattered shadows,brownish yellow tree foliage with dense canopy,221.png,221.png,221.png,0.970810433074584,0.0003021889814342645,0.028887377943981718
222,training,training_ADE_train_00008684_t0_crop0,training_ADE_train_00008684,training_ADE_train_00008684_t0,1,471,301,471,301,dense green grass with scattered shadows,smooth wet sandy ground with ripples,222.png,222.png,222.png,0.967292323535843,0.0006771483589732738,0.03203052810518371
223,training,training_ADE_train_00008684_t1_crop0,training_ADE_train_00008684,training_ADE_train_00008684_t1,2,256,64,512,128,dense green grass with scattered shadows,dry beige gravel with coarse granules,223.png,223.png,223.png,1.0,0.0,0.0
224,training,training_ADE_train_00008684_t1_crop1,training_ADE_train_00008684,training_ADE_train_00008684_t1,2,221,184,442,368,dense green grass with scattered shadows,dry beige gravel with coarse granules,224.png,224.png,224.png,1.0,0.0,0.0
225,training,training_ADE_train_00008685_t0_crop0,training_ADE_train_00008685,training_ADE_train_00008685_t0,1,456,322,456,322,dense green grass with scattered shadows,gravel path with small stones,225.png,225.png,225.png,0.9533889070502343,0.0002383676582761251,0.04637272529148959
226,training,training_ADE_train_00008685_t1_crop0,training_ADE_train_00008685,training_ADE_train_00008685_t1,2,256,64,512,128,dense green grass with scattered shadows,light sandy soil with sparse vegetation,226.png,226.png,226.png,1.0,0.0,0.0
227,training,training_ADE_train_00008685_t1_crop1,training_ADE_train_00008685,training_ADE_train_00008685_t1,2,256,148,512,296,dense green grass with scattered shadows,light sandy soil with sparse vegetation,227.png,227.png,227.png,1.0,0.0,0.0
228,training,training_ADE_train_00008685_t1_crop2,training_ADE_train_00008685,training_ADE_train_00008685_t1,1,263,384,263,384,dense green grass with scattered shadows,light sandy soil with sparse vegetation,228.png,228.png,228.png,1.0,0.0,0.0
229,training,training_ADE_train_00008687_t0_crop0,training_ADE_train_00008687,training_ADE_train_00008687_t0,2,256,107,512,214,dense green grass with scattered shadows,smooth wet sandy ground with ripples,229.png,229.png,229.png,1.0,0.0,0.0
230,training,training_ADE_train_00008687_t0_crop1,training_ADE_train_00008687,training_ADE_train_00008687_t0,2,256,109,512,218,dense green grass with scattered shadows,smooth wet sandy ground with ripples,230.png,230.png,230.png,1.0,0.0,0.0
231,training,training_ADE_train_00008687_t1_crop0,training_ADE_train_00008687,training_ADE_train_00008687_t1,2,99,64,198,128,dense green grass with scattered shadows,rough weathered stone with visible cracks,231.png,231.png,231.png,1.0,0.0,0.0
232,training,training_ADE_train_00008691_t0_crop0,training_ADE_train_00008691,training_ADE_train_00008691_t0,2,104,251,208,502,rough red sandstone with vertical striations,smooth wet sandy ground with ripples,232.png,232.png,232.png,1.0,0.0,0.0
233,training,training_ADE_train_00008691_t0_crop1,training_ADE_train_00008691,training_ADE_train_00008691_t0,1,296,282,296,282,rough red sandstone with vertical striations,smooth wet sandy ground with ripples,233.png,233.png,233.png,0.9528344834195898,0.0025757140118842247,0.044589802568525974
234,training,training_ADE_train_00008691_t2_crop0,training_ADE_train_00008691,training_ADE_train_00008691_t2,1,369,305,369,305,rough weathered stone with visible cracks,dense green grass with scattered shadows,234.png,234.png,234.png,0.9845839442000978,0.009205206806166422,0.006210848993735839
235,training,training_ADE_train_00008691_t2_crop1,training_ADE_train_00008691,training_ADE_train_00008691_t2,2,150,172,300,344,rough weathered stone with visible cracks,dense green grass with scattered shadows,235.png,235.png,235.png,1.0,0.0,0.0
236,training,training_ADE_train_00008693_t0_crop0,training_ADE_train_00008693,training_ADE_train_00008693_t0,1,581,315,581,315,steep rocky cliff face with sparse vegetation,calm greenish river water with gentle ripples,236.png,236.png,236.png,0.9620960030598584,1.0928066005518674e-05,0.037893068874136
237,training,training_ADE_train_00008693_t0_crop1,training_ADE_train_00008693,training_ADE_train_00008693_t0,1,300,430,300,430,steep rocky cliff face with sparse vegetation,calm greenish river water with gentle ripples,237.png,237.png,237.png,0.962937984496124,8.527131782945736e-05,0.03697674418604651
238,training,training_ADE_train_00008696_t0_crop0,training_ADE_train_00008696,training_ADE_train_00008696_t0,2,161,256,322,512,vertical layered rock face with horizontal striations,dense green foliage with varied leaf shapes,238.png,238.png,238.png,1.0,0.0,0.0
239,training,training_ADE_train_00008697_t0_crop0,training_ADE_train_00008697,training_ADE_train_00008697_t0,2,66,192,132,384,smooth wet sandy ground with ripples,rough weathered stone with visible cracks,239.png,239.png,239.png,1.0,0.0,0.0
240,training,training_ADE_train_00008697_t1_crop0,training_ADE_train_00008697,training_ADE_train_00008697_t1,2,73,256,146,512,rough weathered stone with visible cracks,dense green grass with scattered shadows,240.png,240.png,240.png,1.0,0.0,0.0
241,training,training_ADE_train_00008697_t1_crop1,training_ADE_train_00008697,training_ADE_train_00008697_t1,2,69,244,138,488,rough weathered stone with visible cracks,dense green grass with scattered shadows,241.png,241.png,241.png,1.0,0.0,0.0
242,training,training_ADE_train_00008697_t1_crop2,training_ADE_train_00008697,training_ADE_train_00008697_t1,2,120,256,240,512,rough weathered stone with visible cracks,dense green grass with scattered shadows,242.png,242.png,242.png,1.0,0.0,0.0
243,training,training_ADE_train_00008697_t1_crop3,training_ADE_train_00008697,training_ADE_train_00008697_t1,2,131,64,262,128,rough weathered stone with visible cracks,dense green grass with scattered shadows,243.png,243.png,243.png,1.0,0.0,0.0
244,training,training_ADE_train_00008697_t1_crop4,training_ADE_train_00008697,training_ADE_train_00008697_t1,1,335,296,335,296,rough weathered stone with visible cracks,dense green grass with scattered shadows,244.png,244.png,244.png,0.9557382008874546,1.0084711577248891e-05,0.04425171440096813
245,training,training_ADE_train_00008697_t1_crop5,training_ADE_train_00008697,training_ADE_train_00008697_t1,2,256,150,512,300,rough weathered stone with visible cracks,dense green grass with scattered shadows,245.png,245.png,245.png,1.0,0.0,0.0
246,training,training_ADE_train_00008697_t1_crop6,training_ADE_train_00008697,training_ADE_train_00008697_t1,1,219,288,219,288,rough weathered stone with visible cracks,dense green grass with scattered shadows,246.png,246.png,246.png,0.9933567985794013,0.0032343987823439876,0.003408802638254693
247,training,training_ADE_train_00008697_t2_crop0,training_ADE_train_00008697,training_ADE_train_00008697_t2,2,118,64,236,128,dense green grass with scattered shadows,smooth wet sandy ground with ripples,247.png,247.png,247.png,1.0,0.0,0.0
248,training,training_ADE_train_00008697_t2_crop1,training_ADE_train_00008697,training_ADE_train_00008697_t2,1,544,263,544,263,dense green grass with scattered shadows,smooth wet sandy ground with ripples,248.png,248.png,248.png,0.9757744352493849,0.0,0.024225564750615075
249,training,training_ADE_train_00008697_t2_crop2,training_ADE_train_00008697,training_ADE_train_00008697_t2,2,256,117,512,234,dense green grass with scattered shadows,smooth wet sandy ground with ripples,249.png,249.png,249.png,1.0,0.0,0.0
250,training,training_ADE_train_00008697_t2_crop3,training_ADE_train_00008697,training_ADE_train_00008697_t2,2,64,256,128,512,dense green grass with scattered shadows,smooth wet sandy ground with ripples,250.png,250.png,250.png,1.0,0.0,0.0
251,training,training_ADE_train_00008760_t0_crop0,training_ADE_train_00008760,training_ADE_train_00008760_t0,2,256,144,512,288,wet dark sand with reflective surface,rough dark rock with irregular shape,251.png,251.png,251.png,1.0,0.0,0.0
252,training,training_ADE_train_00008926_t0_crop0,training_ADE_train_00008926,training_ADE_train_00008926_t0,2,131,64,262,128,dense green grass with scattered shadows,smooth curved hay bale with textured surface,252.png,252.png,252.png,1.0,0.0,0.0
253,training,training_ADE_train_00008935_t0_crop0,training_ADE_train_00008935,training_ADE_train_00008935_t0,2,148,64,296,128,dense green grass with scattered shadows,smooth rounded hay bales with dry texture,253.png,253.png,253.png,1.0,0.0,0.0
254,training,training_ADE_train_00008935_t0_crop1,training_ADE_train_00008935,training_ADE_train_00008935_t0,2,98,104,196,208,dense green grass with scattered shadows,smooth rounded hay bales with dry texture,254.png,254.png,254.png,1.0,0.0,0.0
255,training,training_ADE_train_00008935_t1_crop0,training_ADE_train_00008935,training_ADE_train_00008935_t1,2,136,64,272,128,smooth rounded hay bales with dry texture,rough weathered stone with visible cracks,255.png,255.png,255.png,1.0,0.0,0.0
256,training,training_ADE_train_00008935_t1_crop1,training_ADE_train_00008935,training_ADE_train_00008935_t1,2,129,64,258,128,smooth rounded hay bales with dry texture,rough weathered stone with visible cracks,256.png,256.png,256.png,1.0,0.0,0.0
257,training,training_ADE_train_00008955_t0_crop0,training_ADE_train_00008955,training_ADE_train_00008955_t0,1,683,350,683,350,dense green hedge with clipped edges,light gray gravel path with fine particles,257.png,257.png,257.png,0.9788328801505961,0.0,0.02116711984940389
258,training,training_ADE_train_00009018_t1_crop0,training_ADE_train_00009018,training_ADE_train_00009018_t1,2,256,156,512,312,smooth dark asphalt with white lane markings,rough textured shoulder with gravel and dirt,258.png,258.png,258.png,1.0,0.0,0.0
259,training,training_ADE_train_00009021_t1_crop0,training_ADE_train_00009021,training_ADE_train_00009021_t1,2,83,132,166,264,dense green grass with scattered shadows,rough bark tree trunk with vertical ridges,259.png,259.png,259.png,1.0,0.0,0.0
260,training,training_ADE_train_00009144_t1_crop0,training_ADE_train_00009144,training_ADE_train_00009144_t1,2,135,64,270,128,dry grassy field with scattered vegetation,distant rolling hills with sparse trees,260.png,260.png,260.png,1.0,0.0,0.0
261,training,training_ADE_train_00009185_t1_crop0,training_ADE_train_00009185,training_ADE_train_00009185_t1,2,256,123,512,246,dry grassy terrain with scattered shrubs,pale rocky hillside with sparse vegetation,261.png,261.png,261.png,1.0,0.0,0.0
262,training,training_ADE_train_00009218_t0_crop0,training_ADE_train_00009218,training_ADE_train_00009218_t0,2,120,104,240,208,smooth dark asphalt with white dashed lines,dense green grass with scattered shadows,262.png,262.png,262.png,1.0,0.0,0.0
263,training,training_ADE_train_00009218_t0_crop1,training_ADE_train_00009218,training_ADE_train_00009218_t0,2,70,172,140,344,smooth dark asphalt with white dashed lines,dense green grass with scattered shadows,263.png,263.png,263.png,1.0,0.0,0.0
264,training,training_ADE_train_00009295_t0_crop0,training_ADE_train_00009295,training_ADE_train_00009295_t0,2,244,160,488,320,dense green grass with scattered shadows,smooth wet sandy ground with ripples,264.png,264.png,264.png,1.0,0.0,0.0
265,training,training_ADE_train_00009308_t1_crop0,training_ADE_train_00009308,training_ADE_train_00009308_t1,2,100,124,200,248,distant mountain slope with sparse trees,dense green grass with scattered shadows,265.png,265.png,265.png,1.0,0.0,0.0
266,training,training_ADE_train_00009310_t0_crop0,training_ADE_train_00009310,training_ADE_train_00009310_t0,2,193,64,386,128,dense red poppy field with vibrant blooms,green grassy slope with scattered wildflowers,266.png,266.png,266.png,1.0,0.0,0.0
267,training,training_ADE_train_00009471_t2_crop0,training_ADE_train_00009471,training_ADE_train_00009471_t2,2,256,140,512,280,dense green foliage with varied leaf shapes,smooth wet sandy ground with ripples,267.png,267.png,267.png,1.0,0.0,0.0
268,training,training_ADE_train_00009471_t2_crop1,training_ADE_train_00009471,training_ADE_train_00009471_t2,2,256,133,512,266,dense green foliage with varied leaf shapes,smooth wet sandy ground with ripples,268.png,268.png,268.png,1.0,0.0,0.0
269,training,training_ADE_train_00009473_t0_crop0,training_ADE_train_00009473,training_ADE_train_00009473_t0,2,64,104,128,208,smooth turquoise water with steam rising,rough gray gravel with scattered pebbles,269.png,269.png,269.png,1.0,0.0,0.0
270,training,training_ADE_train_00009473_t0_crop1,training_ADE_train_00009473,training_ADE_train_00009473_t0,1,595,427,595,427,smooth turquoise water with steam rising,rough gray gravel with scattered pebbles,270.png,270.png,270.png,0.9572038651526185,9.840001574400252e-05,0.04269773483163757
271,training,training_ADE_train_00009473_t0_crop2,training_ADE_train_00009473,training_ADE_train_00009473_t0,2,87,256,174,512,smooth turquoise water with steam rising,rough gray gravel with scattered pebbles,271.png,271.png,271.png,1.0,0.0,0.0
272,training,training_ADE_train_00009473_t2_crop0,training_ADE_train_00009473,training_ADE_train_00009473_t2,2,256,79,512,158,sparse dry grass with thin blades,dark shadowed tree trunks with rough bark,272.png,272.png,272.png,1.0,0.0,0.0
273,training,training_ADE_train_00009493_t0_crop0,training_ADE_train_00009493,training_ADE_train_00009493_t0,2,120,256,240,512,rough gray stone wall with varied shapes,smooth dark water surface with clear reflection,273.png,273.png,273.png,1.0,0.0,0.0
274,training,training_ADE_train_00009493_t0_crop1,training_ADE_train_00009493,training_ADE_train_00009493_t0,1,683,239,683,239,rough gray stone wall with varied shapes,smooth dark water surface with clear reflection,274.png,274.png,274.png,1.0,0.0,0.0
275,training,training_ADE_train_00009899_t0_crop0,training_ADE_train_00009899,training_ADE_train_00009899_t0,2,237,72,474,144,dense green grass with scattered shadows,wet dark water with reflective surface,275.png,275.png,275.png,1.0,0.0,0.0
276,training,training_ADE_train_00009899_t0_crop1,training_ADE_train_00009899,training_ADE_train_00009899_t0,2,121,212,242,424,dense green grass with scattered shadows,wet dark water with reflective surface,276.png,276.png,276.png,1.0,0.0,0.0
277,training,training_ADE_train_00009900_t0_crop0,training_ADE_train_00009900,training_ADE_train_00009900_t0,1,608,359,608,359,dark calm water reflecting sky and greenery,dense green grass with scattered shadows,277.png,277.png,277.png,0.9652177100131946,4.581439671602404e-06,0.03477770854713385
278,training,training_ADE_train_00009908_t0_crop0,training_ADE_train_00009908,training_ADE_train_00009908_t0,2,161,64,322,128,dense green foliage with varied leaf shapes,smooth wet sandy ground with ripples,278.png,278.png,278.png,1.0,0.0,0.0
279,training,training_ADE_train_00009913_t0_crop0,training_ADE_train_00009913,training_ADE_train_00009913_t0,2,100,64,200,128,smooth wet sandy ground with ripples,rough weathered stone with visible cracks,279.png,279.png,279.png,1.0,0.0,0.0
280,training,training_ADE_train_00009913_t2_crop0,training_ADE_train_00009913,training_ADE_train_00009913_t2,2,256,176,512,352,dense green vegetation with leafy canopy,rough weathered stone with visible cracks,280.png,280.png,280.png,1.0,0.0,0.0
281,training,training_ADE_train_00009915_t0_crop0,training_ADE_train_00009915,training_ADE_train_00009915_t0,2,179,64,358,128,rough weathered rock with jagged edges,deep blue ocean water with small waves,281.png,281.png,281.png,1.0,0.0,0.0
282,training,training_ADE_train_00010007_t0_crop0,training_ADE_train_00010007,training_ADE_train_00010007_t0,2,76,104,152,208,dense green grass with scattered shadows,wet dark green pond water with ripples,282.png,282.png,282.png,1.0,0.0,0.0
283,training,training_ADE_train_00010007_t2_crop0,training_ADE_train_00010007,training_ADE_train_00010007_t2,1,273,213,273,213,damp purple mossy ground with patches,wet dark green pond water with ripples,283.png,283.png,283.png,0.9749092847684397,0.00029235240502846135,0.02479836282653184
284,training,training_ADE_train_00010010_t0_crop0,training_ADE_train_00010010,training_ADE_train_00010010_t0,2,133,256,266,512,smooth reflective water surface with clear ripples,dense green grass with scattered shadows,284.png,284.png,284.png,1.0,0.0,0.0
285,training,training_ADE_train_00010010_t1_crop0,training_ADE_train_00010010,training_ADE_train_00010010_t1,1,237,320,237,320,dense green grass with scattered shadows,rough weathered stone with visible cracks,285.png,285.png,285.png,0.9625791139240506,9.229957805907172e-05,0.037328586497890295
286,training,training_ADE_train_00010788_t0_crop0,training_ADE_train_00010788,training_ADE_train_00010788_t0,2,155,120,310,240,smooth wet sandy ground with ripples,dense green grass with scattered shadows,286.png,286.png,286.png,1.0,0.0,0.0
287,training,training_ADE_train_00010788_t0_crop1,training_ADE_train_00010788,training_ADE_train_00010788_t0,2,256,184,512,368,smooth wet sandy ground with ripples,dense green grass with scattered shadows,287.png,287.png,287.png,1.0,0.0,0.0
288,training,training_ADE_train_00010789_t0_crop0,training_ADE_train_00010789,training_ADE_train_00010789_t0,2,102,256,204,512,rough dark volcanic rock with jagged edges,smooth deep green water with gentle ripples,288.png,288.png,288.png,1.0,0.0,0.0
289,training,training_ADE_train_00010789_t0_crop1,training_ADE_train_00010789,training_ADE_train_00010789_t0,2,246,104,492,208,rough dark volcanic rock with jagged edges,smooth deep green water with gentle ripples,289.png,289.png,289.png,1.0,0.0,0.0
290,training,training_ADE_train_00010789_t0_crop2,training_ADE_train_00010789,training_ADE_train_00010789_t0,2,100,256,200,512,rough dark volcanic rock with jagged edges,smooth deep green water with gentle ripples,290.png,290.png,290.png,1.0,0.0,0.0
291,training,training_ADE_train_00010789_t0_crop3,training_ADE_train_00010789,training_ADE_train_00010789_t0,1,326,200,326,200,rough dark volcanic rock with jagged edges,smooth deep green water with gentle ripples,291.png,291.png,291.png,0.9954754601226994,0.002607361963190184,0.0019171779141104294
292,training,training_ADE_train_00010789_t0_crop4,training_ADE_train_00010789,training_ADE_train_00010789_t0,2,256,161,512,322,rough dark volcanic rock with jagged edges,smooth deep green water with gentle ripples,292.png,292.png,292.png,1.0,0.0,0.0
293,training,training_ADE_train_00010789_t3_crop0,training_ADE_train_00010789,training_ADE_train_00010789_t3,2,219,64,438,128,green grassy slope with scattered shrubs,smooth deep green water with gentle ripples,293.png,293.png,293.png,1.0,0.0,0.0
294,training,training_ADE_train_00010790_t1_crop0,training_ADE_train_00010790,training_ADE_train_00010790_t1,1,334,312,334,312,rough weathered stone with visible cracks,smooth wet sandy ground with ripples,294.png,294.png,294.png,0.9539958544449563,0.024134423460770767,0.021869722094272993
295,training,training_ADE_train_00010790_t1_crop1,training_ADE_train_00010790,training_ADE_train_00010790_t1,2,161,87,322,174,rough weathered stone with visible cracks,smooth wet sandy ground with ripples,295.png,295.png,295.png,1.0,0.0,0.0
296,training,training_ADE_train_00010792_t0_crop0,training_ADE_train_00010792,training_ADE_train_00010792_t0,2,172,105,344,210,smooth wet sandy ground with ripples,dense green vegetation with leafy canopy,296.png,296.png,296.png,1.0,0.0,0.0
297,training,training_ADE_train_00010792_t1_crop0,training_ADE_train_00010792,training_ADE_train_00010792_t1,2,161,134,322,268,smooth wet sandy ground with ripples,calm clear turquoise water with gentle waves,297.png,297.png,297.png,1.0,0.0,0.0
298,training,training_ADE_train_00010793_t0_crop0,training_ADE_train_00010793,training_ADE_train_00010793_t0,1,370,492,370,492,rough gray limestone with vertical striations,smooth turquoise water with gentle ripples,298.png,298.png,298.png,0.9730773456383213,0.0,0.026922654361678754
299,training,training_ADE_train_00010793_t0_crop1,training_ADE_train_00010793,training_ADE_train_00010793_t0,1,281,372,281,372,rough gray limestone with vertical striations,smooth turquoise water with gentle ripples,299.png,299.png,299.png,1.0,0.0,0.0
300,training,training_ADE_train_00010793_t1_crop0,training_ADE_train_00010793,training_ADE_train_00010793_t1,2,244,80,488,160,smooth turquoise water with gentle ripples,wet dark gray rock with moss patches,300.png,300.png,300.png,1.0,0.0,0.0
301,training,training_ADE_train_00010793_t1_crop1,training_ADE_train_00010793,training_ADE_train_00010793_t1,2,256,167,512,334,smooth turquoise water with gentle ripples,wet dark gray rock with moss patches,301.png,301.png,301.png,1.0,0.0,0.0
302,training,training_ADE_train_00010795_t0_crop0,training_ADE_train_00010795,training_ADE_train_00010795_t0,2,256,132,512,264,smooth wet sandy ground with ripples,rough weathered stone with visible cracks,302.png,302.png,302.png,1.0,0.0,0.0
303,training,training_ADE_train_00010795_t0_crop1,training_ADE_train_00010795,training_ADE_train_00010795_t0,1,664,246,664,246,smooth wet sandy ground with ripples,rough weathered stone with visible cracks,303.png,303.png,303.png,0.9913128122245077,0.002816142619257518,0.0058710451562346945
304,training,training_ADE_train_00010797_t1_crop0,training_ADE_train_00010797,training_ADE_train_00010797_t1,2,119,198,238,396,smooth turquoise water with gentle ripples,wet sandy beach with fine granules,304.png,304.png,304.png,1.0,0.0,0.0
305,training,training_ADE_train_00010797_t1_crop1,training_ADE_train_00010797,training_ADE_train_00010797_t1,2,168,100,336,200,smooth turquoise water with gentle ripples,wet sandy beach with fine granules,305.png,305.png,305.png,1.0,0.0,0.0
306,training,training_ADE_train_00010802_t0_crop0,training_ADE_train_00010802,training_ADE_train_00010802_t0,1,683,257,683,257,dense green grass with scattered shadows,smooth wet sandy ground with ripples,306.png,306.png,306.png,0.9670998285203184,0.0,0.032900171479681654
307,training,training_ADE_train_00010806_t0_crop0,training_ADE_train_00010806,training_ADE_train_00010806_t0,1,768,355,768,355,calm green water with gentle ripples,dense green foliage with varied leaf shapes,307.png,307.png,307.png,0.9541409917840376,9.536384976525822e-05,0.04576364436619718
308,training,training_ADE_train_00010807_t2_crop0,training_ADE_train_00010807,training_ADE_train_00010807_t2,2,173,121,346,242,dense green grass with scattered shadows,rough weathered stone with visible cracks,308.png,308.png,308.png,1.0,0.0,0.0
309,training,training_ADE_train_00010813_t0_crop0,training_ADE_train_00010813,training_ADE_train_00010813_t0,2,216,84,432,168,rough gray stone wall with varied sizes,smooth wet sandy ground with ripples,309.png,309.png,309.png,1.0,0.0,0.0
310,training,training_ADE_train_00010813_t1_crop0,training_ADE_train_00010813,training_ADE_train_00010813_t1,2,256,124,512,248,smooth wet sandy ground with ripples,dark calm water surface with reflections,310.png,310.png,310.png,1.0,0.0,0.0
311,training,training_ADE_train_00010813_t2_crop0,training_ADE_train_00010813,training_ADE_train_00010813_t2,2,256,96,512,192,dense green grass with scattered shadows,rough weathered stone with visible cracks,311.png,311.png,311.png,1.0,0.0,0.0
312,training,training_ADE_train_00010817_t0_crop0,training_ADE_train_00010817,training_ADE_train_00010817_t0,2,145,171,290,342,dense green grass with scattered shadows,calm reflective water surface with mountain reflection,312.png,312.png,312.png,1.0,0.0,0.0
313,training,training_ADE_train_00010817_t2_crop0,training_ADE_train_00010817,training_ADE_train_00010817_t2,2,137,64,274,128,dark green coniferous forest with dense foliage,snow-capped mountain peaks with sharp ridges,313.png,313.png,313.png,1.0,0.0,0.0
314,training,training_ADE_train_00010822_t2_crop0,training_ADE_train_00010822,training_ADE_train_00010822_t2,2,256,151,512,302,snow-dusted hillside with sparse vegetation,smooth dark water surface with gentle ripples,314.png,314.png,314.png,1.0,0.0,0.0
315,training,training_ADE_train_00010823_t1_crop0,training_ADE_train_00010823,training_ADE_train_00010823_t1,2,196,132,392,264,calm reflective water surface with mountain reflection,dark wet mossy rocks with vertical striations,315.png,315.png,315.png,1.0,0.0,0.0
316,training,training_ADE_train_00010827_t0_crop0,training_ADE_train_00010827,training_ADE_train_00010827_t0,2,256,64,512,128,dense green grass with scattered shadows,calm clear water with visible submerged rocks,316.png,316.png,316.png,1.0,0.0,0.0
317,training,training_ADE_train_00010827_t2_crop0,training_ADE_train_00010827,training_ADE_train_00010827_t2,2,240,97,480,194,dense green forest with varied tree canopy,rough weathered mountain rock with jagged peaks,317.png,317.png,317.png,1.0,0.0,0.0
318,training,training_ADE_train_00010836_t0_crop0,training_ADE_train_00010836,training_ADE_train_00010836_t0,2,209,64,418,128,dense green grass with scattered shadows,smooth wet sandy ground with ripples,318.png,318.png,318.png,1.0,0.0,0.0
319,training,training_ADE_train_00010839_t0_crop0,training_ADE_train_00010839,training_ADE_train_00010839_t0,2,164,134,328,268,dense green grass with scattered shadows,smooth dark water with gentle ripples,319.png,319.png,319.png,1.0,0.0,0.0
320,training,training_ADE_train_00010839_t0_crop1,training_ADE_train_00010839,training_ADE_train_00010839_t0,2,74,131,148,262,dense green grass with scattered shadows,smooth dark water with gentle ripples,320.png,320.png,320.png,1.0,0.0,0.0
321,training,training_ADE_train_00010840_t0_crop0,training_ADE_train_00010840,training_ADE_train_00010840_t0,2,64,176,128,352,smooth deep blue water with gentle ripples,steep rocky cliff face with layered strata,321.png,321.png,321.png,1.0,0.0,0.0
322,training,training_ADE_train_00010840_t0_crop1,training_ADE_train_00010840,training_ADE_train_00010840_t0,2,116,175,232,350,smooth deep blue water with gentle ripples,steep rocky cliff face with layered strata,322.png,322.png,322.png,1.0,0.0,0.0
323,training,training_ADE_train_00010841_t0_crop0,training_ADE_train_00010841,training_ADE_train_00010841_t0,2,150,152,300,304,dense green grass with scattered shadows,calm reflective water surface with mountain reflection,323.png,323.png,323.png,1.0,0.0,0.0
324,training,training_ADE_train_00010841_t1_crop0,training_ADE_train_00010841,training_ADE_train_00010841_t1,2,256,76,512,152,calm reflective water surface with mountain reflection,dry yellowish grass with sparse vegetation,324.png,324.png,324.png,1.0,0.0,0.0
325,training,training_ADE_train_00011021_t0_crop0,training_ADE_train_00011021,training_ADE_train_00011021_t0,2,114,64,228,128,dense green grass with scattered shadows,smooth wet sandy ground with ripples,325.png,325.png,325.png,1.0,0.0,0.0
326,training,training_ADE_train_00011021_t0_crop1,training_ADE_train_00011021,training_ADE_train_00011021_t0,2,147,172,294,344,dense green grass with scattered shadows,smooth wet sandy ground with ripples,326.png,326.png,326.png,1.0,0.0,0.0
327,training,training_ADE_train_00011021_t1_crop0,training_ADE_train_00011021,training_ADE_train_00011021_t1,2,110,113,220,226,smooth wet sandy ground with ripples,rough weathered stone with visible cracks,327.png,327.png,327.png,1.0,0.0,0.0
328,training,training_ADE_train_00011021_t1_crop1,training_ADE_train_00011021,training_ADE_train_00011021_t1,2,256,184,512,368,smooth wet sandy ground with ripples,rough weathered stone with visible cracks,328.png,328.png,328.png,1.0,0.0,0.0
329,training,training_ADE_train_00011021_t2_crop0,training_ADE_train_00011021,training_ADE_train_00011021_t2,2,164,132,328,264,rough weathered stone with visible cracks,blue water with gentle ripples,329.png,329.png,329.png,1.0,0.0,0.0
330,training,training_ADE_train_00011024_t0_crop0,training_ADE_train_00011024,training_ADE_train_00011024_t0,2,110,64,220,128,smooth wet sandy ground with ripples,rough weathered stone with visible cracks,330.png,330.png,330.png,1.0,0.0,0.0
331,training,training_ADE_train_00011024_t0_crop1,training_ADE_train_00011024,training_ADE_train_00011024_t0,1,505,252,505,252,smooth wet sandy ground with ripples,rough weathered stone with visible cracks,331.png,331.png,331.png,0.9532296086751533,0.00015715857300015716,0.04661323275184661
332,training,training_ADE_train_00011040_t0_crop0,training_ADE_train_00011040,training_ADE_train_00011040_t0,2,197,104,394,208,dense green grass with scattered shadows,fine sandy substrate with granular particles,332.png,332.png,332.png,1.0,0.0,0.0
333,training,training_ADE_train_00011707_t0_crop0,training_ADE_train_00011707,training_ADE_train_00011707_t0,2,64,96,128,192,dense brown reed grass with wet stalks,calm reflective water surface,333.png,333.png,333.png,1.0,0.0,0.0
334,training,training_ADE_train_00011707_t0_crop1,training_ADE_train_00011707,training_ADE_train_00011707_t0,2,256,194,512,388,dense brown reed grass with wet stalks,calm reflective water surface,334.png,334.png,334.png,1.0,0.0,0.0
335,training,training_ADE_train_00011707_t1_crop0,training_ADE_train_00011707,training_ADE_train_00011707_t1,2,84,192,168,384,wet muddy ground with sparse vegetation,dense brown reed grass with wet stalks,335.png,335.png,335.png,1.0,0.0,0.0
336,training,training_ADE_train_00011755_t0_crop0,training_ADE_train_00011755,training_ADE_train_00011755_t0,2,231,178,462,356,weathered gray stone with mossy patches,dense green grass with scattered shadows,336.png,336.png,336.png,1.0,0.0,0.0
337,training,training_ADE_train_00011756_t0_crop0,training_ADE_train_00011756,training_ADE_train_00011756_t0,2,256,125,512,250,smooth weathered stone with moss patches,dense green grass with scattered shadows,337.png,337.png,337.png,1.0,0.0,0.0
338,training,training_ADE_train_00011757_t0_crop0,training_ADE_train_00011757,training_ADE_train_00011757_t0,2,175,126,350,252,rough mossy stone with green patches,dry grassy ground with scattered blades,338.png,338.png,338.png,1.0,0.0,0.0
339,training,training_ADE_train_00011758_t0_crop0,training_ADE_train_00011758,training_ADE_train_00011758_t0,2,136,112,272,224,rough weathered stone with visible cracks,dense green grass with scattered shadows,339.png,339.png,339.png,1.0,0.0,0.0
340,training,training_ADE_train_00011761_t2_crop0,training_ADE_train_00011761,training_ADE_train_00011761_t2,1,384,208,384,208,dense green grass with scattered shadows,dry cracked earth with sparse vegetation,340.png,340.png,340.png,0.9979091546474359,0.0019030448717948718,0.00018780048076923078
341,training,training_ADE_train_00011761_t2_crop1,training_ADE_train_00011761,training_ADE_train_00011761_t2,2,171,200,342,400,dense green grass with scattered shadows,dry cracked earth with sparse vegetation,341.png,341.png,341.png,1.0,0.0,0.0
342,training,training_ADE_train_00011765_t0_crop0,training_ADE_train_00011765,training_ADE_train_00011765_t0,1,285,246,285,246,dense green grapevines with leafy canopy,rough layered rock face with eroded strata,342.png,342.png,342.png,0.9599771787191557,0.0015261731564684068,0.03849664812437598
343,training,training_ADE_train_00011765_t0_crop1,training_ADE_train_00011765,training_ADE_train_00011765_t0,2,212,104,424,208,dense green grapevines with leafy canopy,rough layered rock face with eroded strata,343.png,343.png,343.png,1.0,0.0,0.0
344,training,training_ADE_train_00011835_t1_crop0,training_ADE_train_00011835,training_ADE_train_00011835_t1,2,228,139,456,278,rough gray stone wall with mortar joints,light beige gravel path with scattered stones,344.png,344.png,344.png,1.0,0.0,0.0
345,training,training_ADE_train_00011835_t1_crop1,training_ADE_train_00011835,training_ADE_train_00011835_t1,1,240,227,240,227,rough gray stone wall with mortar joints,light beige gravel path with scattered stones,345.png,345.png,345.png,0.9772209985315712,7.342143906020558e-05,0.022705580029368577
346,training,training_ADE_train_00011842_t0_crop0,training_ADE_train_00011842,training_ADE_train_00011842_t0,1,683,367,683,367,pale limestone blocks with dark mortar joints,dense green grass with scattered shadows,346.png,346.png,346.png,0.9882271274749562,0.00019149369068183723,0.011581378834361947
347,training,training_ADE_train_00011842_t0_crop1,training_ADE_train_00011842,training_ADE_train_00011842_t0,2,81,256,162,512,pale limestone blocks with dark mortar joints,dense green grass with scattered shadows,347.png,347.png,347.png,1.0,0.0,0.0
348,training,training_ADE_train_00011846_t0_crop0,training_ADE_train_00011846,training_ADE_train_00011846_t0,2,141,246,282,492,dense green grass with scattered shadows,smooth wet green water with rippled surface,348.png,348.png,348.png,1.0,0.0,0.0
349,training,training_ADE_train_00011846_t0_crop1,training_ADE_train_00011846,training_ADE_train_00011846_t0,2,107,64,214,128,dense green grass with scattered shadows,smooth wet green water with rippled surface,349.png,349.png,349.png,1.0,0.0,0.0
350,training,training_ADE_train_00011846_t2_crop0,training_ADE_train_00011846,training_ADE_train_00011846_t2,2,256,80,512,160,rough weathered stone with visible cracks,smooth wet green water with rippled surface,350.png,350.png,350.png,1.0,0.0,0.0
351,training,training_ADE_train_00011846_t2_crop1,training_ADE_train_00011846,training_ADE_train_00011846_t2,1,439,270,439,270,rough weathered stone with visible cracks,smooth wet green water with rippled surface,351.png,351.png,351.png,0.986619421243567,0.001240192356365477,0.012140386400067494
352,training,training_ADE_train_00011846_t2_crop2,training_ADE_train_00011846,training_ADE_train_00011846_t2,2,192,132,384,264,rough weathered stone with visible cracks,smooth wet green water with rippled surface,352.png,352.png,352.png,1.0,0.0,0.0
353,training,training_ADE_train_00011853_t0_crop0,training_ADE_train_00011853,training_ADE_train_00011853_t0,2,206,64,412,128,rough gray stone wall with moss patches,smooth dark water surface with ripples,353.png,353.png,353.png,1.0,0.0,0.0
354,training,training_ADE_train_00011853_t0_crop1,training_ADE_train_00011853,training_ADE_train_00011853_t0,1,355,253,355,253,rough gray stone wall with moss patches,smooth dark water surface with ripples,354.png,354.png,354.png,0.998007014418527,0.0,0.0019929855814730278
355,training,training_ADE_train_00011853_t1_crop0,training_ADE_train_00011853,training_ADE_train_00011853_t1,2,176,64,352,128,rough gray stone wall with moss patches,dense green foliage with varied leaf shapes,355.png,355.png,355.png,1.0,0.0,0.0
356,training,training_ADE_train_00011853_t1_crop1,training_ADE_train_00011853,training_ADE_train_00011853_t1,1,241,304,241,304,rough gray stone wall with moss patches,dense green foliage with varied leaf shapes,356.png,356.png,356.png,0.9593934265123389,0.00010919414719371041,0.04049737934046735
357,training,training_ADE_train_00011853_t1_crop2,training_ADE_train_00011853,training_ADE_train_00011853_t1,2,104,132,208,264,rough gray stone wall with moss patches,dense green foliage with varied leaf shapes,357.png,357.png,357.png,1.0,0.0,0.0
358,training,training_ADE_train_00011896_t0_crop0,training_ADE_train_00011896,training_ADE_train_00011896_t0,2,256,120,512,240,rough gray rock face with jagged ridges,dry brownish grass with scattered heather,358.png,358.png,358.png,1.0,0.0,0.0
359,training,training_ADE_train_00011896_t0_crop1,training_ADE_train_00011896,training_ADE_train_00011896_t0,2,246,140,492,280,rough gray rock face with jagged ridges,dry brownish grass with scattered heather,359.png,359.png,359.png,1.0,0.0,0.0
360,training,training_ADE_train_00011944_t2_crop0,training_ADE_train_00011944,training_ADE_train_00011944_t2,2,135,64,270,128,grayish brown mountain slope with sparse vegetation,light brown sandy riverbed with water ripples,360.png,360.png,360.png,1.0,0.0,0.0
361,training,training_ADE_train_00011962_t0_crop0,training_ADE_train_00011962,training_ADE_train_00011962_t0,2,143,64,286,128,rough weathered stone with visible cracks,dense green grass with scattered shadows,361.png,361.png,361.png,1.0,0.0,0.0
362,training,training_ADE_train_00011962_t0_crop1,training_ADE_train_00011962,training_ADE_train_00011962_t0,2,228,104,456,208,rough weathered stone with visible cracks,dense green grass with scattered shadows,362.png,362.png,362.png,1.0,0.0,0.0
363,training,training_ADE_train_00011964_t0_crop0,training_ADE_train_00011964,training_ADE_train_00011964_t0,2,256,150,512,300,rough dark rock face with steep incline,smooth blue water surface with gentle ripples,363.png,363.png,363.png,1.0,0.0,0.0
364,training,training_ADE_train_00011976_t0_crop0,training_ADE_train_00011976,training_ADE_train_00011976_t0,1,249,200,249,200,dense dark green forest with tall conifers,rough gray granite with vertical striations,364.png,364.png,364.png,0.9690763052208835,0.0006827309236947791,0.030240963855421688
365,training,training_ADE_train_00011983_t0_crop0,training_ADE_train_00011983,training_ADE_train_00011983_t0,2,256,137,512,274,rough gray rock face with vertical striations,dense dark green coniferous foliage,365.png,365.png,365.png,1.0,0.0,0.0
366,training,training_ADE_train_00011983_t2_crop0,training_ADE_train_00011983,training_ADE_train_00011983_t2,2,211,138,422,276,dense dark green coniferous foliage,bright green coniferous foliage,366.png,366.png,366.png,1.0,0.0,0.0
367,training,training_ADE_train_00011988_t0_crop0,training_ADE_train_00011988,training_ADE_train_00011988_t0,2,165,192,330,384,smooth wet sandy ground with ripples,rough weathered stone with visible cracks,367.png,367.png,367.png,1.0,0.0,0.0
368,training,training_ADE_train_00011990_t0_crop0,training_ADE_train_00011990,training_ADE_train_00011990_t0,2,178,227,356,454,dense green forest canopy with layered foliage,snow-capped mountain peaks with sharp ridges,368.png,368.png,368.png,1.0,0.0,0.0
369,training,training_ADE_train_00012006_t0_crop0,training_ADE_train_00012006,training_ADE_train_00012006_t0,2,105,64,210,128,smooth wet sandy ground with ripples,dense green grass with scattered shadows,369.png,369.png,369.png,1.0,0.0,0.0
370,training,training_ADE_train_00012007_t0_crop0,training_ADE_train_00012007,training_ADE_train_00012007_t0,2,92,144,184,288,dense green grass with scattered shadows,rough weathered stone with visible cracks,370.png,370.png,370.png,1.0,0.0,0.0
371,training,training_ADE_train_00012007_t0_crop1,training_ADE_train_00012007,training_ADE_train_00012007_t0,2,184,193,368,386,dense green grass with scattered shadows,rough weathered stone with visible cracks,371.png,371.png,371.png,1.0,0.0,0.0
372,training,training_ADE_train_00012014_t0_crop0,training_ADE_train_00012014,training_ADE_train_00012014_t0,1,654,382,654,382,rough gray rock face with jagged outcrops,dry sparse grass with scattered shrubs,372.png,372.png,372.png,0.9551971756568519,8.806058568294987e-05,0.04471476375746514
373,training,training_ADE_train_00012025_t1_crop0,training_ADE_train_00012025,training_ADE_train_00012025_t1,2,256,190,512,380,dense green grass with scattered yellow flowers,rough gray rock face with jagged peaks,373.png,373.png,373.png,1.0,0.0,0.0
374,training,training_ADE_train_00012040_t1_crop0,training_ADE_train_00012040,training_ADE_train_00012040_t1,2,157,64,314,128,smooth gray asphalt with double yellow lines,dry brownish soil with sparse vegetation,374.png,374.png,374.png,1.0,0.0,0.0
375,training,training_ADE_train_00012042_t0_crop0,training_ADE_train_00012042,training_ADE_train_00012042_t0,2,100,64,200,128,smooth asphalt road with double yellow lines,rough weathered stone with visible cracks,375.png,375.png,375.png,1.0,0.0,0.0
376,training,training_ADE_train_00012042_t0_crop1,training_ADE_train_00012042,training_ADE_train_00012042_t0,2,111,256,222,512,smooth asphalt road with double yellow lines,rough weathered stone with visible cracks,376.png,376.png,376.png,1.0,0.0,0.0
377,training,training_ADE_train_00012044_t0_crop0,training_ADE_train_00012044,training_ADE_train_00012044_t0,1,256,203,256,203,smooth asphalt road with white lane lines,rough sandy terrain with layered striations,377.png,377.png,377.png,0.9988839285714286,0.0,0.0011160714285714285
378,training,training_ADE_train_00012046_t0_crop0,training_ADE_train_00012046,training_ADE_train_00012046_t0,2,75,110,150,220,dense green grass with scattered shadows,smooth asphalt road with yellow lines,378.png,378.png,378.png,1.0,0.0,0.0
379,training,training_ADE_train_00012048_t2_crop0,training_ADE_train_00012048,training_ADE_train_00012048_t2,2,256,169,512,338,grayish rocky terrain with scattered boulders,pale snow-covered mountain peak,379.png,379.png,379.png,1.0,0.0,0.0
380,training,training_ADE_train_00012065_t0_crop0,training_ADE_train_00012065,training_ADE_train_00012065_t0,2,148,201,296,402,snow-covered ground with scattered rocks,bare rocky outcrop with dark patches,380.png,380.png,380.png,1.0,0.0,0.0
381,training,training_ADE_train_00012069_t0_crop0,training_ADE_train_00012069,training_ADE_train_00012069_t0,2,64,218,128,436,snow-covered mountain peak with sharp ridges,dense green vegetation with scattered red flowers,381.png,381.png,381.png,1.0,0.0,0.0
382,training,training_ADE_train_00012093_t0_crop0,training_ADE_train_00012093,training_ADE_train_00012093_t0,2,172,173,344,346,snow-covered mountain peak with sharp ridges,dull brown rocky slope with sparse vegetation,382.png,382.png,382.png,1.0,0.0,0.0
383,training,training_ADE_train_00012093_t0_crop1,training_ADE_train_00012093,training_ADE_train_00012093_t0,2,150,150,300,300,snow-covered mountain peak with sharp ridges,dull brown rocky slope with sparse vegetation,383.png,383.png,383.png,1.0,0.0,0.0
384,training,training_ADE_train_00012097_t0_crop0,training_ADE_train_00012097,training_ADE_train_00012097_t0,2,100,92,200,184,snow-covered pine trees with dark trunks,snow-dusted rocky cliff face with sparse vegetation,384.png,384.png,384.png,1.0,0.0,0.0
385,training,training_ADE_train_00012105_t0_crop0,training_ADE_train_00012105,training_ADE_train_00012105_t0,2,168,237,336,474,snow-covered glacier with blue ice fractures,dark rocky terrain with coarse gravel,385.png,385.png,385.png,1.0,0.0,0.0
386,training,training_ADE_train_00012113_t0_crop0,training_ADE_train_00012113,training_ADE_train_00012113_t0,2,199,112,398,224,rough snow-covered cliff face with sharp edges,smooth packed snow surface with gentle slope,386.png,386.png,386.png,1.0,0.0,0.0
387,training,training_ADE_train_00012116_t0_crop0,training_ADE_train_00012116,training_ADE_train_00012116_t0,2,86,132,172,264,snow-covered mountain peak with jagged ridges,dense dark evergreen forest with vertical trunks,387.png,387.png,387.png,1.0,0.0,0.0
388,training,training_ADE_train_00012116_t0_crop1,training_ADE_train_00012116,training_ADE_train_00012116_t0,2,230,70,460,140,snow-covered mountain peak with jagged ridges,dense dark evergreen forest with vertical trunks,388.png,388.png,388.png,1.0,0.0,0.0
389,training,training_ADE_train_00012138_t0_crop0,training_ADE_train_00012138,training_ADE_train_00012138_t0,2,132,160,264,320,dense green grass with scattered shadows,rough weathered stone with visible cracks,389.png,389.png,389.png,1.0,0.0,0.0
390,training,training_ADE_train_00012149_t0_crop0,training_ADE_train_00012149,training_ADE_train_00012149_t0,2,105,132,210,264,rough snow-covered rock face with exposed stone,smooth wet sandy ground with ripples,390.png,390.png,390.png,1.0,0.0,0.0
391,training,training_ADE_train_00012159_t0_crop0,training_ADE_train_00012159,training_ADE_train_00012159_t0,2,104,148,208,296,snow-covered pine needles with heavy frost,smooth packed snow with gentle slope,391.png,391.png,391.png,1.0,0.0,0.0
392,training,training_ADE_train_00012169_t0_crop0,training_ADE_train_00012169,training_ADE_train_00012169_t0,2,256,149,512,298,snow-covered mountain slope with textured ridges,dense dark evergreen forest with snow-dusted branches,392.png,392.png,392.png,1.0,0.0,0.0
393,training,training_ADE_train_00012211_t0_crop0,training_ADE_train_00012211,training_ADE_train_00012211_t0,2,256,189,512,378,cracked dry earth with polygonal patterns,rough weathered stone with visible cracks,393.png,393.png,393.png,1.0,0.0,0.0
394,training,training_ADE_train_00012321_t0_crop0,training_ADE_train_00012321,training_ADE_train_00012321_t0,2,256,196,512,392,dry yellow grass with sparse blades,smooth gray asphalt with fine texture,394.png,394.png,394.png,1.0,0.0,0.0
395,training,training_ADE_train_00012321_t1_crop0,training_ADE_train_00012321,training_ADE_train_00012321_t1,2,140,64,280,128,dry yellow grass with sparse blades,rough weathered stone with visible cracks,395.png,395.png,395.png,1.0,0.0,0.0
396,training,training_ADE_train_00012321_t1_crop1,training_ADE_train_00012321,training_ADE_train_00012321_t1,2,172,256,344,512,dry yellow grass with sparse blades,rough weathered stone with visible cracks,396.png,396.png,396.png,1.0,0.0,0.0
397,training,training_ADE_train_00012321_t2_crop0,training_ADE_train_00012321,training_ADE_train_00012321_t2,2,180,200,360,400,dry yellow grass with sparse blades,dense green foliage with varied leaf shapes,397.png,397.png,397.png,1.0,0.0,0.0
398,training,training_ADE_train_00012384_t0_crop0,training_ADE_train_00012384,training_ADE_train_00012384_t0,2,101,64,202,128,dense green grass with scattered shadows,smooth wet sandy ground with ripples,398.png,398.png,398.png,1.0,0.0,0.0
399,training,training_ADE_train_00012384_t0_crop1,training_ADE_train_00012384,training_ADE_train_00012384_t0,2,101,64,202,128,dense green grass with scattered shadows,smooth wet sandy ground with ripples,399.png,399.png,399.png,1.0,0.0,0.0
400,training,training_ADE_train_00012384_t2_crop0,training_ADE_train_00012384,training_ADE_train_00012384_t2,1,346,292,346,292,smooth wet sandy ground with ripples,rough weathered stone with visible cracks,400.png,400.png,400.png,0.9700589912107055,0.0014945759759284187,0.028446432813366063
401,training,training_ADE_train_00012451_t0_crop0,training_ADE_train_00012451,training_ADE_train_00012451_t0,1,623,336,623,336,dry grass with thin wiry blades,worn asphalt path with faded white lines,401.png,401.png,401.png,0.9911144232974088,0.0001480929450431858,0.008737483757547963
402,training,training_ADE_train_00012451_t2_crop0,training_ADE_train_00012451,training_ADE_train_00012451_t2,2,71,256,142,512,green grass with scattered yellow flowers,dense green shrubbery with varied leaf shapes,402.png,402.png,402.png,1.0,0.0,0.0
403,training,training_ADE_train_00012501_t0_crop0,training_ADE_train_00012501,training_ADE_train_00012501_t0,2,246,64,492,128,dense green grass with scattered shadows,smooth wet sandy ground with ripples,403.png,403.png,403.png,1.0,0.0,0.0
404,training,training_ADE_train_00012501_t0_crop1,training_ADE_train_00012501,training_ADE_train_00012501_t0,2,256,64,512,128,dense green grass with scattered shadows,smooth wet sandy ground with ripples,404.png,404.png,404.png,1.0,0.0,0.0
405,training,training_ADE_train_00012501_t0_crop2,training_ADE_train_00012501,training_ADE_train_00012501_t0,2,108,64,216,128,dense green grass with scattered shadows,smooth wet sandy ground with ripples,405.png,405.png,405.png,1.0,0.0,0.0
406,training,training_ADE_train_00012501_t0_crop3,training_ADE_train_00012501,training_ADE_train_00012501_t0,2,256,160,512,320,dense green grass with scattered shadows,smooth wet sandy ground with ripples,406.png,406.png,406.png,1.0,0.0,0.0
407,training,training_ADE_train_00012501_t2_crop0,training_ADE_train_00012501,training_ADE_train_00012501_t2,2,256,64,512,128,calm reflective water surface,damp earth with sparse vegetation,407.png,407.png,407.png,1.0,0.0,0.0
408,training,training_ADE_train_00012501_t2_crop1,training_ADE_train_00012501,training_ADE_train_00012501_t2,2,256,64,512,128,calm reflective water surface,damp earth with sparse vegetation,408.png,408.png,408.png,1.0,0.0,0.0
409,training,training_ADE_train_00012566_t2_crop0,training_ADE_train_00012566,training_ADE_train_00012566_t2,1,683,310,683,310,rough weathered stone with visible cracks,dense green grass with scattered shadows,409.png,409.png,409.png,0.9847399990554008,0.00027393378359231096,0.014986067161006943
410,training,training_ADE_train_00012595_t0_crop0,training_ADE_train_00012595,training_ADE_train_00012595_t0,2,256,184,512,368,calm dark water with gentle ripples,dense green forest with varied foliage,410.png,410.png,410.png,1.0,0.0,0.0
411,training,training_ADE_train_00012667_t0_crop0,training_ADE_train_00012667,training_ADE_train_00012667_t0,2,172,120,344,240,rough gnarled tree bark with deep grooves,dense green grass with scattered shadows,411.png,411.png,411.png,1.0,0.0,0.0
412,training,training_ADE_train_00012667_t1_crop0,training_ADE_train_00012667,training_ADE_train_00012667_t1,1,236,232,236,232,rough gnarled tree bark with deep grooves,dry brown gravel with scattered leaves,412.png,412.png,412.png,0.9679098480420807,0.002136908240794857,0.02995324371712449
413,training,training_ADE_train_00012667_t2_crop0,training_ADE_train_00012667,training_ADE_train_00012667_t2,2,103,256,206,512,dry brown gravel with scattered leaves,dense green grass with scattered shadows,413.png,413.png,413.png,1.0,0.0,0.0
414,training,training_ADE_train_00012707_t0_crop0,training_ADE_train_00012707,training_ADE_train_00012707_t0,1,622,229,622,229,calm blue water with gentle ripples,dense dark green forest with tree line,414.png,414.png,414.png,0.9546188517109199,0.0,0.04538114828908016
415,training,training_ADE_train_00012785_t0_crop0,training_ADE_train_00012785,training_ADE_train_00012785_t0,2,205,64,410,128,rough gray concrete with hairline cracks,smooth wet sandy ground with ripples,415.png,415.png,415.png,1.0,0.0,0.0
416,training,training_ADE_train_00012785_t1_crop0,training_ADE_train_00012785,training_ADE_train_00012785_t1,1,252,285,252,285,rough weathered stone with visible cracks,smooth wet sandy ground with ripples,416.png,416.png,416.png,0.9870788081314397,9.746588693957115e-05,0.012823725981620718
417,training,training_ADE_train_00012828_t1_crop0,training_ADE_train_00012828,training_ADE_train_00012828_t1,2,256,125,512,250,rough weathered stone with visible cracks,dense green grass with scattered shadows,417.png,417.png,417.png,1.0,0.0,0.0
418,training,training_ADE_train_00012828_t2_crop0,training_ADE_train_00012828,training_ADE_train_00012828_t2,2,167,64,334,128,dense green grass with scattered shadows,smooth wet sandy ground with ripples,418.png,418.png,418.png,1.0,0.0,0.0
419,training,training_ADE_train_00012950_t1_crop0,training_ADE_train_00012950,training_ADE_train_00012950_t1,2,197,64,394,128,dry green grass with scattered blades,pale beige stone wall with rough surface,419.png,419.png,419.png,1.0,0.0,0.0
420,training,training_ADE_train_00012950_t1_crop1,training_ADE_train_00012950,training_ADE_train_00012950_t1,2,112,160,224,320,dry green grass with scattered blades,pale beige stone wall with rough surface,420.png,420.png,420.png,1.0,0.0,0.0
421,training,training_ADE_train_00013000_t0_crop0,training_ADE_train_00013000,training_ADE_train_00013000_t0,2,147,64,294,128,dusty dry gravel path with worn tire tracks,sparse yellow-brown shrubbery with dry leaves,421.png,421.png,421.png,1.0,0.0,0.0
422,training,training_ADE_train_00013000_t2_crop0,training_ADE_train_00013000,training_ADE_train_00013000_t2,2,122,64,244,128,darker green shrubbery with yellow flowers,dusty dry gravel path with worn tire tracks,422.png,422.png,422.png,1.0,0.0,0.0
423,training,training_ADE_train_00013042_t0_crop0,training_ADE_train_00013042,training_ADE_train_00013042_t0,2,102,100,204,200,rough weathered stone with visible cracks,smooth wet sandy ground with ripples,423.png,423.png,423.png,1.0,0.0,0.0
424,training,training_ADE_train_00013067_t0_crop0,training_ADE_train_00013067,training_ADE_train_00013067_t0,2,79,152,158,304,smooth asphalt road with white painted lines,rough weathered stone with visible cracks,424.png,424.png,424.png,1.0,0.0,0.0
425,training,training_ADE_train_00013067_t0_crop1,training_ADE_train_00013067,training_ADE_train_00013067_t0,1,293,241,293,241,smooth asphalt road with white painted lines,rough weathered stone with visible cracks,425.png,425.png,425.png,0.9930182827524677,0.0005381445342925523,0.006443572713239772
426,training,training_ADE_train_00013067_t0_crop2,training_ADE_train_00013067,training_ADE_train_00013067_t0,1,242,314,242,314,smooth asphalt road with white painted lines,rough weathered stone with visible cracks,426.png,426.png,426.png,0.976746328367637,0.000605358740853819,0.022648312891509186
427,training,training_ADE_train_00013067_t0_crop3,training_ADE_train_00013067,training_ADE_train_00013067_t0,2,256,172,512,344,smooth asphalt road with white painted lines,rough weathered stone with visible cracks,427.png,427.png,427.png,1.0,0.0,0.0
428,training,training_ADE_train_00013149_t0_crop0,training_ADE_train_00013149,training_ADE_train_00013149_t0,1,493,316,493,316,rough reddish-brown sandstone with layered striations,dense green foliage with varied leaf shapes,428.png,428.png,428.png,0.9677574652733202,0.00011554163350193853,0.03212699309317791
429,training,training_ADE_train_00013165_t0_crop0,training_ADE_train_00013165,training_ADE_train_00013165_t0,1,220,233,220,233,dense green grass with scattered shadows,dark calm water with floating lily pads,429.png,429.png,429.png,0.9713421771361685,0.0004877097151775263,0.028170113148653923
430,training,training_ADE_train_00013165_t0_crop1,training_ADE_train_00013165,training_ADE_train_00013165_t0,2,113,120,226,240,dense green grass with scattered shadows,dark calm water with floating lily pads,430.png,430.png,430.png,1.0,0.0,0.0
431,training,training_ADE_train_00013165_t1_crop0,training_ADE_train_00013165,training_ADE_train_00013165_t1,2,256,152,512,304,dark calm water with floating lily pads,wet muddy bank with sparse vegetation,431.png,431.png,431.png,1.0,0.0,0.0
432,training,training_ADE_train_00013235_t2_crop0,training_ADE_train_00013235,training_ADE_train_00013235_t2,2,112,64,224,128,dense green foliage with broad leaves,smooth calm water surface with gentle ripples,432.png,432.png,432.png,1.0,0.0,0.0
433,training,training_ADE_train_00013246_t0_crop0,training_ADE_train_00013246,training_ADE_train_00013246_t0,2,216,176,432,352,dense green fern fronds with serrated edges,wet mossy stone with velvety texture,433.png,433.png,433.png,1.0,0.0,0.0
434,training,training_ADE_train_00013286_t1_crop0,training_ADE_train_00013286,training_ADE_train_00013286_t1,2,143,84,286,168,dry sandy bank with scattered leaves,rough weathered stone with moss patches,434.png,434.png,434.png,1.0,0.0,0.0
435,training,training_ADE_train_00013297_t0_crop0,training_ADE_train_00013297,training_ADE_train_00013297_t0,2,64,104,128,208,rough red sandstone with vertical striations,dense green foliage with varied leaf shapes,435.png,435.png,435.png,1.0,0.0,0.0
436,training,training_ADE_train_00013297_t0_crop1,training_ADE_train_00013297,training_ADE_train_00013297_t0,2,133,104,266,208,rough red sandstone with vertical striations,dense green foliage with varied leaf shapes,436.png,436.png,436.png,1.0,0.0,0.0
437,training,training_ADE_train_00013339_t1_crop0,training_ADE_train_00013339,training_ADE_train_00013339_t1,2,92,122,184,244,dusty pale beige gravel with small stones,dark green vegetation with dense foliage,437.png,437.png,437.png,1.0,0.0,0.0
438,training,training_ADE_train_00013339_t2_crop0,training_ADE_train_00013339,training_ADE_train_00013339_t2,2,137,134,274,268,dark green vegetation with dense foliage,distant hazy mountain range with muted tones,438.png,438.png,438.png,1.0,0.0,0.0
439,training,training_ADE_train_00013375_t2_crop0,training_ADE_train_00013375,training_ADE_train_00013375_t2,2,256,144,512,288,dry grassy terrain with sparse vegetation,darker grassy area with denser growth,439.png,439.png,439.png,1.0,0.0,0.0
440,training,training_ADE_train_00013380_t1_crop0,training_ADE_train_00013380,training_ADE_train_00013380_t1,2,105,64,210,128,rough gray rock face with sparse moss,smooth deep blue water with gentle ripples,440.png,440.png,440.png,1.0,0.0,0.0
441,training,training_ADE_train_00013380_t1_crop1,training_ADE_train_00013380,training_ADE_train_00013380_t1,2,141,81,282,162,rough gray rock face with sparse moss,smooth deep blue water with gentle ripples,441.png,441.png,441.png,1.0,0.0,0.0
442,training,training_ADE_train_00013386_t0_crop0,training_ADE_train_00013386,training_ADE_train_00013386_t0,2,171,112,342,224,wet sandy beach with gentle ripples,dense green vegetation with scattered shadows,442.png,442.png,442.png,1.0,0.0,0.0
443,training,training_ADE_train_00013392_t0_crop0,training_ADE_train_00013392,training_ADE_train_00013392_t0,2,91,133,182,266,wet rippled sand with fine granular texture,dark wet pebbles with smooth rounded edges,443.png,443.png,443.png,1.0,0.0,0.0
444,training,training_ADE_train_00013415_t0_crop0,training_ADE_train_00013415,training_ADE_train_00013415_t0,2,256,176,512,352,dense green grass with scattered shadows,rough weathered stone with visible cracks,444.png,444.png,444.png,1.0,0.0,0.0
445,training,training_ADE_train_00013415_t0_crop1,training_ADE_train_00013415,training_ADE_train_00013415_t0,2,256,104,512,208,dense green grass with scattered shadows,rough weathered stone with visible cracks,445.png,445.png,445.png,1.0,0.0,0.0
446,training,training_ADE_train_00013476_t1_crop0,training_ADE_train_00013476,training_ADE_train_00013476_t1,2,154,64,308,128,dirt area with loose soil and sparse grass,green grass with scattered fallen leaves,446.png,446.png,446.png,1.0,0.0,0.0
447,training,training_ADE_train_00013503_t0_crop0,training_ADE_train_00013503,training_ADE_train_00013503_t0,2,256,120,512,240,dense green grass with scattered shadows,gray gravel with sparse green sprouts,447.png,447.png,447.png,1.0,0.0,0.0
448,training,training_ADE_train_00013503_t0_crop1,training_ADE_train_00013503,training_ADE_train_00013503_t0,2,173,218,346,436,dense green grass with scattered shadows,gray gravel with sparse green sprouts,448.png,448.png,448.png,1.0,0.0,0.0
449,training,training_ADE_train_00013543_t0_crop0,training_ADE_train_00013543,training_ADE_train_00013543_t0,2,98,256,196,512,wet dark gray stone with moss patches,damp brown leaf litter with scattered twigs,449.png,449.png,449.png,1.0,0.0,0.0
450,training,training_ADE_train_00013543_t1_crop0,training_ADE_train_00013543,training_ADE_train_00013543_t1,1,280,311,280,311,damp brown leaf litter with scattered twigs,smooth wet sandy ground with ripples,450.png,450.png,450.png,0.9630684428112081,8.038585209003216e-05,0.036851171336701884
451,training,training_ADE_train_00013543_t1_crop1,training_ADE_train_00013543,training_ADE_train_00013543_t1,2,255,144,510,288,damp brown leaf litter with scattered twigs,smooth wet sandy ground with ripples,451.png,451.png,451.png,1.0,0.0,0.0
452,training,training_ADE_train_00013554_t0_crop0,training_ADE_train_00013554,training_ADE_train_00013554_t0,2,147,64,294,128,dense green grass with scattered shadows,smooth wet sandy ground with ripples,452.png,452.png,452.png,1.0,0.0,0.0
453,training,training_ADE_train_00013554_t2_crop0,training_ADE_train_00013554,training_ADE_train_00013554_t2,2,107,143,214,286,rough weathered stone with visible cracks,dense green grass with scattered shadows,453.png,453.png,453.png,1.0,0.0,0.0
454,training,training_ADE_train_00013663_t0_crop0,training_ADE_train_00013663,training_ADE_train_00013663_t0,2,113,64,226,128,rough wet rock with jagged edges,smooth flowing water with white foam,454.png,454.png,454.png,1.0,0.0,0.0
455,training,training_ADE_train_00013679_t0_crop0,training_ADE_train_00013679,training_ADE_train_00013679_t0,2,256,133,512,266,wet sandy beach with wave ripples,dark wooden pilings with weathered surface,455.png,455.png,455.png,1.0,0.0,0.0
456,training,training_ADE_train_00013750_t0_crop0,training_ADE_train_00013750,training_ADE_train_00013750_t0,2,193,136,386,272,smooth wet sandy ground with ripples,rough weathered stone with visible cracks,456.png,456.png,456.png,1.0,0.0,0.0
457,training,training_ADE_train_00013771_t1_crop0,training_ADE_train_00013771,training_ADE_train_00013771_t1,1,637,276,637,276,dry grassy slope with scattered rocks,rough weathered stone with visible cracks,457.png,457.png,457.png,0.9864343730803358,0.00010238208995972971,0.013463244829704457
458,training,training_ADE_train_00013771_t2_crop0,training_ADE_train_00013771,training_ADE_train_00013771_t2,1,493,252,493,252,rough weathered stone with visible cracks,smooth turquoise water with gentle ripples,458.png,458.png,458.png,1.0,0.0,0.0
459,training,training_ADE_train_00013771_t2_crop1,training_ADE_train_00013771,training_ADE_train_00013771_t2,1,335,224,335,224,rough weathered stone with visible cracks,smooth turquoise water with gentle ripples,459.png,459.png,459.png,0.9660047974413646,0.0,0.0339952025586354
460,training,training_ADE_train_00013943_t2_crop0,training_ADE_train_00013943,training_ADE_train_00013943_t2,2,124,92,248,184,dense green reeds with vertical blades,dark green palm fronds with serrated edges,460.png,460.png,460.png,1.0,0.0,0.0
461,training,training_ADE_train_00013943_t3_crop0,training_ADE_train_00013943,training_ADE_train_00013943_t3,2,129,192,258,384,dark green palm fronds with serrated edges,dry brown palm fronds with hanging fibers,461.png,461.png,461.png,1.0,0.0,0.0
462,training,training_ADE_train_00013996_t0_crop0,training_ADE_train_00013996,training_ADE_train_00013996_t0,2,256,145,512,290,wet dark sand with fine granular texture,foamy white sea spray with aerated bubbles,462.png,462.png,462.png,1.0,0.0,0.0
463,training,training_ADE_train_00013996_t1_crop0,training_ADE_train_00013996,training_ADE_train_00013996_t1,1,500,294,500,294,foamy white sea spray with aerated bubbles,calm deep blue ocean surface with gentle ripples,463.png,463.png,463.png,0.9551360544217687,6.802721088435374e-05,0.04479591836734694
464,training,training_ADE_train_00014162_t1_crop0,training_ADE_train_00014162,training_ADE_train_00014162_t1,2,124,256,248,512,dense green grass with scattered shadows,leafy tree canopy with visible branches,464.png,464.png,464.png,1.0,0.0,0.0
465,training,training_ADE_train_00014162_t1_crop1,training_ADE_train_00014162,training_ADE_train_00014162_t1,1,633,342,633,342,dense green grass with scattered shadows,leafy tree canopy with visible branches,465.png,465.png,465.png,0.9825993366776604,0.00024481952643588963,0.017155843795903663
466,training,training_ADE_train_00014162_t1_crop2,training_ADE_train_00014162,training_ADE_train_00014162_t1,2,243,184,486,368,dense green grass with scattered shadows,leafy tree canopy with visible branches,466.png,466.png,466.png,1.0,0.0,0.0
467,training,training_ADE_train_00014165_t0_crop0,training_ADE_train_00014165,training_ADE_train_00014165_t0,2,102,197,204,394,dense green grass with scattered shadows,bare tree branches with red fruit clusters,467.png,467.png,467.png,1.0,0.0,0.0
468,training,training_ADE_train_00014165_t0_crop1,training_ADE_train_00014165,training_ADE_train_00014165_t0,2,93,256,186,512,dense green grass with scattered shadows,bare tree branches with red fruit clusters,468.png,468.png,468.png,1.0,0.0,0.0
469,training,training_ADE_train_00014165_t0_crop2,training_ADE_train_00014165,training_ADE_train_00014165_t0,1,212,270,212,270,dense green grass with scattered shadows,bare tree branches with red fruit clusters,469.png,469.png,469.png,1.0,0.0,0.0
470,training,training_ADE_train_00014166_t0_crop0,training_ADE_train_00014166,training_ADE_train_00014166_t0,2,162,218,324,436,dense green grass with scattered shadows,smooth weathered stone with visible cracks,470.png,470.png,470.png,1.0,0.0,0.0
471,training,training_ADE_train_00014166_t0_crop1,training_ADE_train_00014166,training_ADE_train_00014166_t0,1,368,333,368,333,dense green grass with scattered shadows,smooth weathered stone with visible cracks,471.png,471.png,471.png,0.9587250293772033,0.0007915524219872046,0.04048341820080951
472,training,training_ADE_train_00014167_t0_crop0,training_ADE_train_00014167,training_ADE_train_00014167_t0,2,128,64,256,128,dry brown grass with scattered green patches,bare gnarled tree branches with rough bark,472.png,472.png,472.png,1.0,0.0,0.0
473,training,training_ADE_train_00014167_t0_crop1,training_ADE_train_00014167,training_ADE_train_00014167_t0,2,71,144,142,288,dry brown grass with scattered green patches,bare gnarled tree branches with rough bark,473.png,473.png,473.png,1.0,0.0,0.0
474,training,training_ADE_train_00014167_t0_crop2,training_ADE_train_00014167,training_ADE_train_00014167_t0,2,121,64,242,128,dry brown grass with scattered green patches,bare gnarled tree branches with rough bark,474.png,474.png,474.png,1.0,0.0,0.0
475,training,training_ADE_train_00014167_t0_crop3,training_ADE_train_00014167,training_ADE_train_00014167_t0,2,104,256,208,512,dry brown grass with scattered green patches,bare gnarled tree branches with rough bark,475.png,475.png,475.png,1.0,0.0,0.0
476,training,training_ADE_train_00014167_t2_crop0,training_ADE_train_00014167,training_ADE_train_00014167_t2,1,409,230,409,230,snow-dusted mountain slope with dark rock,dark shadowed mountain ridge with sparse vegetation,476.png,476.png,476.png,0.9745189752312108,2.1260763261401083e-05,0.0254597640055278
477,training,training_ADE_train_00014167_t2_crop1,training_ADE_train_00014167,training_ADE_train_00014167_t2,1,317,208,317,208,snow-dusted mountain slope with dark rock,dark shadowed mountain ridge with sparse vegetation,477.png,477.png,477.png,1.0,0.0,0.0
478,training,training_ADE_train_00014168_t0_crop0,training_ADE_train_00014168,training_ADE_train_00014168_t0,2,256,166,512,332,dense green grass with scattered shadows,white blossoms on tree branches with green leaves,478.png,478.png,478.png,1.0,0.0,0.0
479,training,training_ADE_train_00014171_t0_crop0,training_ADE_train_00014171,training_ADE_train_00014171_t0,2,64,163,128,326,dense green grass with scattered yellow flowers,dark wet gravel path with visible stones,479.png,479.png,479.png,1.0,0.0,0.0
480,training,training_ADE_train_00014171_t0_crop1,training_ADE_train_00014171,training_ADE_train_00014171_t0,2,252,160,504,320,dense green grass with scattered yellow flowers,dark wet gravel path with visible stones,480.png,480.png,480.png,1.0,0.0,0.0
481,training,training_ADE_train_00014183_t0_crop0,training_ADE_train_00014183,training_ADE_train_00014183_t0,2,101,84,202,168,rough gray stone with visible vertical cracks,dense green grass with scattered shadows,481.png,481.png,481.png,1.0,0.0,0.0
482,training,training_ADE_train_00014183_t0_crop1,training_ADE_train_00014183,training_ADE_train_00014183_t0,2,256,153,512,306,rough gray stone with visible vertical cracks,dense green grass with scattered shadows,482.png,482.png,482.png,1.0,0.0,0.0
483,training,training_ADE_train_00014183_t0_crop2,training_ADE_train_00014183,training_ADE_train_00014183_t0,2,121,127,242,254,rough gray stone with visible vertical cracks,dense green grass with scattered shadows,483.png,483.png,483.png,1.0,0.0,0.0
484,training,training_ADE_train_00014186_t0_crop0,training_ADE_train_00014186,training_ADE_train_00014186_t0,2,121,138,242,276,orange lichen-covered rock with rough surface,green grass with scattered shadows,484.png,484.png,484.png,1.0,0.0,0.0
485,training,training_ADE_train_00014240_t1_crop0,training_ADE_train_00014240,training_ADE_train_00014240_t1,2,64,104,128,208,rough weathered stone with visible cracks,dense green foliage with varied leaf shapes,485.png,485.png,485.png,1.0,0.0,0.0
486,training,training_ADE_train_00014240_t1_crop1,training_ADE_train_00014240,training_ADE_train_00014240_t1,2,103,104,206,208,rough weathered stone with visible cracks,dense green foliage with varied leaf shapes,486.png,486.png,486.png,1.0,0.0,0.0
487,training,training_ADE_train_00014240_t1_crop2,training_ADE_train_00014240,training_ADE_train_00014240_t1,2,213,188,426,376,rough weathered stone with visible cracks,dense green foliage with varied leaf shapes,487.png,487.png,487.png,1.0,0.0,0.0
488,training,training_ADE_train_00014240_t1_crop3,training_ADE_train_00014240,training_ADE_train_00014240_t1,1,443,220,443,220,rough weathered stone with visible cracks,dense green foliage with varied leaf shapes,488.png,488.png,488.png,1.0,0.0,0.0
489,training,training_ADE_train_00014245_t3_crop0,training_ADE_train_00014245,training_ADE_train_00014245_t3,2,256,125,512,250,light brown dry earth with sparse grass,white buildings with tiled roofs,489.png,489.png,489.png,1.0,0.0,0.0
490,training,training_ADE_train_00014246_t0_crop0,training_ADE_train_00014246,training_ADE_train_00014246_t0,2,252,198,504,396,dense green vegetation with thick canopy,smooth wet sandy beach with white edge,490.png,490.png,490.png,1.0,0.0,0.0
491,training,training_ADE_train_00014346_t0_crop0,training_ADE_train_00014346,training_ADE_train_00014346_t0,2,68,177,136,354,smooth wet sandy ground with ripples,rough weathered stone with visible cracks,491.png,491.png,491.png,1.0,0.0,0.0
492,training,training_ADE_train_00014346_t0_crop1,training_ADE_train_00014346,training_ADE_train_00014346_t0,2,126,256,252,512,smooth wet sandy ground with ripples,rough weathered stone with visible cracks,492.png,492.png,492.png,1.0,0.0,0.0
493,training,training_ADE_train_00014346_t0_crop2,training_ADE_train_00014346,training_ADE_train_00014346_t0,2,127,100,254,200,smooth wet sandy ground with ripples,rough weathered stone with visible cracks,493.png,493.png,493.png,1.0,0.0,0.0
494,training,training_ADE_train_00014346_t0_crop3,training_ADE_train_00014346,training_ADE_train_00014346_t0,2,172,256,344,512,smooth wet sandy ground with ripples,rough weathered stone with visible cracks,494.png,494.png,494.png,1.0,0.0,0.0
495,training,training_ADE_train_00014346_t1_crop0,training_ADE_train_00014346,training_ADE_train_00014346_t1,2,144,144,288,288,smooth wet sandy ground with ripples,dark green mossy bank with leaf litter,495.png,495.png,495.png,1.0,0.0,0.0
496,training,training_ADE_train_00014349_t0_crop0,training_ADE_train_00014349,training_ADE_train_00014349_t0,2,64,114,128,228,smooth turquoise water with steam rising,rough light brown mineral deposits with layered patterns,496.png,496.png,496.png,1.0,0.0,0.0
497,training,training_ADE_train_00014484_t0_crop0,training_ADE_train_00014484,training_ADE_train_00014484_t0,2,256,132,512,264,calm reflective water surface with gentle ripples,dense forest with autumn colored foliage,497.png,497.png,497.png,1.0,0.0,0.0
498,training,training_ADE_train_00014484_t1_crop0,training_ADE_train_00014484,training_ADE_train_00014484_t1,1,640,251,640,251,dense forest with autumn colored foliage,clear blue sky with no clouds,498.png,498.png,498.png,0.9907432768924302,0.0,0.009256723107569722
499,training,training_ADE_train_00014484_t1_crop1,training_ADE_train_00014484,training_ADE_train_00014484_t1,2,256,104,512,208,dense forest with autumn colored foliage,clear blue sky with no clouds,499.png,499.png,499.png,1.0,0.0,0.0
500,training,training_ADE_train_00014485_t1_crop0,training_ADE_train_00014485,training_ADE_train_00014485_t1,2,108,64,216,128,dense yellow-brown grass with dry blades,dark wet riverbank soil with pebbles,500.png,500.png,500.png,1.0,0.0,0.0
501,training,training_ADE_train_00014530_t0_crop0,training_ADE_train_00014530,training_ADE_train_00014530_t0,1,224,277,224,277,smooth white snow with soft wind-sculpted drifts,dark green coniferous tree needles with sharp tips,501.png,501.png,501.png,0.9675573749355337,0.0,0.03244262506446622
502,training,training_ADE_train_00014530_t0_crop1,training_ADE_train_00014530,training_ADE_train_00014530_t0,2,104,256,208,512,smooth white snow with soft wind-sculpted drifts,dark green coniferous tree needles with sharp tips,502.png,502.png,502.png,1.0,0.0,0.0
503,training,training_ADE_train_00014530_t1_crop0,training_ADE_train_00014530,training_ADE_train_00014530_t1,2,116,80,232,160,smooth white snow with soft wind-sculpted drifts,light beige snow-covered tree trunk with rough bark,503.png,503.png,503.png,1.0,0.0,0.0
504,training,training_ADE_train_00014530_t1_crop1,training_ADE_train_00014530,training_ADE_train_00014530_t1,2,172,104,344,208,smooth white snow with soft wind-sculpted drifts,light beige snow-covered tree trunk with rough bark,504.png,504.png,504.png,1.0,0.0,0.0
505,training,training_ADE_train_00014668_t1_crop0,training_ADE_train_00014668,training_ADE_train_00014668_t1,2,97,64,194,128,dense green shrubbery with varied leaf shapes,sparse dry grass with scattered brown stalks,505.png,505.png,505.png,1.0,0.0,0.0
506,training,training_ADE_train_00014668_t1_crop1,training_ADE_train_00014668,training_ADE_train_00014668_t1,2,244,132,488,264,dense green shrubbery with varied leaf shapes,sparse dry grass with scattered brown stalks,506.png,506.png,506.png,1.0,0.0,0.0
507,training,training_ADE_train_00014668_t1_crop2,training_ADE_train_00014668,training_ADE_train_00014668_t1,2,147,144,294,288,dense green shrubbery with varied leaf shapes,sparse dry grass with scattered brown stalks,507.png,507.png,507.png,1.0,0.0,0.0
508,training,training_ADE_train_00014668_t1_crop3,training_ADE_train_00014668,training_ADE_train_00014668_t1,2,155,144,310,288,dense green shrubbery with varied leaf shapes,sparse dry grass with scattered brown stalks,508.png,508.png,508.png,1.0,0.0,0.0
509,training,training_ADE_train_00014668_t1_crop4,training_ADE_train_00014668,training_ADE_train_00014668_t1,2,216,180,432,360,dense green shrubbery with varied leaf shapes,sparse dry grass with scattered brown stalks,509.png,509.png,509.png,1.0,0.0,0.0
510,training,training_ADE_train_00014678_t0_crop0,training_ADE_train_00014678,training_ADE_train_00014678_t0,1,600,556,600,556,smooth wet sandy ground with ripples,calm blue ocean water with gentle gradient,510.png,510.png,510.png,0.9655725419664268,0.0,0.03442745803357314
511,training,training_ADE_train_00014680_t0_crop0,training_ADE_train_00014680,training_ADE_train_00014680_t0,2,130,172,260,344,calm clear turquoise water with gentle ripples,dry grassy slope with sparse shrubs,511.png,511.png,511.png,1.0,0.0,0.0
512,training,training_ADE_train_00014680_t0_crop1,training_ADE_train_00014680,training_ADE_train_00014680_t0,2,256,138,512,276,calm clear turquoise water with gentle ripples,dry grassy slope with sparse shrubs,512.png,512.png,512.png,1.0,0.0,0.0
513,training,training_ADE_train_00014680_t2_crop0,training_ADE_train_00014680,training_ADE_train_00014680_t2,2,256,104,512,208,smooth weathered stone with visible cracks,calm clear turquoise water with gentle ripples,513.png,513.png,513.png,1.0,0.0,0.0
514,training,training_ADE_train_00014733_t0_crop0,training_ADE_train_00014733,training_ADE_train_00014733_t0,2,197,256,394,512,smooth gray concrete with faint surface lines,dry loose sandy soil with scattered gravel,514.png,514.png,514.png,1.0,0.0,0.0
515,training,training_ADE_train_00014819_t0_crop0,training_ADE_train_00014819,training_ADE_train_00014819_t0,2,240,192,480,384,smooth reflective water surface with gentle ripples,dense white cherry blossom clusters on branches,515.png,515.png,515.png,1.0,0.0,0.0
516,training,training_ADE_train_00014827_t0_crop0,training_ADE_train_00014827,training_ADE_train_00014827_t0,2,99,64,198,128,dense pink cherry blossom petals with soft texture,smooth dark bark with rough vertical ridges,516.png,516.png,516.png,1.0,0.0,0.0
517,training,training_ADE_train_00014827_t0_crop1,training_ADE_train_00014827,training_ADE_train_00014827_t0,2,132,158,264,316,dense pink cherry blossom petals with soft texture,smooth dark bark with rough vertical ridges,517.png,517.png,517.png,1.0,0.0,0.0
518,training,training_ADE_train_00014831_t0_crop0,training_ADE_train_00014831,training_ADE_train_00014831_t0,2,98,132,196,264,vertical striated rock face with dark fissures,dense green forest canopy with varied leaf texture,518.png,518.png,518.png,1.0,0.0,0.0
519,training,training_ADE_train_00014831_t0_crop1,training_ADE_train_00014831,training_ADE_train_00014831_t0,1,210,236,210,236,vertical striated rock face with dark fissures,dense green forest canopy with varied leaf texture,519.png,519.png,519.png,1.0,0.0,0.0
520,training,training_ADE_train_00014890_t0_crop0,training_ADE_train_00014890,training_ADE_train_00014890_t0,2,80,256,160,512,smooth gray brick path with rectangular pattern,dense green grass with scattered shadows,520.png,520.png,520.png,1.0,0.0,0.0
521,training,training_ADE_train_00014924_t0_crop0,training_ADE_train_00014924,training_ADE_train_00014924_t0,2,256,112,512,224,dense green grass with scattered shadows,wet dark river water with ripples,521.png,521.png,521.png,1.0,0.0,0.0
522,training,training_ADE_train_00014924_t0_crop1,training_ADE_train_00014924,training_ADE_train_00014924_t0,1,604,373,604,373,dense green grass with scattered shadows,wet dark river water with ripples,522.png,522.png,522.png,0.9644949665323225,0.00041723629778243345,0.03508779716989507
523,training,training_ADE_train_00014924_t1_crop0,training_ADE_train_00014924,training_ADE_train_00014924_t1,2,104,256,208,512,dense green grass with scattered shadows,dry golden grassland with sparse vegetation,523.png,523.png,523.png,1.0,0.0,0.0
524,training,training_ADE_train_00014924_t1_crop1,training_ADE_train_00014924,training_ADE_train_00014924_t1,2,256,127,512,254,dense green grass with scattered shadows,dry golden grassland with sparse vegetation,524.png,524.png,524.png,1.0,0.0,0.0
525,training,training_ADE_train_00014924_t1_crop2,training_ADE_train_00014924,training_ADE_train_00014924_t1,1,389,354,389,354,dense green grass with scattered shadows,dry golden grassland with sparse vegetation,525.png,525.png,525.png,0.974648889663486,0.001692010515155476,0.023659099821358547
526,training,training_ADE_train_00014931_t0_crop0,training_ADE_train_00014931,training_ADE_train_00014931_t0,2,225,148,450,296,wet mossy green grass with scattered shadows,smooth reflective water surface with ripples,526.png,526.png,526.png,1.0,0.0,0.0
527,training,training_ADE_train_00014931_t1_crop0,training_ADE_train_00014931,training_ADE_train_00014931_t1,2,104,68,208,136,wet mossy green grass with scattered shadows,dark wet mud with visible footprints,527.png,527.png,527.png,1.0,0.0,0.0
528,training,training_ADE_train_00014931_t1_crop1,training_ADE_train_00014931,training_ADE_train_00014931_t1,2,128,256,256,512,wet mossy green grass with scattered shadows,dark wet mud with visible footprints,528.png,528.png,528.png,1.0,0.0,0.0
529,training,training_ADE_train_00014933_t0_crop0,training_ADE_train_00014933,training_ADE_train_00014933_t0,2,198,86,396,172,dense green grass with scattered shadows,still green water covered with algae,529.png,529.png,529.png,1.0,0.0,0.0
530,training,training_ADE_train_00014935_t1_crop0,training_ADE_train_00014935,training_ADE_train_00014935_t1,1,800,202,800,202,wet sandy shore with fine granular texture,dense green grass with scattered shadows,530.png,530.png,530.png,0.9709467821782178,0.0,0.02905321782178218
531,training,training_ADE_train_00015008_t0_crop0,training_ADE_train_00015008,training_ADE_train_00015008_t0,2,111,256,222,512,smooth gray concrete path with subtle wear,dense green grass with scattered shadows,531.png,531.png,531.png,1.0,0.0,0.0
532,training,training_ADE_train_00015008_t0_crop1,training_ADE_train_00015008,training_ADE_train_00015008_t0,1,683,339,683,339,smooth gray concrete path with subtle wear,dense green grass with scattered shadows,532.png,532.png,532.png,0.974898180420408,0.0,0.02510181957959203
533,training,training_ADE_train_00015008_t0_crop2,training_ADE_train_00015008,training_ADE_train_00015008_t0,1,207,309,207,309,smooth gray concrete path with subtle wear,dense green grass with scattered shadows,533.png,533.png,533.png,0.9943404780888951,0.0,0.005659521911104857
534,training,training_ADE_train_00015017_t0_crop0,training_ADE_train_00015017,training_ADE_train_00015017_t0,1,241,308,241,308,dense green grass with scattered shadows,smooth weathered stone with visible cracks,534.png,534.png,534.png,0.957590127714609,9.43040362127499e-05,0.04231556824917821
535,training,training_ADE_train_00015017_t2_crop0,training_ADE_train_00015017,training_ADE_train_00015017_t2,2,120,110,240,220,smooth weathered stone with visible cracks,rough weathered stone with visible cracks,535.png,535.png,535.png,1.0,0.0,0.0
536,training,training_ADE_train_00015038_t0_crop0,training_ADE_train_00015038,training_ADE_train_00015038_t0,2,256,86,512,172,dense green grass with scattered shadows,smooth weathered stone with moss patches,536.png,536.png,536.png,1.0,0.0,0.0
537,training,training_ADE_train_00015038_t0_crop1,training_ADE_train_00015038,training_ADE_train_00015038_t0,2,196,256,392,512,dense green grass with scattered shadows,smooth weathered stone with moss patches,537.png,537.png,537.png,1.0,0.0,0.0
538,training,training_ADE_train_00015048_t1_crop0,training_ADE_train_00015048,training_ADE_train_00015048_t1,1,317,219,317,219,gray asphalt road with dark water puddle,blue-gray shadowed area under trees,538.png,538.png,538.png,0.8697405758898348,0.00018725782521642682,0.1300721662849488
539,training,training_ADE_train_00015048_t2_crop0,training_ADE_train_00015048,training_ADE_train_00015048_t2,2,64,256,128,512,blue-gray shadowed area under trees,bright green foliage with white bark trees,539.png,539.png,539.png,1.0,0.0,0.0
540,training,training_ADE_train_00015066_t0_crop0,training_ADE_train_00015066,training_ADE_train_00015066_t0,2,150,64,300,128,calm reflective water surface with ripples,dense green grass with scattered shadows,540.png,540.png,540.png,1.0,0.0,0.0
541,training,training_ADE_train_00015066_t0_crop1,training_ADE_train_00015066,training_ADE_train_00015066_t0,1,529,332,529,332,calm reflective water surface with ripples,dense green grass with scattered shadows,541.png,541.png,541.png,0.9574896941262213,5.1244676247523175e-05,0.042459061197531144
542,training,training_ADE_train_00015066_t0_crop2,training_ADE_train_00015066,training_ADE_train_00015066_t0,2,156,140,312,280,calm reflective water surface with ripples,dense green grass with scattered shadows,542.png,542.png,542.png,1.0,0.0,0.0
543,training,training_ADE_train_00015075_t0_crop0,training_ADE_train_00015075,training_ADE_train_00015075_t0,2,190,181,380,362,dense green grass with scattered shadows,dark brown mulch with loose organic particles,543.png,543.png,543.png,1.0,0.0,0.0
544,training,training_ADE_train_00015238_t0_crop0,training_ADE_train_00015238,training_ADE_train_00015238_t0,2,151,104,302,208,dense green grass with scattered shadows,yellowish grassy patch with sunlit blades,544.png,544.png,544.png,1.0,0.0,0.0
545,training,training_ADE_train_00015251_t0_crop0,training_ADE_train_00015251,training_ADE_train_00015251_t0,2,171,64,342,128,dense green grass with scattered shadows,broad leafy tree canopy with autumn hues,545.png,545.png,545.png,1.0,0.0,0.0
546,training,training_ADE_train_00015251_t0_crop1,training_ADE_train_00015251,training_ADE_train_00015251_t0,1,265,412,265,412,dense green grass with scattered shadows,broad leafy tree canopy with autumn hues,546.png,546.png,546.png,0.9653141601025829,0.0,0.03468583989741711
547,training,training_ADE_train_00015251_t2_crop0,training_ADE_train_00015251,training_ADE_train_00015251_t2,2,256,149,512,298,dense green grass with scattered shadows,weathered wooden fence with vertical posts,547.png,547.png,547.png,1.0,0.0,0.0
548,training,training_ADE_train_00015286_t0_crop0,training_ADE_train_00015286,training_ADE_train_00015286_t0,1,683,353,683,353,dense green grass with scattered shadows,autumn foliage with red and yellow leaves,548.png,548.png,548.png,0.9641558032177653,0.0008295347554324158,0.03501466202680227
549,training,training_ADE_train_00015635_t1_crop0,training_ADE_train_00015635,training_ADE_train_00015635_t1,2,104,256,208,512,dense green grass with scattered shadows,damp brown soil with sparse vegetation,549.png,549.png,549.png,1.0,0.0,0.0
550,training,training_ADE_train_00015635_t1_crop1,training_ADE_train_00015635,training_ADE_train_00015635_t1,2,256,120,512,240,dense green grass with scattered shadows,damp brown soil with sparse vegetation,550.png,550.png,550.png,1.0,0.0,0.0
551,training,training_ADE_train_00015648_t1_crop0,training_ADE_train_00015648,training_ADE_train_00015648_t1,2,256,188,512,376,wet muddy ground with scattered salt patches,calm reflective water surface,551.png,551.png,551.png,1.0,0.0,0.0
552,training,training_ADE_train_00015665_t0_crop0,training_ADE_train_00015665,training_ADE_train_00015665_t0,2,203,116,406,232,wet mossy rocks with dark green patches,flowing clear water with white foam,552.png,552.png,552.png,1.0,0.0,0.0
553,training,training_ADE_train_00015665_t2_crop0,training_ADE_train_00015665,training_ADE_train_00015665_t2,2,162,108,324,216,wet mossy rocks with dark green patches,damp earth with scattered brown leaves,553.png,553.png,553.png,1.0,0.0,0.0
554,training,training_ADE_train_00015678_t0_crop0,training_ADE_train_00015678,training_ADE_train_00015678_t0,2,253,197,506,394,dense green grass with scattered shadows,dark brown soil with sparse vegetation,554.png,554.png,554.png,1.0,0.0,0.0
555,training,training_ADE_train_00015678_t1_crop0,training_ADE_train_00015678,training_ADE_train_00015678_t1,2,256,178,512,356,dark brown soil with sparse vegetation,leafy green tree canopy with dense foliage,555.png,555.png,555.png,1.0,0.0,0.0
556,training,training_ADE_train_00015864_t1_crop0,training_ADE_train_00015864,training_ADE_train_00015864_t1,2,256,115,512,230,smooth wet sandy ground with ripples,rough weathered stone with visible cracks,556.png,556.png,556.png,1.0,0.0,0.0
557,training,training_ADE_train_00015868_t0_crop0,training_ADE_train_00015868,training_ADE_train_00015868_t0,2,137,132,274,264,dark wet rock with mossy patches,churning foamy water with white spray,557.png,557.png,557.png,1.0,0.0,0.0
558,training,training_ADE_train_00015872_t2_crop0,training_ADE_train_00015872,training_ADE_train_00015872_t2,2,123,64,246,128,dense green coniferous forest with needle-like leaves,smooth curved mountain slope with dense foliage,558.png,558.png,558.png,1.0,0.0,0.0
559,training,training_ADE_train_00015874_t1_crop0,training_ADE_train_00015874,training_ADE_train_00015874_t1,2,256,84,512,168,dense green foliage with broad leaves,rough weathered stone with visible cracks,559.png,559.png,559.png,1.0,0.0,0.0
560,training,training_ADE_train_00015876_t0_crop0,training_ADE_train_00015876,training_ADE_train_00015876_t0,2,147,64,294,128,wet reflective water surface with ripples,green grass with scattered shadows,560.png,560.png,560.png,1.0,0.0,0.0
561,training,training_ADE_train_00015876_t0_crop1,training_ADE_train_00015876,training_ADE_train_00015876_t0,2,256,138,512,276,wet reflective water surface with ripples,green grass with scattered shadows,561.png,561.png,561.png,1.0,0.0,0.0
562,training,training_ADE_train_00015876_t1_crop0,training_ADE_train_00015876,training_ADE_train_00015876_t1,2,165,84,330,168,green grass with scattered shadows,dense green foliage with varied leaf shapes,562.png,562.png,562.png,1.0,0.0,0.0
563,training,training_ADE_train_00015876_t2_crop0,training_ADE_train_00015876,training_ADE_train_00015876_t2,2,248,155,496,310,dense green foliage with varied leaf shapes,white building with dark roof trim,563.png,563.png,563.png,1.0,0.0,0.0
564,training,training_ADE_train_00015877_t0_crop0,training_ADE_train_00015877,training_ADE_train_00015877_t0,2,221,124,442,248,smooth wet blue water with white foam,rough white mineral deposits with cracked surface,564.png,564.png,564.png,1.0,0.0,0.0
565,training,training_ADE_train_00015877_t0_crop1,training_ADE_train_00015877,training_ADE_train_00015877_t0,2,125,80,250,160,smooth wet blue water with white foam,rough white mineral deposits with cracked surface,565.png,565.png,565.png,1.0,0.0,0.0
566,training,training_ADE_train_00015883_t0_crop0,training_ADE_train_00015883,training_ADE_train_00015883_t0,2,220,84,440,168,dense green grass with scattered shadows,rough weathered stone with visible cracks,566.png,566.png,566.png,1.0,0.0,0.0
567,training,training_ADE_train_00015895_t0_crop0,training_ADE_train_00015895,training_ADE_train_00015895_t0,1,256,223,256,223,wet rippling river water with white foam,dense green grass with scattered shadows,567.png,567.png,567.png,0.9546314461883408,0.0,0.04536855381165919
568,training,training_ADE_train_00015895_t1_crop0,training_ADE_train_00015895,training_ADE_train_00015895_t1,2,75,103,150,206,dense green grass with scattered shadows,dark green coniferous forest with needle texture,568.png,568.png,568.png,1.0,0.0,0.0
569,training,training_ADE_train_00015906_t0_crop0,training_ADE_train_00015906,training_ADE_train_00015906_t0,2,150,245,300,490,rough layered rock face with vertical striations,smooth asphalt road surface with tire marks,569.png,569.png,569.png,1.0,0.0,0.0
570,training,training_ADE_train_00015908_t1_crop0,training_ADE_train_00015908,training_ADE_train_00015908_t1,1,409,261,409,261,smooth asphalt road surface with white lane markings,sparse dry grass on sloped terrain,570.png,570.png,570.png,0.9518777693467855,9.367769253107757e-05,0.04802855296068347
571,training,training_ADE_train_00015908_t1_crop1,training_ADE_train_00015908,training_ADE_train_00015908_t1,2,68,256,136,512,smooth asphalt road surface with white lane markings,sparse dry grass on sloped terrain,571.png,571.png,571.png,1.0,0.0,0.0
572,training,training_ADE_train_00015911_t1_crop0,training_ADE_train_00015911,training_ADE_train_00015911_t1,2,256,64,512,128,dense green grass with scattered shadows,exposed layered rock with horizontal striations,572.png,572.png,572.png,1.0,0.0,0.0
573,training,training_ADE_train_00015911_t1_crop1,training_ADE_train_00015911,training_ADE_train_00015911_t1,2,256,194,512,388,dense green grass with scattered shadows,exposed layered rock with horizontal striations,573.png,573.png,573.png,1.0,0.0,0.0
574,training,training_ADE_train_00015911_t2_crop0,training_ADE_train_00015911,training_ADE_train_00015911_t2,2,220,120,440,240,exposed layered rock with horizontal striations,smooth gray asphalt with white lane markings,574.png,574.png,574.png,1.0,0.0,0.0
575,training,training_ADE_train_00015916_t1_crop0,training_ADE_train_00015916,training_ADE_train_00015916_t1,2,256,80,512,160,smooth curved sandstone arch with layered striations,distant rocky terrain with sparse vegetation,575.png,575.png,575.png,1.0,0.0,0.0
576,training,training_ADE_train_00015916_t2_crop0,training_ADE_train_00015916,training_ADE_train_00015916_t2,2,106,64,212,128,rough textured sandstone base with visible erosion,distant rocky terrain with sparse vegetation,576.png,576.png,576.png,1.0,0.0,0.0
577,training,training_ADE_train_00015916_t2_crop1,training_ADE_train_00015916,training_ADE_train_00015916_t2,2,148,141,296,282,rough textured sandstone base with visible erosion,distant rocky terrain with sparse vegetation,577.png,577.png,577.png,1.0,0.0,0.0
578,training,training_ADE_train_00015922_t0_crop0,training_ADE_train_00015922,training_ADE_train_00015922_t0,2,112,64,224,128,rough textured sandstone with layered striations,smooth rounded sandstone with subtle erosion,578.png,578.png,578.png,1.0,0.0,0.0
579,training,training_ADE_train_00015922_t0_crop1,training_ADE_train_00015922,training_ADE_train_00015922_t0,1,274,383,274,383,rough textured sandstone with layered striations,smooth rounded sandstone with subtle erosion,579.png,579.png,579.png,0.9633607135370014,0.0,0.03663928646299861
580,training,training_ADE_train_00015922_t0_crop2,training_ADE_train_00015922,training_ADE_train_00015922_t0,1,234,365,234,365,rough textured sandstone with layered striations,smooth rounded sandstone with subtle erosion,580.png,580.png,580.png,1.0,0.0,0.0
581,training,training_ADE_train_00015922_t0_crop3,training_ADE_train_00015922,training_ADE_train_00015922_t0,2,256,197,512,394,rough textured sandstone with layered striations,smooth rounded sandstone with subtle erosion,581.png,581.png,581.png,1.0,0.0,0.0
582,training,training_ADE_train_00016071_t0_crop0,training_ADE_train_00016071,training_ADE_train_00016071_t0,1,429,292,429,292,dense green grass with scattered shadows,smooth white sand with soft undulating edges,582.png,582.png,582.png,0.9719002458728486,9.579461634256155e-05,0.028003959510808824
583,training,training_ADE_train_00016081_t0_crop0,training_ADE_train_00016081,training_ADE_train_00016081_t0,1,356,411,356,411,wet sandy beach with shallow ripples,calm blue ocean water with gentle waves,583.png,583.png,583.png,0.9669004073375433,0.0,0.0330995926624566
584,training,training_ADE_train_00016081_t1_crop0,training_ADE_train_00016081,training_ADE_train_00016081_t1,1,683,313,683,313,calm blue ocean water with gentle waves,hazy pale sky with no clouds,584.png,584.png,584.png,0.9867012194836724,2.806636760392742e-05,0.013270714148723682
585,training,training_ADE_train_00016156_t0_crop0,training_ADE_train_00016156,training_ADE_train_00016156_t0,2,256,64,512,128,rough layered cliff face with vertical striations,smooth wet sandy ground with ripples,585.png,585.png,585.png,1.0,0.0,0.0
586,training,training_ADE_train_00016162_t0_crop0,training_ADE_train_00016162,training_ADE_train_00016162_t0,1,305,223,305,223,weathered wooden planks with deep grooves,wet sandy beach with fine granular texture,586.png,586.png,586.png,0.9531426891126957,4.410791737116813e-05,0.046813202969933104
587,training,training_ADE_train_00016162_t0_crop1,training_ADE_train_00016162,training_ADE_train_00016162_t0,2,165,120,330,240,weathered wooden planks with deep grooves,wet sandy beach with fine granular texture,587.png,587.png,587.png,1.0,0.0,0.0
588,training,training_ADE_train_00016162_t1_crop0,training_ADE_train_00016162,training_ADE_train_00016162_t1,1,455,230,455,230,wet sandy beach with fine granular texture,churning ocean water with white foam,588.png,588.png,588.png,0.9743048256091734,0.0,0.025695174390826563
589,training,training_ADE_train_00016317_t0_crop0,training_ADE_train_00016317,training_ADE_train_00016317_t0,2,104,104,208,208,dense green foliage with dappled sunlight,wet muddy bank with visible root patterns,589.png,589.png,589.png,1.0,0.0,0.0
590,training,training_ADE_train_00016317_t0_crop1,training_ADE_train_00016317,training_ADE_train_00016317_t0,1,229,263,229,263,dense green foliage with dappled sunlight,wet muddy bank with visible root patterns,590.png,590.png,590.png,0.9885931558935361,0.00023245388281003537,0.011174390223653843
591,training,training_ADE_train_00016341_t0_crop0,training_ADE_train_00016341,training_ADE_train_00016341_t0,2,120,256,240,512,smooth packed snow with ski tracks,dense dark green pine forest,591.png,591.png,591.png,1.0,0.0,0.0
592,training,training_ADE_train_00016341_t0_crop1,training_ADE_train_00016341,training_ADE_train_00016341_t0,2,132,256,264,512,smooth packed snow with ski tracks,dense dark green pine forest,592.png,592.png,592.png,1.0,0.0,0.0
593,training,training_ADE_train_00016341_t0_crop2,training_ADE_train_00016341,training_ADE_train_00016341_t0,2,103,256,206,512,smooth packed snow with ski tracks,dense dark green pine forest,593.png,593.png,593.png,1.0,0.0,0.0
594,training,training_ADE_train_00016363_t0_crop0,training_ADE_train_00016363,training_ADE_train_00016363_t0,1,413,575,413,575,smooth glass panels with vertical reflections,rough concrete with visible seams,594.png,594.png,594.png,0.9585935361617012,0.0,0.04140646383829877
595,training,training_ADE_train_00016363_t0_crop1,training_ADE_train_00016363,training_ADE_train_00016363_t0,1,201,253,201,253,smooth glass panels with vertical reflections,rough concrete with visible seams,595.png,595.png,595.png,0.9877293375022123,0.0,0.012270662497787741
596,training,training_ADE_train_00016721_t0_crop0,training_ADE_train_00016721,training_ADE_train_00016721_t0,2,104,118,208,236,wet concrete with visible grain and texture,dry brown earth with loose soil particles,596.png,596.png,596.png,1.0,0.0,0.0
597,training,training_ADE_train_00016721_t0_crop1,training_ADE_train_00016721,training_ADE_train_00016721_t0,2,256,132,512,264,wet concrete with visible grain and texture,dry brown earth with loose soil particles,597.png,597.png,597.png,1.0,0.0,0.0
598,training,training_ADE_train_00016847_t0_crop0,training_ADE_train_00016847,training_ADE_train_00016847_t0,2,130,93,260,186,rough gray stone with mossy patches,dense green grass with scattered shadows,598.png,598.png,598.png,1.0,0.0,0.0
599,training,training_ADE_train_00016848_t0_crop0,training_ADE_train_00016848,training_ADE_train_00016848_t0,2,113,225,226,450,dense green grass with scattered shadows,rough weathered stone with visible cracks,599.png,599.png,599.png,1.0,0.0,0.0
600,training,training_ADE_train_00016849_t1_crop0,training_ADE_train_00016849,training_ADE_train_00016849_t1,2,164,129,328,258,rough weathered stone with visible cracks,distant green vegetation with leafy canopy,600.png,600.png,600.png,1.0,0.0,0.0
601,training,training_ADE_train_00016857_t1_crop0,training_ADE_train_00016857,training_ADE_train_00016857_t1,1,584,212,584,212,rough weathered stone with visible cracks,smooth wet sandy ground with ripples,601.png,601.png,601.png,0.9686207676402171,0.0025927242181442234,0.028786508141638665
602,training,training_ADE_train_00017338_t3_crop0,training_ADE_train_00017338,training_ADE_train_00017338_t3,2,256,168,512,336,dense green grass with scattered shadows,smooth gray concrete with faint seams,602.png,602.png,602.png,1.0,0.0,0.0
603,training,training_ADE_train_00019008_t1_crop0,training_ADE_train_00019008,training_ADE_train_00019008_t1,2,132,256,264,512,wet sandy bank with scattered vegetation,dense green foliage with broad leaves,603.png,603.png,603.png,1.0,0.0,0.0
604,training,training_ADE_train_00019008_t2_crop0,training_ADE_train_00019008,training_ADE_train_00019008_t2,2,81,191,162,382,dense green foliage with broad leaves,smooth curved trunk with vertical grooves,604.png,604.png,604.png,1.0,0.0,0.0
605,training,training_ADE_train_00019008_t2_crop1,training_ADE_train_00019008,training_ADE_train_00019008_t2,2,104,64,208,128,dense green foliage with broad leaves,smooth curved trunk with vertical grooves,605.png,605.png,605.png,1.0,0.0,0.0
606,training,training_ADE_train_00019011_t0_crop0,training_ADE_train_00019011,training_ADE_train_00019011_t0,2,64,114,128,228,wet mossy rock with clinging vines,smooth flowing water with white foam,606.png,606.png,606.png,1.0,0.0,0.0
607,training,training_ADE_train_00019011_t0_crop1,training_ADE_train_00019011,training_ADE_train_00019011_t0,2,240,124,480,248,wet mossy rock with clinging vines,smooth flowing water with white foam,607.png,607.png,607.png,1.0,0.0,0.0
608,training,training_ADE_train_00019011_t1_crop0,training_ADE_train_00019011,training_ADE_train_00019011_t1,2,120,178,240,356,wet mossy rock with clinging vines,green fern fronds with serrated edges,608.png,608.png,608.png,1.0,0.0,0.0
609,training,training_ADE_train_00019011_t1_crop1,training_ADE_train_00019011,training_ADE_train_00019011_t1,2,154,239,308,478,wet mossy rock with clinging vines,green fern fronds with serrated edges,609.png,609.png,609.png,1.0,0.0,0.0
610,training,training_ADE_train_00019013_t0_crop0,training_ADE_train_00019013,training_ADE_train_00019013_t0,2,256,123,512,246,rough mossy rock with green lichen patches,clear shallow water with visible pebbles,610.png,610.png,610.png,1.0,0.0,0.0
611,training,training_ADE_train_00019013_t0_crop1,training_ADE_train_00019013,training_ADE_train_00019013_t0,1,289,212,289,212,rough mossy rock with green lichen patches,clear shallow water with visible pebbles,611.png,611.png,611.png,0.9830580400861788,0.00017953907423124633,0.01676242083959
612,training,training_ADE_train_00019013_t0_crop2,training_ADE_train_00019013,training_ADE_train_00019013_t0,1,288,484,288,484,rough mossy rock with green lichen patches,clear shallow water with visible pebbles,612.png,612.png,612.png,0.9676523760330579,0.0010187098255280073,0.031328914141414144
613,training,training_ADE_train_00019013_t1_crop0,training_ADE_train_00019013,training_ADE_train_00019013_t1,1,209,257,209,257,mossy rock with textured surface,dense green foliage with varied leaf shapes,613.png,613.png,613.png,0.9834676893861821,0.00042820173887140917,0.016104108874946475
614,training,training_ADE_train_00019013_t1_crop1,training_ADE_train_00019013,training_ADE_train_00019013_t1,2,128,256,256,512,mossy rock with textured surface,dense green foliage with varied leaf shapes,614.png,614.png,614.png,1.0,0.0,0.0
615,training,training_ADE_train_00019013_t1_crop2,training_ADE_train_00019013,training_ADE_train_00019013_t1,1,683,228,683,228,mossy rock with textured surface,dense green foliage with varied leaf shapes,615.png,615.png,615.png,0.9636985949500398,0.00019264853201818603,0.036108756517942
616,training,training_ADE_train_00019016_t0_crop0,training_ADE_train_00019016,training_ADE_train_00019016_t0,2,233,64,466,128,smooth wet sandy ground with ripples,rough weathered stone with visible cracks,616.png,616.png,616.png,1.0,0.0,0.0
617,training,training_ADE_train_00019016_t0_crop1,training_ADE_train_00019016,training_ADE_train_00019016_t0,1,525,407,525,407,smooth wet sandy ground with ripples,rough weathered stone with visible cracks,617.png,617.png,617.png,0.9637720837720838,9.36000936000936e-06,0.03621855621855622
618,training,training_ADE_train_00019016_t0_crop2,training_ADE_train_00019016,training_ADE_train_00019016_t0,1,264,409,264,409,smooth wet sandy ground with ripples,rough weathered stone with visible cracks,618.png,618.png,618.png,0.9684837371267689,0.0,0.03151626287323109
619,training,training_ADE_train_00019224_t0_crop0,training_ADE_train_00019224,training_ADE_train_00019224_t0,2,117,64,234,128,dense green hedge with sculpted curves,light gray gravel path with scattered stones,619.png,619.png,619.png,1.0,0.0,0.0
620,training,training_ADE_train_00019224_t0_crop1,training_ADE_train_00019224,training_ADE_train_00019224_t0,2,197,182,394,364,dense green hedge with sculpted curves,light gray gravel path with scattered stones,620.png,620.png,620.png,1.0,0.0,0.0
621,training,training_ADE_train_00019224_t0_crop2,training_ADE_train_00019224,training_ADE_train_00019224_t0,2,104,104,208,208,dense green hedge with sculpted curves,light gray gravel path with scattered stones,621.png,621.png,621.png,1.0,0.0,0.0
622,training,training_ADE_train_00019229_t0_crop0,training_ADE_train_00019229,training_ADE_train_00019229_t0,2,255,89,510,178,dense green grass with scattered shadows,gravel path with small stones and dirt,622.png,622.png,622.png,1.0,0.0,0.0
623,training,training_ADE_train_00019229_t3_crop0,training_ADE_train_00019229,training_ADE_train_00019229_t3,2,256,150,512,300,dense green hedge with layered topiary,smooth weathered stone wall with moss,623.png,623.png,623.png,1.0,0.0,0.0
624,training,training_ADE_train_00019349_t0_crop0,training_ADE_train_00019349,training_ADE_train_00019349_t0,1,332,370,332,370,dense green grass with scattered shadows,dark green coniferous tree needles,624.png,624.png,624.png,0.9782237056333442,0.004485509605991533,0.017290784760664278
625,training,training_ADE_train_00019349_t0_crop1,training_ADE_train_00019349,training_ADE_train_00019349_t0,2,256,141,512,282,dense green grass with scattered shadows,dark green coniferous tree needles,625.png,625.png,625.png,1.0,0.0,0.0
626,training,training_ADE_train_00019350_t0_crop0,training_ADE_train_00019350,training_ADE_train_00019350_t0,1,500,337,500,337,dense green grass with scattered shadows,conical evergreen trees with needle-like foliage,626.png,626.png,626.png,0.9940652818991098,7.71513353115727e-05,0.005857566765578635
627,training,training_ADE_train_00019396_t0_crop0,training_ADE_train_00019396,training_ADE_train_00019396_t0,2,240,181,480,362,wavy layered coral with ruffled edges,rough bumpy coral with porous surface,627.png,627.png,627.png,1.0,0.0,0.0
628,training,training_ADE_train_00019396_t1_crop0,training_ADE_train_00019396,training_ADE_train_00019396_t1,2,126,172,252,344,wavy layered coral with ruffled edges,smooth wet sandy ground with ripples,628.png,628.png,628.png,1.0,0.0,0.0
629,training,training_ADE_train_00019396_t1_crop1,training_ADE_train_00019396,training_ADE_train_00019396_t1,2,256,76,512,152,wavy layered coral with ruffled edges,smooth wet sandy ground with ripples,629.png,629.png,629.png,1.0,0.0,0.0
630,training,training_ADE_train_00019437_t2_crop0,training_ADE_train_00019437,training_ADE_train_00019437_t2,2,107,64,214,128,dark green dense forest canopy,calm dark blue water surface,630.png,630.png,630.png,1.0,0.0,0.0
631,training,training_ADE_train_00019438_t0_crop0,training_ADE_train_00019438,training_ADE_train_00019438_t0,2,164,116,328,232,dense green grass with scattered shadows,dark forest canopy with mixed leaf colors,631.png,631.png,631.png,1.0,0.0,0.0
632,training,training_ADE_train_00019453_t2_crop0,training_ADE_train_00019453,training_ADE_train_00019453_t2,2,98,64,196,128,dark green pine needles with sharp tips,smooth tan soil with sparse grass,632.png,632.png,632.png,1.0,0.0,0.0
633,training,training_ADE_train_00019461_t2_crop0,training_ADE_train_00019461,training_ADE_train_00019461_t2,2,180,100,360,200,dense green grass with scattered shadows,smooth wet sandy ground with ripples,633.png,633.png,633.png,1.0,0.0,0.0
634,training,training_ADE_train_00019479_t0_crop0,training_ADE_train_00019479,training_ADE_train_00019479_t0,2,184,180,368,360,dark brown soil with sparse green sprouts,green leafy plants with broad oval leaves,634.png,634.png,634.png,1.0,0.0,0.0
635,training,training_ADE_train_00019558_t0_crop0,training_ADE_train_00019558,training_ADE_train_00019558_t0,2,222,136,444,272,dense green grass with scattered shadows,pale limestone blocks with dark mortar joints,635.png,635.png,635.png,1.0,0.0,0.0
636,training,training_ADE_train_00019808_t0_crop0,training_ADE_train_00019808,training_ADE_train_00019808_t0,1,683,251,683,251,dry grassy field with sparse vegetation,calm reflective water surface,636.png,636.png,636.png,0.9797296903163335,0.00013416320078397974,0.020136146482882526
637,training,training_ADE_train_00019808_t0_crop1,training_ADE_train_00019808,training_ADE_train_00019808_t0,2,150,256,300,512,dry grassy field with sparse vegetation,calm reflective water surface,637.png,637.png,637.png,1.0,0.0,0.0
638,training,training_ADE_train_00019814_t0_crop0,training_ADE_train_00019814,training_ADE_train_00019814_t0,1,268,288,268,288,smooth wet concrete with visible seams,rough weathered stone with visible cracks,638.png,638.png,638.png,0.9877047056384743,0.0,0.012295294361525705
639,training,training_ADE_train_00019814_t0_crop1,training_ADE_train_00019814,training_ADE_train_00019814_t0,2,102,256,204,512,smooth wet concrete with visible seams,rough weathered stone with visible cracks,639.png,639.png,639.png,1.0,0.0,0.0
640,training,training_ADE_train_00019814_t1_crop0,training_ADE_train_00019814,training_ADE_train_00019814_t1,2,64,102,128,204,rough weathered stone with visible cracks,dark wet concrete with water flow,640.png,640.png,640.png,1.0,0.0,0.0
641,training,training_ADE_train_00019814_t1_crop1,training_ADE_train_00019814,training_ADE_train_00019814_t1,2,64,114,128,228,rough weathered stone with visible cracks,dark wet concrete with water flow,641.png,641.png,641.png,1.0,0.0,0.0
642,training,training_ADE_train_00019814_t2_crop0,training_ADE_train_00019814,training_ADE_train_00019814_t2,2,132,256,264,512,dark wet concrete with water flow,smooth wet sandy ground with ripples,642.png,642.png,642.png,1.0,0.0,0.0
643,training,training_ADE_train_00019815_t0_crop0,training_ADE_train_00019815,training_ADE_train_00019815_t0,2,64,105,128,210,wet dark rock with mossy patches,smooth wet sandy ground with ripples,643.png,643.png,643.png,1.0,0.0,0.0
644,training,training_ADE_train_00019815_t1_crop0,training_ADE_train_00019815,training_ADE_train_00019815_t1,2,68,167,136,334,wet dark rock with mossy patches,foamy white water spray with droplets,644.png,644.png,644.png,1.0,0.0,0.0
645,training,training_ADE_train_00019816_t0_crop0,training_ADE_train_00019816,training_ADE_train_00019816_t0,2,139,64,278,128,dense green foliage with varied leaf shapes,wet white foamy water with spray mist,645.png,645.png,645.png,1.0,0.0,0.0
646,training,training_ADE_train_00019816_t0_crop1,training_ADE_train_00019816,training_ADE_train_00019816_t0,2,96,64,192,128,dense green foliage with varied leaf shapes,wet white foamy water with spray mist,646.png,646.png,646.png,1.0,0.0,0.0
647,training,training_ADE_train_00019816_t0_crop2,training_ADE_train_00019816,training_ADE_train_00019816_t0,2,104,217,208,434,dense green foliage with varied leaf shapes,wet white foamy water with spray mist,647.png,647.png,647.png,1.0,0.0,0.0
648,training,training_ADE_train_00019816_t0_crop3,training_ADE_train_00019816,training_ADE_train_00019816_t0,2,256,115,512,230,dense green foliage with varied leaf shapes,wet white foamy water with spray mist,648.png,648.png,648.png,1.0,0.0,0.0
649,training,training_ADE_train_00019819_t0_crop0,training_ADE_train_00019819,training_ADE_train_00019819_t0,2,135,124,270,248,wet rough rock face with moss patches,smooth flowing water with white spray,649.png,649.png,649.png,1.0,0.0,0.0
650,training,training_ADE_train_00019819_t2_crop0,training_ADE_train_00019819,training_ADE_train_00019819_t2,2,144,140,288,280,smooth flowing water with white spray,dry sandy bank with sparse grass,650.png,650.png,650.png,1.0,0.0,0.0
651,training,training_ADE_train_00019826_t0_crop0,training_ADE_train_00019826,training_ADE_train_00019826_t0,2,178,256,356,512,smooth wet water with white frothy spray,rough dark mossy rock with vertical striations,651.png,651.png,651.png,1.0,0.0,0.0
652,training,training_ADE_train_00019826_t1_crop0,training_ADE_train_00019826,training_ADE_train_00019826_t1,2,133,232,266,464,smooth wet water with white frothy spray,damp dark green mossy rock surface,652.png,652.png,652.png,1.0,0.0,0.0
653,training,training_ADE_train_00019832_t0_crop0,training_ADE_train_00019832,training_ADE_train_00019832_t0,2,129,64,258,128,smooth wet sandy ground with ripples,dense green foliage with varied leaf shapes,653.png,653.png,653.png,1.0,0.0,0.0
654,training,training_ADE_train_00019837_t0_crop0,training_ADE_train_00019837,training_ADE_train_00019837_t0,2,223,124,446,248,smooth flowing water with silky motion blur,rough snow-covered rock with jagged edges,654.png,654.png,654.png,1.0,0.0,0.0
655,training,training_ADE_train_00019837_t0_crop1,training_ADE_train_00019837,training_ADE_train_00019837_t0,1,213,245,213,245,smooth flowing water with silky motion blur,rough snow-covered rock with jagged edges,655.png,655.png,655.png,0.9711794576985724,5.748778384593274e-05,0.028763054517581682
656,training,training_ADE_train_00019837_t1_crop0,training_ADE_train_00019837,training_ADE_train_00019837_t1,2,184,132,368,264,rough snow-covered rock with jagged edges,dark wet rock with mossy patches,656.png,656.png,656.png,1.0,0.0,0.0
657,training,training_ADE_train_00019837_t2_crop0,training_ADE_train_00019837,training_ADE_train_00019837_t2,2,256,64,512,128,dark wet rock with mossy patches,smooth flowing water with silky motion blur,657.png,657.png,657.png,1.0,0.0,0.0
658,training,training_ADE_train_00019837_t2_crop1,training_ADE_train_00019837,training_ADE_train_00019837_t2,2,256,64,512,128,dark wet rock with mossy patches,smooth flowing water with silky motion blur,658.png,658.png,658.png,1.0,0.0,0.0
659,training,training_ADE_train_00019837_t2_crop2,training_ADE_train_00019837,training_ADE_train_00019837_t2,1,264,258,264,258,dark wet rock with mossy patches,smooth flowing water with silky motion blur,659.png,659.png,659.png,0.9667165844491425,0.00430173831336622,0.02898167723749119
660,training,training_ADE_train_00019839_t0_crop0,training_ADE_train_00019839,training_ADE_train_00019839_t0,2,256,157,512,314,smooth wet sandy ground with ripples,rough mossy stone with dark green patches,660.png,660.png,660.png,1.0,0.0,0.0
661,training,training_ADE_train_00019845_t1_crop0,training_ADE_train_00019845,training_ADE_train_00019845_t1,2,123,111,246,222,wet mossy rock with green velvety texture,darker wet rock with rough surface,661.png,661.png,661.png,1.0,0.0,0.0
662,training,training_ADE_train_00019845_t1_crop1,training_ADE_train_00019845,training_ADE_train_00019845_t1,2,198,126,396,252,wet mossy rock with green velvety texture,darker wet rock with rough surface,662.png,662.png,662.png,1.0,0.0,0.0
663,training,training_ADE_train_00019846_t0_crop0,training_ADE_train_00019846,training_ADE_train_00019846_t0,2,64,122,128,244,wet dark rock with mossy patches,bright white cascading water stream,663.png,663.png,663.png,1.0,0.0,0.0
664,training,training_ADE_train_00019846_t1_crop0,training_ADE_train_00019846,training_ADE_train_00019846_t1,2,144,195,288,390,wet dark rock with mossy patches,damp gray boulder with rough surface,664.png,664.png,664.png,1.0,0.0,0.0
665,training,training_ADE_train_00019846_t2_crop0,training_ADE_train_00019846,training_ADE_train_00019846_t2,2,110,133,220,266,bright white cascading water stream,damp gray boulder with rough surface,665.png,665.png,665.png,1.0,0.0,0.0
666,training,training_ADE_train_00019846_t3_crop0,training_ADE_train_00019846,training_ADE_train_00019846_t3,2,151,256,302,512,wet dark rock with mossy patches,dense green foliage with varied leaves,666.png,666.png,666.png,1.0,0.0,0.0
667,training,training_ADE_train_00019849_t1_crop0,training_ADE_train_00019849,training_ADE_train_00019849_t1,2,150,86,300,172,smooth flowing water with white spray,wet gray rock with moss patches,667.png,667.png,667.png,1.0,0.0,0.0
668,training,training_ADE_train_00019851_t0_crop0,training_ADE_train_00019851,training_ADE_train_00019851_t0,2,185,102,370,204,wet white foamy water with turbulent spray,dark wet mossy rock with rough surface,668.png,668.png,668.png,1.0,0.0,0.0
669,training,training_ADE_train_00019855_t0_crop0,training_ADE_train_00019855,training_ADE_train_00019855_t0,2,256,115,512,230,dense green foliage with varied leaf shapes,rough wet rock face with moss patches,669.png,669.png,669.png,1.0,0.0,0.0
670,training,training_ADE_train_00019855_t1_crop0,training_ADE_train_00019855,training_ADE_train_00019855_t1,2,166,149,332,298,rough wet rock face with moss patches,smooth flowing water with white foam,670.png,670.png,670.png,1.0,0.0,0.0
671,training,training_ADE_train_00019856_t3_crop0,training_ADE_train_00019856,training_ADE_train_00019856_t3,2,256,174,512,348,dark gray rough textured rock surface,green shrubbery with dense leaves,671.png,671.png,671.png,1.0,0.0,0.0
672,training,training_ADE_train_00019857_t2_crop0,training_ADE_train_00019857,training_ADE_train_00019857_t2,2,85,112,170,224,dense green foliage with varied leaf shapes,smooth wet sandy ground with ripples,672.png,672.png,672.png,1.0,0.0,0.0
673,training,training_ADE_train_00019858_t0_crop0,training_ADE_train_00019858,training_ADE_train_00019858_t0,2,213,118,426,236,smooth flowing water with white froth,dense green moss on wet rocks,673.png,673.png,673.png,1.0,0.0,0.0
674,training,training_ADE_train_00019863_t0_crop0,training_ADE_train_00019863,training_ADE_train_00019863_t0,2,104,85,208,170,smooth wet sandy ground with ripples,rough weathered stone with visible cracks,674.png,674.png,674.png,1.0,0.0,0.0
675,training,training_ADE_train_00019863_t1_crop0,training_ADE_train_00019863,training_ADE_train_00019863_t1,2,75,207,150,414,rough weathered stone with visible cracks,dark wet mossy rock surface with clinging algae,675.png,675.png,675.png,1.0,0.0,0.0
676,training,training_ADE_train_00019863_t2_crop0,training_ADE_train_00019863,training_ADE_train_00019863_t2,2,256,145,512,290,dark wet mossy rock surface with clinging algae,smooth flowing water with white froth,676.png,676.png,676.png,1.0,0.0,0.0
677,training,training_ADE_train_00019864_t0_crop0,training_ADE_train_00019864,training_ADE_train_00019864_t0,2,176,256,352,512,wet dark green moss on vertical rock face,smooth flowing white water with spray mist,677.png,677.png,677.png,1.0,0.0,0.0
678,training,training_ADE_train_00019864_t0_crop1,training_ADE_train_00019864,training_ADE_train_00019864_t0,2,78,121,156,242,wet dark green moss on vertical rock face,smooth flowing white water with spray mist,678.png,678.png,678.png,1.0,0.0,0.0
679,training,training_ADE_train_00019874_t1_crop0,training_ADE_train_00019874,training_ADE_train_00019874_t1,2,256,96,512,192,wet mossy rock with green patches,smooth wet sandy ground with ripples,679.png,679.png,679.png,1.0,0.0,0.0
680,training,training_ADE_train_00019874_t2_crop0,training_ADE_train_00019874,training_ADE_train_00019874_t2,2,82,109,164,218,smooth wet sandy ground with ripples,rough weathered stone with visible cracks,680.png,680.png,680.png,1.0,0.0,0.0
681,training,training_ADE_train_00019874_t2_crop1,training_ADE_train_00019874,training_ADE_train_00019874_t2,2,256,104,512,208,smooth wet sandy ground with ripples,rough weathered stone with visible cracks,681.png,681.png,681.png,1.0,0.0,0.0
682,training,training_ADE_train_00019875_t2_crop0,training_ADE_train_00019875,training_ADE_train_00019875_t2,2,76,123,152,246,grayish blue water with white foam spray,bright green grassy slope with scattered leaves,682.png,682.png,682.png,1.0,0.0,0.0
683,training,training_ADE_train_00019878_t0_crop0,training_ADE_train_00019878,training_ADE_train_00019878_t0,2,256,64,512,128,dark wet rock with mossy patches,calm dark water with ripples,683.png,683.png,683.png,1.0,0.0,0.0
684,training,training_ADE_train_00019878_t0_crop1,training_ADE_train_00019878,training_ADE_train_00019878_t0,2,159,64,318,128,dark wet rock with mossy patches,calm dark water with ripples,684.png,684.png,684.png,1.0,0.0,0.0
685,training,training_ADE_train_00019878_t0_crop2,training_ADE_train_00019878,training_ADE_train_00019878_t0,2,256,122,512,244,dark wet rock with mossy patches,calm dark water with ripples,685.png,685.png,685.png,1.0,0.0,0.0
686,training,training_ADE_train_00019878_t0_crop3,training_ADE_train_00019878,training_ADE_train_00019878_t0,2,97,64,194,128,dark wet rock with mossy patches,calm dark water with ripples,686.png,686.png,686.png,1.0,0.0,0.0
687,training,training_ADE_train_00019878_t0_crop4,training_ADE_train_00019878,training_ADE_train_00019878_t0,2,110,192,220,384,dark wet rock with mossy patches,calm dark water with ripples,687.png,687.png,687.png,1.0,0.0,0.0
688,training,training_ADE_train_00019878_t0_crop5,training_ADE_train_00019878,training_ADE_train_00019878_t0,2,70,256,140,512,dark wet rock with mossy patches,calm dark water with ripples,688.png,688.png,688.png,1.0,0.0,0.0
689,training,training_ADE_train_00019878_t0_crop6,training_ADE_train_00019878,training_ADE_train_00019878_t0,2,115,256,230,512,dark wet rock with mossy patches,calm dark water with ripples,689.png,689.png,689.png,1.0,0.0,0.0
690,training,training_ADE_train_00019878_t1_crop0,training_ADE_train_00019878,training_ADE_train_00019878_t1,1,310,220,310,220,dense green foliage with varied leaf shapes,dark wet rock with mossy patches,690.png,690.png,690.png,0.9748973607038123,0.0005865102639296188,0.024516129032258065
691,training,training_ADE_train_00019880_t0_crop0,training_ADE_train_00019880,training_ADE_train_00019880_t0,2,256,120,512,240,rough dark cliff face with vertical striations,smooth deep blue water surface with gentle ripples,691.png,691.png,691.png,1.0,0.0,0.0
692,training,training_ADE_train_00019882_t0_crop0,training_ADE_train_00019882,training_ADE_train_00019882_t0,2,223,96,446,192,smooth wet sandy ground with ripples,rough weathered stone with visible cracks,692.png,692.png,692.png,1.0,0.0,0.0
693,training,training_ADE_train_00019885_t0_crop0,training_ADE_train_00019885,training_ADE_train_00019885_t0,2,256,64,512,128,wet muddy ground with visible footprints,calm shallow water reflecting sky,693.png,693.png,693.png,1.0,0.0,0.0
694,training,training_ADE_train_00019885_t1_crop0,training_ADE_train_00019885,training_ADE_train_00019885_t1,2,256,195,512,390,wet muddy ground with visible footprints,dry cracked earth with sparse grass,694.png,694.png,694.png,1.0,0.0,0.0
695,training,training_ADE_train_00019885_t1_crop1,training_ADE_train_00019885,training_ADE_train_00019885_t1,2,117,187,234,374,wet muddy ground with visible footprints,dry cracked earth with sparse grass,695.png,695.png,695.png,1.0,0.0,0.0
696,training,training_ADE_train_00020092_t0_crop0,training_ADE_train_00020092,training_ADE_train_00020092_t0,2,84,153,168,306,dense green grass with scattered shadows,rough bark with deep grooves and ridges,696.png,696.png,696.png,1.0,0.0,0.0
697,validation,validation_ADE_val_00000233_t0_crop0,validation_ADE_val_00000233,validation_ADE_val_00000233_t0,2,256,176,512,352,rough weathered stone with visible cracks,dense green grass with scattered shadows,697.png,697.png,697.png,1.0,0.0,0.0
698,validation,validation_ADE_val_00000233_t1_crop0,validation_ADE_val_00000233,validation_ADE_val_00000233_t1,2,92,116,184,232,rough weathered stone with visible cracks,smooth wet sandy ground with ripples,698.png,698.png,698.png,1.0,0.0,0.0
699,validation,validation_ADE_val_00000345_t0_crop0,validation_ADE_val_00000345,validation_ADE_val_00000345_t0,2,109,64,218,128,dense green grass with scattered shadows,gravel path with coarse dark stones,699.png,699.png,699.png,1.0,0.0,0.0
700,validation,validation_ADE_val_00000345_t0_crop1,validation_ADE_val_00000345,validation_ADE_val_00000345_t0,2,114,222,228,444,dense green grass with scattered shadows,gravel path with coarse dark stones,700.png,700.png,700.png,1.0,0.0,0.0
701,validation,validation_ADE_val_00000389_t1_crop0,validation_ADE_val_00000389,validation_ADE_val_00000389_t1,2,104,64,208,128,dense green grass with scattered shadows,smooth dark blue water surface,701.png,701.png,701.png,1.0,0.0,0.0
702,validation,validation_ADE_val_00000389_t3_crop0,validation_ADE_val_00000389,validation_ADE_val_00000389_t3,2,107,256,214,512,dark green tree foliage with dense canopy,dense green grass with scattered shadows,702.png,702.png,702.png,1.0,0.0,0.0
703,validation,validation_ADE_val_00000394_t0_crop0,validation_ADE_val_00000394,validation_ADE_val_00000394_t0,2,166,64,332,128,rough dark rock face with vertical striations,smooth wet sandy riverbed with swirling patterns,703.png,703.png,703.png,1.0,0.0,0.0
704,validation,validation_ADE_val_00000394_t0_crop1,validation_ADE_val_00000394,validation_ADE_val_00000394_t0,1,225,223,225,223,rough dark rock face with vertical striations,smooth wet sandy riverbed with swirling patterns,704.png,704.png,704.png,0.9976482311908321,0.00025909317389138014,0.0020926756352765323
705,validation,validation_ADE_val_00000402_t0_crop0,validation_ADE_val_00000402,validation_ADE_val_00000402_t0,1,503,272,503,272,dense green grass with scattered shadows,large leafy tree canopy with textured foliage,705.png,705.png,705.png,0.9660785288270378,0.000219272599695942,0.033702198573266284
706,validation,validation_ADE_val_00000625_t0_crop0,validation_ADE_val_00000625,validation_ADE_val_00000625_t0,2,157,124,314,248,dense green grass with scattered shadows,calm murky water with floating plants,706.png,706.png,706.png,1.0,0.0,0.0
707,validation,validation_ADE_val_00000625_t0_crop1,validation_ADE_val_00000625,validation_ADE_val_00000625_t0,2,256,80,512,160,dense green grass with scattered shadows,calm murky water with floating plants,707.png,707.png,707.png,1.0,0.0,0.0
708,validation,validation_ADE_val_00000625_t0_crop2,validation_ADE_val_00000625,validation_ADE_val_00000625_t0,2,132,144,264,288,dense green grass with scattered shadows,calm murky water with floating plants,708.png,708.png,708.png,1.0,0.0,0.0
709,validation,validation_ADE_val_00000625_t1_crop0,validation_ADE_val_00000625,validation_ADE_val_00000625_t1,2,256,133,512,266,dense green grass with scattered shadows,rough weathered stone with visible cracks,709.png,709.png,709.png,1.0,0.0,0.0
710,validation,validation_ADE_val_00000625_t1_crop1,validation_ADE_val_00000625,validation_ADE_val_00000625_t1,2,82,138,164,276,dense green grass with scattered shadows,rough weathered stone with visible cracks,710.png,710.png,710.png,1.0,0.0,0.0
711,validation,validation_ADE_val_00000733_t0_crop0,validation_ADE_val_00000733,validation_ADE_val_00000733_t0,1,566,291,566,291,rough sandstone arch with layered striations,dense green shrubbery with textured foliage,711.png,711.png,711.png,0.9656843102254927,2.4285696938787902e-05,0.03429140407756852
712,validation,validation_ADE_val_00000733_t0_crop1,validation_ADE_val_00000733,validation_ADE_val_00000733_t0,2,104,256,208,512,rough sandstone arch with layered striations,dense green shrubbery with textured foliage,712.png,712.png,712.png,1.0,0.0,0.0
713,validation,validation_ADE_val_00000918_t0_crop0,validation_ADE_val_00000918,validation_ADE_val_00000918_t0,2,132,132,264,264,wet dark volcanic rock with moss patches,lush green foliage with dense leaves,713.png,713.png,713.png,1.0,0.0,0.0
714,validation,validation_ADE_val_00000918_t0_crop1,validation_ADE_val_00000918,validation_ADE_val_00000918_t0,1,200,506,200,506,wet dark volcanic rock with moss patches,lush green foliage with dense leaves,714.png,714.png,714.png,0.9771442687747035,0.00015810276679841898,0.022697628458498025
715,validation,validation_ADE_val_00000918_t0_crop2,validation_ADE_val_00000918,validation_ADE_val_00000918_t0,2,256,129,512,258,wet dark volcanic rock with moss patches,lush green foliage with dense leaves,715.png,715.png,715.png,1.0,0.0,0.0
716,validation,validation_ADE_val_00000918_t0_crop3,validation_ADE_val_00000918,validation_ADE_val_00000918_t0,2,104,256,208,512,wet dark volcanic rock with moss patches,lush green foliage with dense leaves,716.png,716.png,716.png,1.0,0.0,0.0
717,validation,validation_ADE_val_00000918_t0_crop4,validation_ADE_val_00000918,validation_ADE_val_00000918_t0,2,172,168,344,336,wet dark volcanic rock with moss patches,lush green foliage with dense leaves,717.png,717.png,717.png,1.0,0.0,0.0
718,validation,validation_ADE_val_00000975_t0_crop0,validation_ADE_val_00000975,validation_ADE_val_00000975_t0,2,209,92,418,184,snow-covered mountain slope with sparse trees,dark reflective water surface with tree reflections,718.png,718.png,718.png,1.0,0.0,0.0
719,validation,validation_ADE_val_00000980_t0_crop0,validation_ADE_val_00000980,validation_ADE_val_00000980_t0,2,256,131,512,262,wet sandy beach with small ripples,green grassy dune with scattered shadows,719.png,719.png,719.png,1.0,0.0,0.0
720,validation,validation_ADE_val_00000986_t1_crop0,validation_ADE_val_00000986,validation_ADE_val_00000986_t1,2,136,104,272,208,dense green grass with scattered shadows,damp brown earth with sparse vegetation,720.png,720.png,720.png,1.0,0.0,0.0
721,validation,validation_ADE_val_00000986_t2_crop0,validation_ADE_val_00000986,validation_ADE_val_00000986_t2,2,250,86,500,172,damp brown earth with sparse vegetation,rough weathered stone with visible cracks,721.png,721.png,721.png,1.0,0.0,0.0
722,validation,validation_ADE_val_00001112_t0_crop0,validation_ADE_val_00001112,validation_ADE_val_00001112_t0,2,110,102,220,204,smooth wet sandy ground with ripples,dense green grass with scattered shadows,722.png,722.png,722.png,1.0,0.0,0.0
723,validation,validation_ADE_val_00001193_t2_crop0,validation_ADE_val_00001193,validation_ADE_val_00001193_t2,2,256,142,512,284,light beige ground with sparse grass,dense green grass with scattered shadows,723.png,723.png,723.png,1.0,0.0,0.0
724,validation,validation_ADE_val_00001193_t2_crop1,validation_ADE_val_00001193,validation_ADE_val_00001193_t2,2,256,191,512,382,light beige ground with sparse grass,dense green grass with scattered shadows,724.png,724.png,724.png,1.0,0.0,0.0
725,validation,validation_ADE_val_00001261_t1_crop0,validation_ADE_val_00001261,validation_ADE_val_00001261_t1,2,147,72,294,144,smooth wet sandy ground with ripples,calm deep blue ocean water,725.png,725.png,725.png,1.0,0.0,0.0
726,validation,validation_ADE_val_00001326_t0_crop0,validation_ADE_val_00001326,validation_ADE_val_00001326_t0,2,167,192,334,384,rough gray stone with mossy patches,green grass with scattered shadows,726.png,726.png,726.png,1.0,0.0,0.0
727,validation,validation_ADE_val_00001445_t1_crop0,validation_ADE_val_00001445,validation_ADE_val_00001445_t1,1,234,285,234,285,dense green grass with scattered shadows,calm dark water reflecting sky,727.png,727.png,727.png,0.9871944819313241,0.0001349527665317139,0.012670565302144249
728,validation,validation_ADE_val_00001490_t0_crop0,validation_ADE_val_00001490,validation_ADE_val_00001490_t0,2,256,101,512,202,smooth wet sandy ground with ripples,rough weathered stone with visible cracks,728.png,728.png,728.png,1.0,0.0,0.0
729,validation,validation_ADE_val_00001490_t0_crop1,validation_ADE_val_00001490,validation_ADE_val_00001490_t0,2,121,64,242,128,smooth wet sandy ground with ripples,rough weathered stone with visible cracks,729.png,729.png,729.png,1.0,0.0,0.0
730,validation,validation_ADE_val_00001490_t0_crop2,validation_ADE_val_00001490,validation_ADE_val_00001490_t0,2,82,154,164,308,smooth wet sandy ground with ripples,rough weathered stone with visible cracks,730.png,730.png,730.png,1.0,0.0,0.0
731,validation,validation_ADE_val_00001490_t0_crop3,validation_ADE_val_00001490,validation_ADE_val_00001490_t0,2,256,104,512,208,smooth wet sandy ground with ripples,rough weathered stone with visible cracks,731.png,731.png,731.png,1.0,0.0,0.0
732,validation,validation_ADE_val_00001490_t1_crop0,validation_ADE_val_00001490,validation_ADE_val_00001490_t1,2,200,121,400,242,rough weathered stone with visible cracks,smooth dark water surface with gentle ripples,732.png,732.png,732.png,1.0,0.0,0.0
733,validation,validation_ADE_val_00001543_t0_crop0,validation_ADE_val_00001543,validation_ADE_val_00001543_t0,2,124,76,248,152,rough weathered stone with visible cracks,dry sparse grass with scattered shadows,733.png,733.png,733.png,1.0,0.0,0.0
734,validation,validation_ADE_val_00001552_t1_crop0,validation_ADE_val_00001552,validation_ADE_val_00001552_t1,2,183,101,366,202,calm blue water reflecting sky and peaks,dark shadowed forested mountain slope,734.png,734.png,734.png,1.0,0.0,0.0
735,validation,validation_ADE_val_00001552_t1_crop1,validation_ADE_val_00001552,validation_ADE_val_00001552_t1,2,144,96,288,192,calm blue water reflecting sky and peaks,dark shadowed forested mountain slope,735.png,735.png,735.png,1.0,0.0,0.0
736,validation,validation_ADE_val_00001553_t1_crop0,validation_ADE_val_00001553,validation_ADE_val_00001553_t1,2,64,104,128,208,dense green grass with scattered shadows,sparse brownish vegetation with thin stalks,736.png,736.png,736.png,1.0,0.0,0.0
737,validation,validation_ADE_val_00001553_t1_crop1,validation_ADE_val_00001553,validation_ADE_val_00001553_t1,2,185,204,370,408,dense green grass with scattered shadows,sparse brownish vegetation with thin stalks,737.png,737.png,737.png,1.0,0.0,0.0
738,validation,validation_ADE_val_00001613_t0_crop0,validation_ADE_val_00001613,validation_ADE_val_00001613_t0,1,728,262,728,262,calm dark water reflecting sky and reeds,dense green lily pads with white flowers,738.png,738.png,738.png,0.9840617397869307,0.0009804127170539385,0.014957847496015435
739,validation,validation_ADE_val_00001613_t1_crop0,validation_ADE_val_00001613,validation_ADE_val_00001613_t1,2,145,64,290,128,dense green lily pads with white flowers,tall dry golden reeds with thin stalks,739.png,739.png,739.png,1.0,0.0,0.0
740,validation,validation_ADE_val_00001616_t1_crop0,validation_ADE_val_00001616,validation_ADE_val_00001616_t1,2,182,120,364,240,calm reflective water surface with golden glow,dark wet sand with subtle texture,740.png,740.png,740.png,1.0,0.0,0.0
741,validation,validation_ADE_val_00001686_t2_crop0,validation_ADE_val_00001686,validation_ADE_val_00001686_t2,1,417,227,417,227,wet muddy bank with sparse reeds,damp green grass with dry patches,741.png,741.png,741.png,0.9699553132824137,0.0,0.030044686717586283
742,validation,validation_ADE_val_00001899_t3_crop0,validation_ADE_val_00001899,validation_ADE_val_00001899_t3,2,138,68,276,136,dense green grass with scattered shadows,light brown earth with sparse vegetation,742.png,742.png,742.png,1.0,0.0,0.0
743,validation,validation_ADE_val_00001917_t1_crop0,validation_ADE_val_00001917,validation_ADE_val_00001917_t1,2,167,64,334,128,wet mossy rock with greenish sheen,damp mossy ground with scattered shadows,743.png,743.png,743.png,1.0,0.0,0.0
744,validation,validation_ADE_val_00001917_t1_crop1,validation_ADE_val_00001917,validation_ADE_val_00001917_t1,2,151,104,302,208,wet mossy rock with greenish sheen,damp mossy ground with scattered shadows,744.png,744.png,744.png,1.0,0.0,0.0
745,validation,validation_ADE_val_00001952_t1_crop0,validation_ADE_val_00001952,validation_ADE_val_00001952_t1,2,256,184,512,368,dense green grass with scattered shadows,dark green tree canopy with dense foliage,745.png,745.png,745.png,1.0,0.0,0.0
746,validation,validation_ADE_val_00001953_t0_crop0,validation_ADE_val_00001953,validation_ADE_val_00001953_t0,2,135,64,270,128,dense green grass with scattered shadows,yellow flowering field with small blooms,746.png,746.png,746.png,1.0,0.0,0.0
747,validation,validation_ADE_val_00001953_t0_crop1,validation_ADE_val_00001953,validation_ADE_val_00001953_t0,2,188,169,376,338,dense green grass with scattered shadows,yellow flowering field with small blooms,747.png,747.png,747.png,1.0,0.0,0.0
748,validation,validation_ADE_val_00001986_t2_crop0,validation_ADE_val_00001986,validation_ADE_val_00001986_t2,1,427,259,427,259,dense green grass with scattered shadows,darker gray paved path with stone texture,748.png,748.png,748.png,0.969817257873464,0.0003255178899207002,0.029857224236615337
749,validation,validation_ADE_val_00001986_t2_crop1,validation_ADE_val_00001986,validation_ADE_val_00001986_t2,2,256,80,512,160,dense green grass with scattered shadows,darker gray paved path with stone texture,749.png,749.png,749.png,1.0,0.0,0.0
750,validation,validation_ADE_val_00001996_t1_crop0,validation_ADE_val_00001996,validation_ADE_val_00001996_t1,2,108,64,216,128,rough textured rock face with moss patches,smooth clear shallow water with gentle ripples,750.png,750.png,750.png,1.0,0.0,0.0
751,validation,validation_ADE_val_00001996_t1_crop1,validation_ADE_val_00001996,validation_ADE_val_00001996_t1,2,70,209,140,418,rough textured rock face with moss patches,smooth clear shallow water with gentle ripples,751.png,751.png,751.png,1.0,0.0,0.0
752,validation,validation_ADE_val_00001998_t0_crop0,validation_ADE_val_00001998,validation_ADE_val_00001998_t0,2,182,174,364,348,white foamy turbulent water with spray,dark wet rock face with moss patches,752.png,752.png,752.png,1.0,0.0,0.0
