image_id,mode,iou0,iou1,iou,ari,used_inversion,num_pred_masks,pred_source,pred_paths,gt_path
rwtd_1,aggregated,0.17509460449192032,0.8249053955065538,0.8249053955065538,0.0,1,39,union,/home/galoren/rwtd_partition_nonsam/outputs/rwtd/stage2_ade_rwtd_off/masks/rwtd_178.png|/home/galoren/rwtd_partition_nonsam/outputs/rwtd/stage2_ade_rwtd_off/masks/rwtd_12.png|/home/galoren/rwtd_partition_nonsam/outputs/rwtd/stage2_ade_rwtd_off/masks/rwtd_129.png|/home/galoren/rwtd_partition_nonsam/outputs/rwtd/stage2_ade_rwtd_off/masks/rwtd_13.png|/home/galoren/rwtd_partition_nonsam/outputs/rwtd/stage2_ade_rwtd_off/masks/rwtd_188.png|/home/galoren/rwtd_partition_nonsam/outputs/rwtd/stage2_ade_rwtd_off/masks/rwtd_181.png|/home/galoren/rwtd_partition_nonsam/outputs/rwtd/stage2_ade_rwtd_off/masks/rwtd_106.png|/home/galoren/rwtd_partition_nonsam/outputs/rwtd/stage2_ade_rwtd_off/masks/rwtd_197.png|/home/galoren/rwtd_partition_nonsam/outputs/rwtd/stage2_ade_rwtd_off/masks/rwtd_18.png|/home/galoren/rwtd_partition_nonsam/outputs/rwtd/stage2_ade_rwtd_off/masks/rwtd_101.png|/home/galoren/rwtd_partition_nonsam/outputs/rwtd/stage2_ade_rwtd_off/masks/rwtd_14.png|/home/galoren/rwtd_partition_nonsam/outputs/rwtd/stage2_ade_rwtd_off/masks/rwtd_118.png|/home/galoren/rwtd_partition_nonsam/outputs/rwtd/stage2_ade_rwtd_off/masks/rwtd_1.png|/home/galoren/rwtd_partition_nonsam/outputs/rwtd/stage2_ade_rwtd_off/masks/rwtd_185.png|/home/galoren/rwtd_partition_nonsam/outputs/rwtd/stage2_ade_rwtd_off/masks/rwtd_125.png|/home/galoren/rwtd_partition_nonsam/outputs/rwtd/stage2_ade_rwtd_off/masks/rwtd_183.png|/home/galoren/rwtd_partition_nonsam/outputs/rwtd/stage2_ade_rwtd_off/masks/rwtd_107.png|/home/galoren/rwtd_partition_nonsam/outputs/rwtd/stage2_ade_rwtd_off/masks/rwtd_182.png|/home/galoren/rwtd_partition_nonsam/outputs/rwtd/stage2_ade_rwtd_off/masks/rwtd_16.png|/home/galoren/rwtd_partition_nonsam/outputs/rwtd/stage2_ade_rwtd_off/masks/rwtd_189.png|/home/galoren/rwtd_partition_nonsam/outputs/rwtd/stage2_ade_rwtd_off/masks/rwtd_175.png|/home/galoren/rwtd_partition_nonsam/outputs/rwtd/stage2_ade_rwtd_off/masks/rwtd_184.png|/home/galoren/rwtd_partition_nonsam/outputs/rwtd/stage2_ade_rwtd_off/masks/rwtd_102.png|/home/galoren/rwtd_partition_nonsam/outputs/rwtd/stage2_ade_rwtd_off/masks/rwtd_176.png|/home/galoren/rwtd_partition_nonsam/outputs/rwtd/stage2_ade_rwtd_off/masks/rwtd_139.png|/home/galoren/rwtd_partition_nonsam/outputs/rwtd/stage2_ade_rwtd_off/masks/rwtd_17.png|/home/galoren/rwtd_partition_nonsam/outputs/rwtd/stage2_ade_rwtd_off/masks/rwtd_121.png|/home/galoren/rwtd_partition_nonsam/outputs/rwtd/stage2_ade_rwtd_off/masks/rwtd_122.png|/home/galoren/rwtd_partition_nonsam/outputs/rwtd/stage2_ade_rwtd_off/masks/rwtd_128.png|/home/galoren/rwtd_partition_nonsam/outputs/rwtd/stage2_ade_rwtd_off/masks/rwtd_142.png|/home/galoren/rwtd_partition_nonsam/outputs/rwtd/stage2_ade_rwtd_off/masks/rwtd_149.png|/home/galoren/rwtd_partition_nonsam/outputs/rwtd/stage2_ade_rwtd_off/masks/rwtd_109.png|/home/galoren/rwtd_partition_nonsam/outputs/rwtd/stage2_ade_rwtd_off/masks/rwtd_104.png|/home/galoren/rwtd_partition_nonsam/outputs/rwtd/stage2_ade_rwtd_off/masks/rwtd_134.png|/home/galoren/rwtd_partition_nonsam/outputs/rwtd/stage2_ade_rwtd_off/masks/rwtd_180.png|/home/galoren/rwtd_partition_nonsam/outputs/rwtd/stage2_ade_rwtd_off/masks/rwtd_186.png|/home/galoren/rwtd_partition_nonsam/outputs/rwtd/stage2_ade_rwtd_off/masks/rwtd_15.png|/home/galoren/rwtd_partition_nonsam/outputs/rwtd/stage2_ade_rwtd_off/masks/rwtd_103.png|/home/galoren/rwtd_partition_nonsam/outputs/rwtd/stage2_ade_rwtd_off/masks/rwtd_194.png,/home/galoren/rwtd_partition_nonsam/data/rwtd_kaust256/labels/rwtd_1.png
rwtd_101,aggregated,0.2654507750879361,0.5243868658231778,0.5243868658231778,0.10153973228921384,1,1,union,/home/galoren/rwtd_partition_nonsam/outputs/rwtd/stage2_ade_rwtd_off/masks/rwtd_101.png,/home/galoren/rwtd_partition_nonsam/data/rwtd_kaust256/labels/rwtd_101.png
rwtd_102,aggregated,0.6777213656890125,0.16744445477332445,0.6777213656890125,-0.050211348724336906,0,1,union,/home/galoren/rwtd_partition_nonsam/outputs/rwtd/stage2_ade_rwtd_off/masks/rwtd_102.png,/home/galoren/rwtd_partition_nonsam/data/rwtd_kaust256/labels/rwtd_102.png
rwtd_103,aggregated,0.25393604806578596,0.712145787614553,0.712145787614553,0.07625816047133016,1,1,union,/home/galoren/rwtd_partition_nonsam/outputs/rwtd/stage2_ade_rwtd_off/masks/rwtd_103.png,/home/galoren/rwtd_partition_nonsam/data/rwtd_kaust256/labels/rwtd_103.png
rwtd_104,aggregated,0.009534700437314313,0.9773031338029413,0.9773031338029413,0.7065480490529878,1,1,union,/home/galoren/rwtd_partition_nonsam/outputs/rwtd/stage2_ade_rwtd_off/masks/rwtd_104.png,/home/galoren/rwtd_partition_nonsam/data/rwtd_kaust256/labels/rwtd_104.png
rwtd_106,aggregated,0.13698483551403787,0.8601287659403917,0.8601287659403917,0.08370673960200468,1,1,union,/home/galoren/rwtd_partition_nonsam/outputs/rwtd/stage2_ade_rwtd_off/masks/rwtd_106.png,/home/galoren/rwtd_partition_nonsam/data/rwtd_kaust256/labels/rwtd_106.png
rwtd_107,aggregated,0.5509621849492995,0.32210285106965425,0.5509621849492995,0.05852084640237444,0,1,union,/home/galoren/rwtd_partition_nonsam/outputs/rwtd/stage2_ade_rwtd_off/masks/rwtd_107.png,/home/galoren/rwtd_partition_nonsam/data/rwtd_kaust256/labels/rwtd_107.png
rwtd_109,aggregated,0.3648764570326731,0.5746531499792125,0.5746531499792125,-0.05181375781455796,1,1,union,/home/galoren/rwtd_partition_nonsam/outputs/rwtd/stage2_ade_rwtd_off/masks/rwtd_109.png,/home/galoren/rwtd_partition_nonsam/data/rwtd_kaust256/labels/rwtd_109.png
rwtd_118,aggregated,0.09739217183904511,0.8789633130824956,0.8789633130824956,0.2926236538790497,1,1,union,/home/galoren/rwtd_partition_nonsam/outputs/rwtd/stage2_ade_rwtd_off/masks/rwtd_118.png,/home/galoren/rwtd_partition_nonsam/data/rwtd_kaust256/labels/rwtd_118.png
rwtd_12,aggregated,0.5212110114134755,0.47865634967800824,0.5212110114134755,-2.1569606522141084e-05,0,6,union,/home/galoren/rwtd_partition_nonsam/outputs/rwtd/stage2_ade_rwtd_off/masks/rwtd_12.png|/home/galoren/rwtd_partition_nonsam/outputs/rwtd/stage2_ade_rwtd_off/masks/rwtd_129.png|/home/galoren/rwtd_partition_nonsam/outputs/rwtd/stage2_ade_rwtd_off/masks/rwtd_125.png|/home/galoren/rwtd_partition_nonsam/outputs/rwtd/stage2_ade_rwtd_off/masks/rwtd_121.png|/home/galoren/rwtd_partition_nonsam/outputs/rwtd/stage2_ade_rwtd_off/masks/rwtd_122.png|/home/galoren/rwtd_partition_nonsam/outputs/rwtd/stage2_ade_rwtd_off/masks/rwtd_128.png,/home/galoren/rwtd_partition_nonsam/data/rwtd_kaust256/labels/rwtd_12.png
rwtd_121,aggregated,0.65752300383425,0.11527982401236093,0.65752300383425,-0.0004495680332304732,0,1,union,/home/galoren/rwtd_partition_nonsam/outputs/rwtd/stage2_ade_rwtd_off/masks/rwtd_121.png,/home/galoren/rwtd_partition_nonsam/data/rwtd_kaust256/labels/rwtd_121.png
rwtd_122,aggregated,0.49045402735484667,0.4755704423574475,0.49045402735484667,0.00029309999753809684,0,1,union,/home/galoren/rwtd_partition_nonsam/outputs/rwtd/stage2_ade_rwtd_off/masks/rwtd_122.png,/home/galoren/rwtd_partition_nonsam/data/rwtd_kaust256/labels/rwtd_122.png
rwtd_125,aggregated,0.3023517479631353,0.6665891761194802,0.6665891761194802,-0.0021273739994822002,1,1,union,/home/galoren/rwtd_partition_nonsam/outputs/rwtd/stage2_ade_rwtd_off/masks/rwtd_125.png,/home/galoren/rwtd_partition_nonsam/data/rwtd_kaust256/labels/rwtd_125.png
rwtd_128,aggregated,0.6338067118887417,0.25373781524221434,0.6338067118887417,0.02534698983204698,0,1,union,/home/galoren/rwtd_partition_nonsam/outputs/rwtd/stage2_ade_rwtd_off/masks/rwtd_128.png,/home/galoren/rwtd_partition_nonsam/data/rwtd_kaust256/labels/rwtd_128.png
rwtd_129,aggregated,0.3849531156891759,0.5896700143462827,0.5896700143462827,0.003759316503248833,1,1,union,/home/galoren/rwtd_partition_nonsam/outputs/rwtd/stage2_ade_rwtd_off/masks/rwtd_129.png,/home/galoren/rwtd_partition_nonsam/data/rwtd_kaust256/labels/rwtd_129.png
rwtd_13,aggregated,0.5289699079367182,0.4705541138750259,0.5289699079367182,5.224543964440691e-05,0,3,union,/home/galoren/rwtd_partition_nonsam/outputs/rwtd/stage2_ade_rwtd_off/masks/rwtd_13.png|/home/galoren/rwtd_partition_nonsam/outputs/rwtd/stage2_ade_rwtd_off/masks/rwtd_139.png|/home/galoren/rwtd_partition_nonsam/outputs/rwtd/stage2_ade_rwtd_off/masks/rwtd_134.png,/home/galoren/rwtd_partition_nonsam/data/rwtd_kaust256/labels/rwtd_13.png
rwtd_134,aggregated,0.4995634549415348,0.46963376528547013,0.4995634549415348,-0.0018384642963641996,0,1,union,/home/galoren/rwtd_partition_nonsam/outputs/rwtd/stage2_ade_rwtd_off/masks/rwtd_134.png,/home/galoren/rwtd_partition_nonsam/data/rwtd_kaust256/labels/rwtd_134.png
rwtd_139,aggregated,0.28445826678946884,0.5757475021689553,0.5757475021689553,0.08565746576360411,1,1,union,/home/galoren/rwtd_partition_nonsam/outputs/rwtd/stage2_ade_rwtd_off/masks/rwtd_139.png,/home/galoren/rwtd_partition_nonsam/data/rwtd_kaust256/labels/rwtd_139.png
rwtd_14,aggregated,0.539367675780427,0.46045943676950246,0.539367675780427,-9.386579696719803e-05,0,3,union,/home/galoren/rwtd_partition_nonsam/outputs/rwtd/stage2_ade_rwtd_off/masks/rwtd_14.png|/home/galoren/rwtd_partition_nonsam/outputs/rwtd/stage2_ade_rwtd_off/masks/rwtd_142.png|/home/galoren/rwtd_partition_nonsam/outputs/rwtd/stage2_ade_rwtd_off/masks/rwtd_149.png,/home/galoren/rwtd_partition_nonsam/data/rwtd_kaust256/labels/rwtd_14.png
rwtd_142,aggregated,0.043184949403703765,0.9173679194984617,0.9173679194984617,0.4919567426832332,1,1,union,/home/galoren/rwtd_partition_nonsam/outputs/rwtd/stage2_ade_rwtd_off/masks/rwtd_142.png,/home/galoren/rwtd_partition_nonsam/data/rwtd_kaust256/labels/rwtd_142.png
rwtd_149,aggregated,0.5815015793300696,0.36803565743335237,0.5815015793300696,0.024820292242349166,0,1,union,/home/galoren/rwtd_partition_nonsam/outputs/rwtd/stage2_ade_rwtd_off/masks/rwtd_149.png,/home/galoren/rwtd_partition_nonsam/data/rwtd_kaust256/labels/rwtd_149.png
rwtd_15,aggregated,0.8837042464192635,0.1022847045692506,0.8837042464192635,-0.019416927259930876,0,1,union,/home/galoren/rwtd_partition_nonsam/outputs/rwtd/stage2_ade_rwtd_off/masks/rwtd_15.png,/home/galoren/rwtd_partition_nonsam/data/rwtd_kaust256/labels/rwtd_15.png
rwtd_16,aggregated,0.6448806089241838,0.3502582415050801,0.6448806089241838,0.0053270520609389835,0,1,union,/home/galoren/rwtd_partition_nonsam/outputs/rwtd/stage2_ade_rwtd_off/masks/rwtd_16.png,/home/galoren/rwtd_partition_nonsam/data/rwtd_kaust256/labels/rwtd_16.png
rwtd_17,aggregated,0.7418768981872902,0.2577661084732514,0.7418768981872902,0.00020700211820975402,0,4,union,/home/galoren/rwtd_partition_nonsam/outputs/rwtd/stage2_ade_rwtd_off/masks/rwtd_178.png|/home/galoren/rwtd_partition_nonsam/outputs/rwtd/stage2_ade_rwtd_off/masks/rwtd_175.png|/home/galoren/rwtd_partition_nonsam/outputs/rwtd/stage2_ade_rwtd_off/masks/rwtd_176.png|/home/galoren/rwtd_partition_nonsam/outputs/rwtd/stage2_ade_rwtd_off/masks/rwtd_17.png,/home/galoren/rwtd_partition_nonsam/data/rwtd_kaust256/labels/rwtd_17.png
rwtd_175,aggregated,0.20790620492826117,0.7446226115198944,0.7446226115198944,0.2764760910083288,1,1,union,/home/galoren/rwtd_partition_nonsam/outputs/rwtd/stage2_ade_rwtd_off/masks/rwtd_175.png,/home/galoren/rwtd_partition_nonsam/data/rwtd_kaust256/labels/rwtd_175.png
rwtd_176,aggregated,0.061978756568170236,0.8723055253429988,0.8723055253429988,0.5516313621850994,1,1,union,/home/galoren/rwtd_partition_nonsam/outputs/rwtd/stage2_ade_rwtd_off/masks/rwtd_176.png,/home/galoren/rwtd_partition_nonsam/data/rwtd_kaust256/labels/rwtd_176.png
rwtd_178,aggregated,0.382441447608734,0.5664878531018483,0.5664878531018483,0.019627855340018978,1,1,union,/home/galoren/rwtd_partition_nonsam/outputs/rwtd/stage2_ade_rwtd_off/masks/rwtd_178.png,/home/galoren/rwtd_partition_nonsam/data/rwtd_kaust256/labels/rwtd_178.png
rwtd_18,aggregated,0.24723815917931025,0.7527618408191639,0.7527618408191639,0.0,1,10,union,/home/galoren/rwtd_partition_nonsam/outputs/rwtd/stage2_ade_rwtd_off/masks/rwtd_188.png|/home/galoren/rwtd_partition_nonsam/outputs/rwtd/stage2_ade_rwtd_off/masks/rwtd_181.png|/home/galoren/rwtd_partition_nonsam/outputs/rwtd/stage2_ade_rwtd_off/masks/rwtd_18.png|/home/galoren/rwtd_partition_nonsam/outputs/rwtd/stage2_ade_rwtd_off/masks/rwtd_185.png|/home/galoren/rwtd_partition_nonsam/outputs/rwtd/stage2_ade_rwtd_off/masks/rwtd_183.png|/home/galoren/rwtd_partition_nonsam/outputs/rwtd/stage2_ade_rwtd_off/masks/rwtd_182.png|/home/galoren/rwtd_partition_nonsam/outputs/rwtd/stage2_ade_rwtd_off/masks/rwtd_189.png|/home/galoren/rwtd_partition_nonsam/outputs/rwtd/stage2_ade_rwtd_off/masks/rwtd_184.png|/home/galoren/rwtd_partition_nonsam/outputs/rwtd/stage2_ade_rwtd_off/masks/rwtd_180.png|/home/galoren/rwtd_partition_nonsam/outputs/rwtd/stage2_ade_rwtd_off/masks/rwtd_186.png,/home/galoren/rwtd_partition_nonsam/data/rwtd_kaust256/labels/rwtd_18.png
rwtd_180,aggregated,0.4677997936962607,0.5217888137364931,0.5217888137364931,0.0008140844716611698,1,1,union,/home/galoren/rwtd_partition_nonsam/outputs/rwtd/stage2_ade_rwtd_off/masks/rwtd_180.png,/home/galoren/rwtd_partition_nonsam/data/rwtd_kaust256/labels/rwtd_180.png
rwtd_181,aggregated,0.9860074769192249,0.0,0.9860074769192249,0.0021154061299486653,0,1,union,/home/galoren/rwtd_partition_nonsam/outputs/rwtd/stage2_ade_rwtd_off/masks/rwtd_181.png,/home/galoren/rwtd_partition_nonsam/data/rwtd_kaust256/labels/rwtd_181.png
rwtd_182,aggregated,0.4971611721604134,0.4924940824708912,0.4971611721604134,-0.001059340016962195,0,1,union,/home/galoren/rwtd_partition_nonsam/outputs/rwtd/stage2_ade_rwtd_off/masks/rwtd_182.png,/home/galoren/rwtd_partition_nonsam/data/rwtd_kaust256/labels/rwtd_182.png
rwtd_183,aggregated,0.5479769844774225,0.450267068671926,0.5479769844774225,-0.0009757645710063223,0,1,union,/home/galoren/rwtd_partition_nonsam/outputs/rwtd/stage2_ade_rwtd_off/masks/rwtd_183.png,/home/galoren/rwtd_partition_nonsam/data/rwtd_kaust256/labels/rwtd_183.png
rwtd_184,aggregated,0.998977645531397,0.0,0.998977645531397,0.028926667576402346,0,1,union,/home/galoren/rwtd_partition_nonsam/outputs/rwtd/stage2_ade_rwtd_off/masks/rwtd_184.png,/home/galoren/rwtd_partition_nonsam/data/rwtd_kaust256/labels/rwtd_184.png
rwtd_185,aggregated,0.3946139049183313,0.5979182849144044,0.5979182849144044,0.015999686643379887,1,1,union,/home/galoren/rwtd_partition_nonsam/outputs/rwtd/stage2_ade_rwtd_off/masks/rwtd_185.png,/home/galoren/rwtd_partition_nonsam/data/rwtd_kaust256/labels/rwtd_185.png
rwtd_186,aggregated,0.40615854234130633,0.5758042854517798,0.5758042854517798,-0.01724951120624786,1,1,union,/home/galoren/rwtd_partition_nonsam/outputs/rwtd/stage2_ade_rwtd_off/masks/rwtd_186.png,/home/galoren/rwtd_partition_nonsam/data/rwtd_kaust256/labels/rwtd_186.png
rwtd_188,aggregated,0.4946590978445726,0.5052798632721338,0.5052798632721338,4.762142482524337e-08,1,1,union,/home/galoren/rwtd_partition_nonsam/outputs/rwtd/stage2_ade_rwtd_off/masks/rwtd_188.png,/home/galoren/rwtd_partition_nonsam/data/rwtd_kaust256/labels/rwtd_188.png
rwtd_189,aggregated,0.02471794391644474,0.9518479174248833,0.9518479174248833,0.5630568959079736,1,1,union,/home/galoren/rwtd_partition_nonsam/outputs/rwtd/stage2_ade_rwtd_off/masks/rwtd_189.png,/home/galoren/rwtd_partition_nonsam/data/rwtd_kaust256/labels/rwtd_189.png
rwtd_194,aggregated,0.5095076244710186,0.4888458251945666,0.5095076244710186,0.0002575867802695064,0,1,union,/home/galoren/rwtd_partition_nonsam/outputs/rwtd/stage2_ade_rwtd_off/masks/rwtd_194.png,/home/galoren/rwtd_partition_nonsam/data/rwtd_kaust256/labels/rwtd_194.png
rwtd_197,aggregated,0.6401286491825167,0.33293151855417946,0.6401286491825167,0.08924991635725853,0,1,union,/home/galoren/rwtd_partition_nonsam/outputs/rwtd/stage2_ade_rwtd_off/masks/rwtd_197.png,/home/galoren/rwtd_partition_nonsam/data/rwtd_kaust256/labels/rwtd_197.png
rwtd_2,aggregated,0.45004272460868827,0.5499572753897858,0.5499572753897858,0.0,1,57,union,/home/galoren/rwtd_partition_nonsam/outputs/rwtd/stage2_ade_rwtd_off/masks/rwtd_200.png|/home/galoren/rwtd_partition_nonsam/outputs/rwtd/stage2_ade_rwtd_off/masks/rwtd_224.png|/home/galoren/rwtd_partition_nonsam/outputs/rwtd/stage2_ade_rwtd_off/masks/rwtd_216.png|/home/galoren/rwtd_partition_nonsam/outputs/rwtd/stage2_ade_rwtd_off/masks/rwtd_256.png|/home/galoren/rwtd_partition_nonsam/outputs/rwtd/stage2_ade_rwtd_off/masks/rwtd_263.png|/home/galoren/rwtd_partition_nonsam/outputs/rwtd/stage2_ade_rwtd_off/masks/rwtd_281.png|/home/galoren/rwtd_partition_nonsam/outputs/rwtd/stage2_ade_rwtd_off/masks/rwtd_243.png|/home/galoren/rwtd_partition_nonsam/outputs/rwtd/stage2_ade_rwtd_off/masks/rwtd_221.png|/home/galoren/rwtd_partition_nonsam/outputs/rwtd/stage2_ade_rwtd_off/masks/rwtd_261.png|/home/galoren/rwtd_partition_nonsam/outputs/rwtd/stage2_ade_rwtd_off/masks/rwtd_280.png|/home/galoren/rwtd_partition_nonsam/outputs/rwtd/stage2_ade_rwtd_off/masks/rwtd_202.png|/home/galoren/rwtd_partition_nonsam/outputs/rwtd/stage2_ade_rwtd_off/masks/rwtd_246.png|/home/galoren/rwtd_partition_nonsam/outputs/rwtd/stage2_ade_rwtd_off/masks/rwtd_269.png|/home/galoren/rwtd_partition_nonsam/outputs/rwtd/stage2_ade_rwtd_off/masks/rwtd_219.png|/home/galoren/rwtd_partition_nonsam/outputs/rwtd/stage2_ade_rwtd_off/masks/rwtd_274.png|/home/galoren/rwtd_partition_nonsam/outputs/rwtd/stage2_ade_rwtd_off/masks/rwtd_238.png|/home/galoren/rwtd_partition_nonsam/outputs/rwtd/stage2_ade_rwtd_off/masks/rwtd_28.png|/home/galoren/rwtd_partition_nonsam/outputs/rwtd/stage2_ade_rwtd_off/masks/rwtd_268.png|/home/galoren/rwtd_partition_nonsam/outputs/rwtd/stage2_ade_rwtd_off/masks/rwtd_240.png|/home/galoren/rwtd_partition_nonsam/outputs/rwtd/stage2_ade_rwtd_off/masks/rwtd_207.png|/home/galoren/rwtd_partition_nonsam/outputs/rwtd/stage2_ade_rwtd_off/masks/rwtd_270.png|/home/galoren/rwtd_partition_nonsam/outputs/rwtd/stage2_ade_rwtd_off/masks/rwtd_2.png|/home/galoren/rwtd_partition_nonsam/outputs/rwtd/stage2_ade_rwtd_off/masks/rwtd_265.png|/home/galoren/rwtd_partition_nonsam/outputs/rwtd/stage2_ade_rwtd_off/masks/rwtd_215.png|/home/galoren/rwtd_partition_nonsam/outputs/rwtd/stage2_ade_rwtd_off/masks/rwtd_293.png|/home/galoren/rwtd_partition_nonsam/outputs/rwtd/stage2_ade_rwtd_off/masks/rwtd_253.png|/home/galoren/rwtd_partition_nonsam/outputs/rwtd/stage2_ade_rwtd_off/masks/rwtd_257.png|/home/galoren/rwtd_partition_nonsam/outputs/rwtd/stage2_ade_rwtd_off/masks/rwtd_294.png|/home/galoren/rwtd_partition_nonsam/outputs/rwtd/stage2_ade_rwtd_off/masks/rwtd_27.png|/home/galoren/rwtd_partition_nonsam/outputs/rwtd/stage2_ade_rwtd_off/masks/rwtd_250.png|/home/galoren/rwtd_partition_nonsam/outputs/rwtd/stage2_ade_rwtd_off/masks/rwtd_222.png|/home/galoren/rwtd_partition_nonsam/outputs/rwtd/stage2_ade_rwtd_off/masks/rwtd_201.png|/home/galoren/rwtd_partition_nonsam/outputs/rwtd/stage2_ade_rwtd_off/masks/rwtd_259.png|/home/galoren/rwtd_partition_nonsam/outputs/rwtd/stage2_ade_rwtd_off/masks/rwtd_252.png|/home/galoren/rwtd_partition_nonsam/outputs/rwtd/stage2_ade_rwtd_off/masks/rwtd_262.png|/home/galoren/rwtd_partition_nonsam/outputs/rwtd/stage2_ade_rwtd_off/masks/rwtd_247.png|/home/galoren/rwtd_partition_nonsam/outputs/rwtd/stage2_ade_rwtd_off/masks/rwtd_244.png|/home/galoren/rwtd_partition_nonsam/outputs/rwtd/stage2_ade_rwtd_off/masks/rwtd_299.png|/home/galoren/rwtd_partition_nonsam/outputs/rwtd/stage2_ade_rwtd_off/masks/rwtd_205.png|/home/galoren/rwtd_partition_nonsam/outputs/rwtd/stage2_ade_rwtd_off/masks/rwtd_237.png|/home/galoren/rwtd_partition_nonsam/outputs/rwtd/stage2_ade_rwtd_off/masks/rwtd_228.png|/home/galoren/rwtd_partition_nonsam/outputs/rwtd/stage2_ade_rwtd_off/masks/rwtd_258.png|/home/galoren/rwtd_partition_nonsam/outputs/rwtd/stage2_ade_rwtd_off/masks/rwtd_288.png|/home/galoren/rwtd_partition_nonsam/outputs/rwtd/stage2_ade_rwtd_off/masks/rwtd_260.png|/home/galoren/rwtd_partition_nonsam/outputs/rwtd/stage2_ade_rwtd_off/masks/rwtd_236.png|/home/galoren/rwtd_partition_nonsam/outputs/rwtd/stage2_ade_rwtd_off/masks/rwtd_213.png|/home/galoren/rwtd_partition_nonsam/outputs/rwtd/stage2_ade_rwtd_off/masks/rwtd_229.png|/home/galoren/rwtd_partition_nonsam/outputs/rwtd/stage2_ade_rwtd_off/masks/rwtd_245.png|/home/galoren/rwtd_partition_nonsam/outputs/rwtd/stage2_ade_rwtd_off/masks/rwtd_22.png|/home/galoren/rwtd_partition_nonsam/outputs/rwtd/stage2_ade_rwtd_off/masks/rwtd_254.png|/home/galoren/rwtd_partition_nonsam/outputs/rwtd/stage2_ade_rwtd_off/masks/rwtd_210.png|/home/galoren/rwtd_partition_nonsam/outputs/rwtd/stage2_ade_rwtd_off/masks/rwtd_276.png|/home/galoren/rwtd_partition_nonsam/outputs/rwtd/stage2_ade_rwtd_off/masks/rwtd_25.png|/home/galoren/rwtd_partition_nonsam/outputs/rwtd/stage2_ade_rwtd_off/masks/rwtd_24.png|/home/galoren/rwtd_partition_nonsam/outputs/rwtd/stage2_ade_rwtd_off/masks/rwtd_251.png|/home/galoren/rwtd_partition_nonsam/outputs/rwtd/stage2_ade_rwtd_off/masks/rwtd_214.png|/home/galoren/rwtd_partition_nonsam/outputs/rwtd/stage2_ade_rwtd_off/masks/rwtd_282.png,/home/galoren/rwtd_partition_nonsam/data/rwtd_kaust256/labels/rwtd_2.png
rwtd_200,aggregated,0.2580063495973584,0.72080590784922,0.72080590784922,0.1157756282188446,1,1,union,/home/galoren/rwtd_partition_nonsam/outputs/rwtd/stage2_ade_rwtd_off/masks/rwtd_200.png,/home/galoren/rwtd_partition_nonsam/data/rwtd_kaust256/labels/rwtd_200.png
rwtd_201,aggregated,0.5115348183449269,0.48596370319245585,0.5115348183449269,-0.00024312756721446918,0,1,union,/home/galoren/rwtd_partition_nonsam/outputs/rwtd/stage2_ade_rwtd_off/masks/rwtd_201.png,/home/galoren/rwtd_partition_nonsam/data/rwtd_kaust256/labels/rwtd_201.png
rwtd_202,aggregated,0.30962593976245,0.6838492185095252,0.6838492185095252,0.0018998375910677292,1,1,union,/home/galoren/rwtd_partition_nonsam/outputs/rwtd/stage2_ade_rwtd_off/masks/rwtd_202.png,/home/galoren/rwtd_partition_nonsam/data/rwtd_kaust256/labels/rwtd_202.png
rwtd_205,aggregated,0.446232682304966,0.5467463090959453,0.5467463090959453,0.0018495405041024575,1,1,union,/home/galoren/rwtd_partition_nonsam/outputs/rwtd/stage2_ade_rwtd_off/masks/rwtd_205.png,/home/galoren/rwtd_partition_nonsam/data/rwtd_kaust256/labels/rwtd_205.png
rwtd_207,aggregated,0.519822914280559,0.4789879996935275,0.519822914280559,-0.00021135335513402747,0,1,union,/home/galoren/rwtd_partition_nonsam/outputs/rwtd/stage2_ade_rwtd_off/masks/rwtd_207.png,/home/galoren/rwtd_partition_nonsam/data/rwtd_kaust256/labels/rwtd_207.png
rwtd_210,aggregated,0.45828379720785906,0.49546634149314406,0.49546634149314406,-0.005752248026702946,1,1,union,/home/galoren/rwtd_partition_nonsam/outputs/rwtd/stage2_ade_rwtd_off/masks/rwtd_210.png,/home/galoren/rwtd_partition_nonsam/data/rwtd_kaust256/labels/rwtd_210.png
rwtd_213,aggregated,0.3810599240071703,0.5991750790405893,0.5991750790405893,0.04141348057674684,1,1,union,/home/galoren/rwtd_partition_nonsam/outputs/rwtd/stage2_ade_rwtd_off/masks/rwtd_213.png,/home/galoren/rwtd_partition_nonsam/data/rwtd_kaust256/labels/rwtd_213.png
rwtd_214,aggregated,0.42385673660683443,0.5579522894139256,0.5579522894139256,0.013056531828822075,1,1,union,/home/galoren/rwtd_partition_nonsam/outputs/rwtd/stage2_ade_rwtd_off/masks/rwtd_214.png,/home/galoren/rwtd_partition_nonsam/data/rwtd_kaust256/labels/rwtd_214.png
rwtd_215,aggregated,0.4030567752391979,0.5879098679089543,0.5879098679089543,0.01322099739655623,1,1,union,/home/galoren/rwtd_partition_nonsam/outputs/rwtd/stage2_ade_rwtd_off/masks/rwtd_215.png,/home/galoren/rwtd_partition_nonsam/data/rwtd_kaust256/labels/rwtd_215.png
rwtd_216,aggregated,0.4494347646503045,0.5077474175266449,0.5077474175266449,0.0068073550161968305,1,1,union,/home/galoren/rwtd_partition_nonsam/outputs/rwtd/stage2_ade_rwtd_off/masks/rwtd_216.png,/home/galoren/rwtd_partition_nonsam/data/rwtd_kaust256/labels/rwtd_216.png
rwtd_219,aggregated,0.4598808796572085,0.5382908389695169,0.5382908389695169,0.0007399437408945123,1,1,union,/home/galoren/rwtd_partition_nonsam/outputs/rwtd/stage2_ade_rwtd_off/masks/rwtd_219.png,/home/galoren/rwtd_partition_nonsam/data/rwtd_kaust256/labels/rwtd_219.png
rwtd_22,aggregated,0.45057376548792866,0.5493927001944742,0.5493927001944742,-2.1962715518632507e-05,1,6,union,/home/galoren/rwtd_partition_nonsam/outputs/rwtd/stage2_ade_rwtd_off/masks/rwtd_224.png|/home/galoren/rwtd_partition_nonsam/outputs/rwtd/stage2_ade_rwtd_off/masks/rwtd_221.png|/home/galoren/rwtd_partition_nonsam/outputs/rwtd/stage2_ade_rwtd_off/masks/rwtd_222.png|/home/galoren/rwtd_partition_nonsam/outputs/rwtd/stage2_ade_rwtd_off/masks/rwtd_228.png|/home/galoren/rwtd_partition_nonsam/outputs/rwtd/stage2_ade_rwtd_off/masks/rwtd_229.png|/home/galoren/rwtd_partition_nonsam/outputs/rwtd/stage2_ade_rwtd_off/masks/rwtd_22.png,/home/galoren/rwtd_partition_nonsam/data/rwtd_kaust256/labels/rwtd_22.png
rwtd_221,aggregated,0.43589000122018695,0.5242765326841982,0.5242765326841982,0.015370359466670234,1,1,union,/home/galoren/rwtd_partition_nonsam/outputs/rwtd/stage2_ade_rwtd_off/masks/rwtd_221.png,/home/galoren/rwtd_partition_nonsam/data/rwtd_kaust256/labels/rwtd_221.png
rwtd_222,aggregated,0.23869463869425497,0.7177743623170513,0.7177743623170513,0.00253004234952196,1,1,union,/home/galoren/rwtd_partition_nonsam/outputs/rwtd/stage2_ade_rwtd_off/masks/rwtd_222.png,/home/galoren/rwtd_partition_nonsam/data/rwtd_kaust256/labels/rwtd_222.png
rwtd_224,aggregated,0.4789378584327458,0.4916060744059996,0.4916060744059996,8.853435569196249e-06,1,1,union,/home/galoren/rwtd_partition_nonsam/outputs/rwtd/stage2_ade_rwtd_off/masks/rwtd_224.png,/home/galoren/rwtd_partition_nonsam/data/rwtd_kaust256/labels/rwtd_224.png
rwtd_228,aggregated,0.9569140881892951,0.006290005703773544,0.9569140881892951,0.08256352752644958,0,1,union,/home/galoren/rwtd_partition_nonsam/outputs/rwtd/stage2_ade_rwtd_off/masks/rwtd_228.png,/home/galoren/rwtd_partition_nonsam/data/rwtd_kaust256/labels/rwtd_228.png
rwtd_229,aggregated,0.4286182874630149,0.5581210798593585,0.5581210798593585,-0.010663638313877859,1,1,union,/home/galoren/rwtd_partition_nonsam/outputs/rwtd/stage2_ade_rwtd_off/masks/rwtd_229.png,/home/galoren/rwtd_partition_nonsam/data/rwtd_kaust256/labels/rwtd_229.png
rwtd_236,aggregated,0.528337358235979,0.4685680132402554,0.528337358235979,-0.0005528573444862021,0,1,union,/home/galoren/rwtd_partition_nonsam/outputs/rwtd/stage2_ade_rwtd_off/masks/rwtd_236.png,/home/galoren/rwtd_partition_nonsam/data/rwtd_kaust256/labels/rwtd_236.png
rwtd_237,aggregated,0.5157688360615195,0.48039335824937135,0.5157688360615195,3.094946451587587e-05,0,1,union,/home/galoren/rwtd_partition_nonsam/outputs/rwtd/stage2_ade_rwtd_off/masks/rwtd_237.png,/home/galoren/rwtd_partition_nonsam/data/rwtd_kaust256/labels/rwtd_237.png
rwtd_238,aggregated,0.45056124639567785,0.5458909135371378,0.5458909135371378,-0.0009444030639910106,1,1,union,/home/galoren/rwtd_partition_nonsam/outputs/rwtd/stage2_ade_rwtd_off/masks/rwtd_238.png,/home/galoren/rwtd_partition_nonsam/data/rwtd_kaust256/labels/rwtd_238.png
rwtd_24,aggregated,0.17083740234348932,0.8291625976549848,0.8291625976549848,0.0,1,7,union,/home/galoren/rwtd_partition_nonsam/outputs/rwtd/stage2_ade_rwtd_off/masks/rwtd_243.png|/home/galoren/rwtd_partition_nonsam/outputs/rwtd/stage2_ade_rwtd_off/masks/rwtd_246.png|/home/galoren/rwtd_partition_nonsam/outputs/rwtd/stage2_ade_rwtd_off/masks/rwtd_240.png|/home/galoren/rwtd_partition_nonsam/outputs/rwtd/stage2_ade_rwtd_off/masks/rwtd_247.png|/home/galoren/rwtd_partition_nonsam/outputs/rwtd/stage2_ade_rwtd_off/masks/rwtd_244.png|/home/galoren/rwtd_partition_nonsam/outputs/rwtd/stage2_ade_rwtd_off/masks/rwtd_245.png|/home/galoren/rwtd_partition_nonsam/outputs/rwtd/stage2_ade_rwtd_off/masks/rwtd_24.png,/home/galoren/rwtd_partition_nonsam/data/rwtd_kaust256/labels/rwtd_24.png
rwtd_240,aggregated,0.5691502350275179,0.42460745904860936,0.5691502350275179,-0.005307547572083346,0,1,union,/home/galoren/rwtd_partition_nonsam/outputs/rwtd/stage2_ade_rwtd_off/masks/rwtd_240.png,/home/galoren/rwtd_partition_nonsam/data/rwtd_kaust256/labels/rwtd_240.png
rwtd_243,aggregated,0.025276774076415588,0.8966014055406909,0.8966014055406909,0.3848656516880602,1,1,union,/home/galoren/rwtd_partition_nonsam/outputs/rwtd/stage2_ade_rwtd_off/masks/rwtd_243.png,/home/galoren/rwtd_partition_nonsam/data/rwtd_kaust256/labels/rwtd_243.png
rwtd_244,aggregated,0.25975639601600226,0.5848378309885581,0.5848378309885581,-0.03997143400194048,1,1,union,/home/galoren/rwtd_partition_nonsam/outputs/rwtd/stage2_ade_rwtd_off/masks/rwtd_244.png,/home/galoren/rwtd_partition_nonsam/data/rwtd_kaust256/labels/rwtd_244.png
rwtd_245,aggregated,0.3636516419610036,0.5702838685623792,0.5702838685623792,-0.03447808351592729,1,1,union,/home/galoren/rwtd_partition_nonsam/outputs/rwtd/stage2_ade_rwtd_off/masks/rwtd_245.png,/home/galoren/rwtd_partition_nonsam/data/rwtd_kaust256/labels/rwtd_245.png
rwtd_246,aggregated,0.4748378233984968,0.523845942059219,0.523845942059219,0.0004240846769786121,1,1,union,/home/galoren/rwtd_partition_nonsam/outputs/rwtd/stage2_ade_rwtd_off/masks/rwtd_246.png,/home/galoren/rwtd_partition_nonsam/data/rwtd_kaust256/labels/rwtd_246.png
rwtd_247,aggregated,0.5739834182192323,0.392012989996489,0.5739834182192323,0.04122767526003653,0,1,union,/home/galoren/rwtd_partition_nonsam/outputs/rwtd/stage2_ade_rwtd_off/masks/rwtd_247.png,/home/galoren/rwtd_partition_nonsam/data/rwtd_kaust256/labels/rwtd_247.png
rwtd_25,aggregated,0.3892974853509685,0.6107025146475057,0.6107025146475057,0.0,1,10,union,/home/galoren/rwtd_partition_nonsam/outputs/rwtd/stage2_ade_rwtd_off/masks/rwtd_256.png|/home/galoren/rwtd_partition_nonsam/outputs/rwtd/stage2_ade_rwtd_off/masks/rwtd_253.png|/home/galoren/rwtd_partition_nonsam/outputs/rwtd/stage2_ade_rwtd_off/masks/rwtd_257.png|/home/galoren/rwtd_partition_nonsam/outputs/rwtd/stage2_ade_rwtd_off/masks/rwtd_250.png|/home/galoren/rwtd_partition_nonsam/outputs/rwtd/stage2_ade_rwtd_off/masks/rwtd_259.png|/home/galoren/rwtd_partition_nonsam/outputs/rwtd/stage2_ade_rwtd_off/masks/rwtd_252.png|/home/galoren/rwtd_partition_nonsam/outputs/rwtd/stage2_ade_rwtd_off/masks/rwtd_258.png|/home/galoren/rwtd_partition_nonsam/outputs/rwtd/stage2_ade_rwtd_off/masks/rwtd_254.png|/home/galoren/rwtd_partition_nonsam/outputs/rwtd/stage2_ade_rwtd_off/masks/rwtd_25.png|/home/galoren/rwtd_partition_nonsam/outputs/rwtd/stage2_ade_rwtd_off/masks/rwtd_251.png,/home/galoren/rwtd_partition_nonsam/data/rwtd_kaust256/labels/rwtd_25.png
rwtd_250,aggregated,0.2102012879939486,0.747852226339053,0.747852226339053,0.24239774946496076,1,1,union,/home/galoren/rwtd_partition_nonsam/outputs/rwtd/stage2_ade_rwtd_off/masks/rwtd_250.png,/home/galoren/rwtd_partition_nonsam/data/rwtd_kaust256/labels/rwtd_250.png
rwtd_251,aggregated,0.4971730116841042,0.4831626989014383,0.4971730116841042,0.0003765791034853654,0,1,union,/home/galoren/rwtd_partition_nonsam/outputs/rwtd/stage2_ade_rwtd_off/masks/rwtd_251.png,/home/galoren/rwtd_partition_nonsam/data/rwtd_kaust256/labels/rwtd_251.png
rwtd_252,aggregated,0.1863742662884877,0.8013476759453575,0.8013476759453575,-0.012436994636169282,1,1,union,/home/galoren/rwtd_partition_nonsam/outputs/rwtd/stage2_ade_rwtd_off/masks/rwtd_252.png,/home/galoren/rwtd_partition_nonsam/data/rwtd_kaust256/labels/rwtd_252.png
rwtd_253,aggregated,0.5708283680133058,0.42169884169819044,0.5708283680133058,-0.005321594033731171,0,1,union,/home/galoren/rwtd_partition_nonsam/outputs/rwtd/stage2_ade_rwtd_off/masks/rwtd_253.png,/home/galoren/rwtd_partition_nonsam/data/rwtd_kaust256/labels/rwtd_253.png
rwtd_254,aggregated,0.401005685638563,0.5798178599330455,0.5798178599330455,0.028189066298267056,1,1,union,/home/galoren/rwtd_partition_nonsam/outputs/rwtd/stage2_ade_rwtd_off/masks/rwtd_254.png,/home/galoren/rwtd_partition_nonsam/data/rwtd_kaust256/labels/rwtd_254.png
rwtd_256,aggregated,0.5017475313250687,0.497785921513975,0.5017475313250687,-7.915360796802856e-06,0,1,union,/home/galoren/rwtd_partition_nonsam/outputs/rwtd/stage2_ade_rwtd_off/masks/rwtd_256.png,/home/galoren/rwtd_partition_nonsam/data/rwtd_kaust256/labels/rwtd_256.png
rwtd_257,aggregated,0.36780940423455805,0.6284326345460518,0.6284326345460518,0.003112697100902682,1,1,union,/home/galoren/rwtd_partition_nonsam/outputs/rwtd/stage2_ade_rwtd_off/masks/rwtd_257.png,/home/galoren/rwtd_partition_nonsam/data/rwtd_kaust256/labels/rwtd_257.png
rwtd_258,aggregated,0.5278256756130074,0.4699771706981017,0.5278256756130074,-0.0009066791272734894,0,1,union,/home/galoren/rwtd_partition_nonsam/outputs/rwtd/stage2_ade_rwtd_off/masks/rwtd_258.png,/home/galoren/rwtd_partition_nonsam/data/rwtd_kaust256/labels/rwtd_258.png
rwtd_259,aggregated,0.2830806605364816,0.7078698553937895,0.7078698553937895,0.025247962638001116,1,1,union,/home/galoren/rwtd_partition_nonsam/outputs/rwtd/stage2_ade_rwtd_off/masks/rwtd_259.png,/home/galoren/rwtd_partition_nonsam/data/rwtd_kaust256/labels/rwtd_259.png
rwtd_260,aggregated,0.19723510742157405,0.7118783853047904,0.7118783853047904,0.36660247816739616,1,1,union,/home/galoren/rwtd_partition_nonsam/outputs/rwtd/stage2_ade_rwtd_off/masks/rwtd_260.png,/home/galoren/rwtd_partition_nonsam/data/rwtd_kaust256/labels/rwtd_260.png
rwtd_261,aggregated,0.5586442852552143,0.4341924425151965,0.5586442852552143,-0.004716716341411274,0,1,union,/home/galoren/rwtd_partition_nonsam/outputs/rwtd/stage2_ade_rwtd_off/masks/rwtd_261.png,/home/galoren/rwtd_partition_nonsam/data/rwtd_kaust256/labels/rwtd_261.png
rwtd_262,aggregated,0.5635972328969046,0.4321874570098709,0.5635972328969046,0.003505175660154613,0,1,union,/home/galoren/rwtd_partition_nonsam/outputs/rwtd/stage2_ade_rwtd_off/masks/rwtd_262.png,/home/galoren/rwtd_partition_nonsam/data/rwtd_kaust256/labels/rwtd_262.png
rwtd_263,aggregated,0.4610313305958444,0.5327488635301161,0.5327488635301161,0.003520967469937633,1,1,union,/home/galoren/rwtd_partition_nonsam/outputs/rwtd/stage2_ade_rwtd_off/masks/rwtd_263.png,/home/galoren/rwtd_partition_nonsam/data/rwtd_kaust256/labels/rwtd_263.png
rwtd_265,aggregated,0.17677845878352597,0.7174925068542862,0.7174925068542862,0.04895762600540109,1,1,union,/home/galoren/rwtd_partition_nonsam/outputs/rwtd/stage2_ade_rwtd_off/masks/rwtd_265.png,/home/galoren/rwtd_partition_nonsam/data/rwtd_kaust256/labels/rwtd_265.png
rwtd_268,aggregated,0.3610125420612404,0.5831827511787807,0.5831827511787807,0.07539707003382028,1,1,union,/home/galoren/rwtd_partition_nonsam/outputs/rwtd/stage2_ade_rwtd_off/masks/rwtd_268.png,/home/galoren/rwtd_partition_nonsam/data/rwtd_kaust256/labels/rwtd_268.png
rwtd_269,aggregated,0.5311577717650467,0.46431301794981145,0.5311577717650467,0.0014814594749972515,0,1,union,/home/galoren/rwtd_partition_nonsam/outputs/rwtd/stage2_ade_rwtd_off/masks/rwtd_269.png,/home/galoren/rwtd_partition_nonsam/data/rwtd_kaust256/labels/rwtd_269.png
rwtd_27,aggregated,0.36865557759748413,0.6312866210927868,0.6312866210927868,-7.61717456704449e-05,1,4,union,/home/galoren/rwtd_partition_nonsam/outputs/rwtd/stage2_ade_rwtd_off/masks/rwtd_274.png|/home/galoren/rwtd_partition_nonsam/outputs/rwtd/stage2_ade_rwtd_off/masks/rwtd_270.png|/home/galoren/rwtd_partition_nonsam/outputs/rwtd/stage2_ade_rwtd_off/masks/rwtd_27.png|/home/galoren/rwtd_partition_nonsam/outputs/rwtd/stage2_ade_rwtd_off/masks/rwtd_276.png,/home/galoren/rwtd_partition_nonsam/data/rwtd_kaust256/labels/rwtd_27.png
rwtd_270,aggregated,0.6321568870044972,0.3493431407683627,0.6321568870044972,0.0028593257460533617,0,1,union,/home/galoren/rwtd_partition_nonsam/outputs/rwtd/stage2_ade_rwtd_off/masks/rwtd_270.png,/home/galoren/rwtd_partition_nonsam/data/rwtd_kaust256/labels/rwtd_270.png
rwtd_274,aggregated,0.5567872957694964,0.4417260466674184,0.5567872957694964,-0.0005027852980267202,0,1,union,/home/galoren/rwtd_partition_nonsam/outputs/rwtd/stage2_ade_rwtd_off/masks/rwtd_274.png,/home/galoren/rwtd_partition_nonsam/data/rwtd_kaust256/labels/rwtd_274.png
rwtd_276,aggregated,0.18725049309635147,0.7487102321568703,0.7487102321568703,0.2935717087927349,1,1,union,/home/galoren/rwtd_partition_nonsam/outputs/rwtd/stage2_ade_rwtd_off/masks/rwtd_276.png,/home/galoren/rwtd_partition_nonsam/data/rwtd_kaust256/labels/rwtd_276.png
rwtd_28,aggregated,0.5013275146476726,0.49867248535080155,0.5013275146476726,0.0,0,5,union,/home/galoren/rwtd_partition_nonsam/outputs/rwtd/stage2_ade_rwtd_off/masks/rwtd_281.png|/home/galoren/rwtd_partition_nonsam/outputs/rwtd/stage2_ade_rwtd_off/masks/rwtd_280.png|/home/galoren/rwtd_partition_nonsam/outputs/rwtd/stage2_ade_rwtd_off/masks/rwtd_28.png|/home/galoren/rwtd_partition_nonsam/outputs/rwtd/stage2_ade_rwtd_off/masks/rwtd_288.png|/home/galoren/rwtd_partition_nonsam/outputs/rwtd/stage2_ade_rwtd_off/masks/rwtd_282.png,/home/galoren/rwtd_partition_nonsam/data/rwtd_kaust256/labels/rwtd_28.png
rwtd_280,aggregated,0.42054054053987194,0.5452299802999512,0.5452299802999512,-0.0033512260121038523,1,1,union,/home/galoren/rwtd_partition_nonsam/outputs/rwtd/stage2_ade_rwtd_off/masks/rwtd_280.png,/home/galoren/rwtd_partition_nonsam/data/rwtd_kaust256/labels/rwtd_280.png
rwtd_281,aggregated,0.4702434917749154,0.4906003073715159,0.4906003073715159,-0.0045916226981025975,1,1,union,/home/galoren/rwtd_partition_nonsam/outputs/rwtd/stage2_ade_rwtd_off/masks/rwtd_281.png,/home/galoren/rwtd_partition_nonsam/data/rwtd_kaust256/labels/rwtd_281.png
rwtd_282,aggregated,0.14614663819698284,0.7749762561603388,0.7749762561603388,0.48464981797438716,1,1,union,/home/galoren/rwtd_partition_nonsam/outputs/rwtd/stage2_ade_rwtd_off/masks/rwtd_282.png,/home/galoren/rwtd_partition_nonsam/data/rwtd_kaust256/labels/rwtd_282.png
rwtd_288,aggregated,0.6046848771545785,0.39432702153287436,0.6046848771545785,-0.0009937357354406983,0,1,union,/home/galoren/rwtd_partition_nonsam/outputs/rwtd/stage2_ade_rwtd_off/masks/rwtd_288.png,/home/galoren/rwtd_partition_nonsam/data/rwtd_kaust256/labels/rwtd_288.png
rwtd_293,aggregated,0.14832118607090836,0.834300727071494,0.834300727071494,-0.020602370727628723,1,1,union,/home/galoren/rwtd_partition_nonsam/outputs/rwtd/stage2_ade_rwtd_off/masks/rwtd_293.png,/home/galoren/rwtd_partition_nonsam/data/rwtd_kaust256/labels/rwtd_293.png
rwtd_294,aggregated,0.5584211256951791,0.43040572865961324,0.5584211256951791,0.0011510561325048959,0,1,union,/home/galoren/rwtd_partition_nonsam/outputs/rwtd/stage2_ade_rwtd_off/masks/rwtd_294.png,/home/galoren/rwtd_partition_nonsam/data/rwtd_kaust256/labels/rwtd_294.png
rwtd_299,aggregated,0.5356285412456615,0.4300049940688713,0.5356285412456615,0.00993921497788891,0,1,union,/home/galoren/rwtd_partition_nonsam/outputs/rwtd/stage2_ade_rwtd_off/masks/rwtd_299.png,/home/galoren/rwtd_partition_nonsam/data/rwtd_kaust256/labels/rwtd_299.png
rwtd_3,aggregated,0.611740112303754,0.3882598876947201,0.611740112303754,0.0,0,70,union,/home/galoren/rwtd_partition_nonsam/outputs/rwtd/stage2_ade_rwtd_off/masks/rwtd_398.png|/home/galoren/rwtd_partition_nonsam/outputs/rwtd/stage2_ade_rwtd_off/masks/rwtd_391.png|/home/galoren/rwtd_partition_nonsam/outputs/rwtd/stage2_ade_rwtd_off/masks/rwtd_33.png|/home/galoren/rwtd_partition_nonsam/outputs/rwtd/stage2_ade_rwtd_off/masks/rwtd_331.png|/home/galoren/rwtd_partition_nonsam/outputs/rwtd/stage2_ade_rwtd_off/masks/rwtd_358.png|/home/galoren/rwtd_partition_nonsam/outputs/rwtd/stage2_ade_rwtd_off/masks/rwtd_352.png|/home/galoren/rwtd_partition_nonsam/outputs/rwtd/stage2_ade_rwtd_off/masks/rwtd_344.png|/home/galoren/rwtd_partition_nonsam/outputs/rwtd/stage2_ade_rwtd_off/masks/rwtd_325.png|/home/galoren/rwtd_partition_nonsam/outputs/rwtd/stage2_ade_rwtd_off/masks/rwtd_332.png|/home/galoren/rwtd_partition_nonsam/outputs/rwtd/stage2_ade_rwtd_off/masks/rwtd_337.png|/home/galoren/rwtd_partition_nonsam/outputs/rwtd/stage2_ade_rwtd_off/masks/rwtd_334.png|/home/galoren/rwtd_partition_nonsam/outputs/rwtd/stage2_ade_rwtd_off/masks/rwtd_318.png|/home/galoren/rwtd_partition_nonsam/outputs/rwtd/stage2_ade_rwtd_off/masks/rwtd_374.png|/home/galoren/rwtd_partition_nonsam/outputs/rwtd/stage2_ade_rwtd_off/masks/rwtd_357.png|/home/galoren/rwtd_partition_nonsam/outputs/rwtd/stage2_ade_rwtd_off/masks/rwtd_399.png|/home/galoren/rwtd_partition_nonsam/outputs/rwtd/stage2_ade_rwtd_off/masks/rwtd_36.png|/home/galoren/rwtd_partition_nonsam/outputs/rwtd/stage2_ade_rwtd_off/masks/rwtd_380.png|/home/galoren/rwtd_partition_nonsam/outputs/rwtd/stage2_ade_rwtd_off/masks/rwtd_373.png|/home/galoren/rwtd_partition_nonsam/outputs/rwtd/stage2_ade_rwtd_off/masks/rwtd_3.png|/home/galoren/rwtd_partition_nonsam/outputs/rwtd/stage2_ade_rwtd_off/masks/rwtd_388.png|/home/galoren/rwtd_partition_nonsam/outputs/rwtd/stage2_ade_rwtd_off/masks/rwtd_319.png|/home/galoren/rwtd_partition_nonsam/outputs/rwtd/stage2_ade_rwtd_off/masks/rwtd_383.png|/home/galoren/rwtd_partition_nonsam/outputs/rwtd/stage2_ade_rwtd_off/masks/rwtd_371.png|/home/galoren/rwtd_partition_nonsam/outputs/rwtd/stage2_ade_rwtd_off/masks/rwtd_315.png|/home/galoren/rwtd_partition_nonsam/outputs/rwtd/stage2_ade_rwtd_off/masks/rwtd_323.png|/home/galoren/rwtd_partition_nonsam/outputs/rwtd/stage2_ade_rwtd_off/masks/rwtd_364.png|/home/galoren/rwtd_partition_nonsam/outputs/rwtd/stage2_ade_rwtd_off/masks/rwtd_363.png|/home/galoren/rwtd_partition_nonsam/outputs/rwtd/stage2_ade_rwtd_off/masks/rwtd_387.png|/home/galoren/rwtd_partition_nonsam/outputs/rwtd/stage2_ade_rwtd_off/masks/rwtd_303.png|/home/galoren/rwtd_partition_nonsam/outputs/rwtd/stage2_ade_rwtd_off/masks/rwtd_311.png|/home/galoren/rwtd_partition_nonsam/outputs/rwtd/stage2_ade_rwtd_off/masks/rwtd_349.png|/home/galoren/rwtd_partition_nonsam/outputs/rwtd/stage2_ade_rwtd_off/masks/rwtd_322.png|/home/galoren/rwtd_partition_nonsam/outputs/rwtd/stage2_ade_rwtd_off/masks/rwtd_367.png|/home/galoren/rwtd_partition_nonsam/outputs/rwtd/stage2_ade_rwtd_off/masks/rwtd_329.png|/home/galoren/rwtd_partition_nonsam/outputs/rwtd/stage2_ade_rwtd_off/masks/rwtd_395.png|/home/galoren/rwtd_partition_nonsam/outputs/rwtd/stage2_ade_rwtd_off/masks/rwtd_351.png|/home/galoren/rwtd_partition_nonsam/outputs/rwtd/stage2_ade_rwtd_off/masks/rwtd_376.png|/home/galoren/rwtd_partition_nonsam/outputs/rwtd/stage2_ade_rwtd_off/masks/rwtd_39.png|/home/galoren/rwtd_partition_nonsam/outputs/rwtd/stage2_ade_rwtd_off/masks/rwtd_377.png|/home/galoren/rwtd_partition_nonsam/outputs/rwtd/stage2_ade_rwtd_off/masks/rwtd_300.png|/home/galoren/rwtd_partition_nonsam/outputs/rwtd/stage2_ade_rwtd_off/masks/rwtd_342.png|/home/galoren/rwtd_partition_nonsam/outputs/rwtd/stage2_ade_rwtd_off/masks/rwtd_393.png|/home/galoren/rwtd_partition_nonsam/outputs/rwtd/stage2_ade_rwtd_off/masks/rwtd_362.png|/home/galoren/rwtd_partition_nonsam/outputs/rwtd/stage2_ade_rwtd_off/masks/rwtd_302.png|/home/galoren/rwtd_partition_nonsam/outputs/rwtd/stage2_ade_rwtd_off/masks/rwtd_378.png|/home/galoren/rwtd_partition_nonsam/outputs/rwtd/stage2_ade_rwtd_off/masks/rwtd_34.png|/home/galoren/rwtd_partition_nonsam/outputs/rwtd/stage2_ade_rwtd_off/masks/rwtd_382.png|/home/galoren/rwtd_partition_nonsam/outputs/rwtd/stage2_ade_rwtd_off/masks/rwtd_397.png|/home/galoren/rwtd_partition_nonsam/outputs/rwtd/stage2_ade_rwtd_off/masks/rwtd_394.png|/home/galoren/rwtd_partition_nonsam/outputs/rwtd/stage2_ade_rwtd_off/masks/rwtd_321.png|/home/galoren/rwtd_partition_nonsam/outputs/rwtd/stage2_ade_rwtd_off/masks/rwtd_359.png|/home/galoren/rwtd_partition_nonsam/outputs/rwtd/stage2_ade_rwtd_off/masks/rwtd_310.png|/home/galoren/rwtd_partition_nonsam/outputs/rwtd/stage2_ade_rwtd_off/masks/rwtd_38.png|/home/galoren/rwtd_partition_nonsam/outputs/rwtd/stage2_ade_rwtd_off/masks/rwtd_365.png|/home/galoren/rwtd_partition_nonsam/outputs/rwtd/stage2_ade_rwtd_off/masks/rwtd_328.png|/home/galoren/rwtd_partition_nonsam/outputs/rwtd/stage2_ade_rwtd_off/masks/rwtd_327.png|/home/galoren/rwtd_partition_nonsam/outputs/rwtd/stage2_ade_rwtd_off/masks/rwtd_30.png|/home/galoren/rwtd_partition_nonsam/outputs/rwtd/stage2_ade_rwtd_off/masks/rwtd_330.png|/home/galoren/rwtd_partition_nonsam/outputs/rwtd/stage2_ade_rwtd_off/masks/rwtd_350.png|/home/galoren/rwtd_partition_nonsam/outputs/rwtd/stage2_ade_rwtd_off/masks/rwtd_343.png|/home/galoren/rwtd_partition_nonsam/outputs/rwtd/stage2_ade_rwtd_off/masks/rwtd_347.png|/home/galoren/rwtd_partition_nonsam/outputs/rwtd/stage2_ade_rwtd_off/masks/rwtd_392.png|/home/galoren/rwtd_partition_nonsam/outputs/rwtd/stage2_ade_rwtd_off/masks/rwtd_348.png|/home/galoren/rwtd_partition_nonsam/outputs/rwtd/stage2_ade_rwtd_off/masks/rwtd_345.png|/home/galoren/rwtd_partition_nonsam/outputs/rwtd/stage2_ade_rwtd_off/masks/rwtd_346.png|/home/galoren/rwtd_partition_nonsam/outputs/rwtd/stage2_ade_rwtd_off/masks/rwtd_366.png|/home/galoren/rwtd_partition_nonsam/outputs/rwtd/stage2_ade_rwtd_off/masks/rwtd_324.png|/home/galoren/rwtd_partition_nonsam/outputs/rwtd/stage2_ade_rwtd_off/masks/rwtd_308.png|/home/galoren/rwtd_partition_nonsam/outputs/rwtd/stage2_ade_rwtd_off/masks/rwtd_304.png|/home/galoren/rwtd_partition_nonsam/outputs/rwtd/stage2_ade_rwtd_off/masks/rwtd_389.png,/home/galoren/rwtd_partition_nonsam/data/rwtd_kaust256/labels/rwtd_3.png
rwtd_30,aggregated,0.45405578613211967,0.5459442138663545,0.5459442138663545,0.0,1,6,union,/home/galoren/rwtd_partition_nonsam/outputs/rwtd/stage2_ade_rwtd_off/masks/rwtd_303.png|/home/galoren/rwtd_partition_nonsam/outputs/rwtd/stage2_ade_rwtd_off/masks/rwtd_300.png|/home/galoren/rwtd_partition_nonsam/outputs/rwtd/stage2_ade_rwtd_off/masks/rwtd_302.png|/home/galoren/rwtd_partition_nonsam/outputs/rwtd/stage2_ade_rwtd_off/masks/rwtd_30.png|/home/galoren/rwtd_partition_nonsam/outputs/rwtd/stage2_ade_rwtd_off/masks/rwtd_308.png|/home/galoren/rwtd_partition_nonsam/outputs/rwtd/stage2_ade_rwtd_off/masks/rwtd_304.png,/home/galoren/rwtd_partition_nonsam/data/rwtd_kaust256/labels/rwtd_30.png
rwtd_300,aggregated,0.5314914072450486,0.45172246482219447,0.5314914072450486,-0.0052110948865347435,0,1,union,/home/galoren/rwtd_partition_nonsam/outputs/rwtd/stage2_ade_rwtd_off/masks/rwtd_300.png,/home/galoren/rwtd_partition_nonsam/data/rwtd_kaust256/labels/rwtd_300.png
rwtd_302,aggregated,0.44309199882833905,0.5462881489363123,0.5462881489363123,0.0015972159455864515,1,1,union,/home/galoren/rwtd_partition_nonsam/outputs/rwtd/stage2_ade_rwtd_off/masks/rwtd_302.png,/home/galoren/rwtd_partition_nonsam/data/rwtd_kaust256/labels/rwtd_302.png
rwtd_303,aggregated,0.3581368440797452,0.6238169862330633,0.6238169862330633,-0.009443717062497697,1,1,union,/home/galoren/rwtd_partition_nonsam/outputs/rwtd/stage2_ade_rwtd_off/masks/rwtd_303.png,/home/galoren/rwtd_partition_nonsam/data/rwtd_kaust256/labels/rwtd_303.png
rwtd_304,aggregated,0.2642738852513283,0.7191361877407328,0.7191361877407328,0.04837697527771341,1,1,union,/home/galoren/rwtd_partition_nonsam/outputs/rwtd/stage2_ade_rwtd_off/masks/rwtd_304.png,/home/galoren/rwtd_partition_nonsam/data/rwtd_kaust256/labels/rwtd_304.png
rwtd_308,aggregated,0.8112271455514164,0.13969180704418757,0.8112271455514164,0.24213511324683398,0,1,union,/home/galoren/rwtd_partition_nonsam/outputs/rwtd/stage2_ade_rwtd_off/masks/rwtd_308.png,/home/galoren/rwtd_partition_nonsam/data/rwtd_kaust256/labels/rwtd_308.png
rwtd_310,aggregated,0.908848183792442,0.0786620958027137,0.908848183792442,0.21726550885388035,0,1,union,/home/galoren/rwtd_partition_nonsam/outputs/rwtd/stage2_ade_rwtd_off/masks/rwtd_310.png,/home/galoren/rwtd_partition_nonsam/data/rwtd_kaust256/labels/rwtd_310.png
rwtd_311,aggregated,0.9018216593899495,0.0928449875050319,0.9018216593899495,0.14128524815897042,0,1,union,/home/galoren/rwtd_partition_nonsam/outputs/rwtd/stage2_ade_rwtd_off/masks/rwtd_311.png,/home/galoren/rwtd_partition_nonsam/data/rwtd_kaust256/labels/rwtd_311.png
rwtd_315,aggregated,0.9114532470689217,0.08854675292955239,0.9114532470689217,0.0,0,1,union,/home/galoren/rwtd_partition_nonsam/outputs/rwtd/stage2_ade_rwtd_off/masks/rwtd_315.png,/home/galoren/rwtd_partition_nonsam/data/rwtd_kaust256/labels/rwtd_315.png
rwtd_318,aggregated,0.804251120204461,0.17202534979907336,0.804251120204461,0.22804180598726767,0,1,union,/home/galoren/rwtd_partition_nonsam/outputs/rwtd/stage2_ade_rwtd_off/masks/rwtd_318.png,/home/galoren/rwtd_partition_nonsam/data/rwtd_kaust256/labels/rwtd_318.png
rwtd_319,aggregated,0.448841889929311,0.495920544763398,0.495920544763398,-0.008003796929030062,1,1,union,/home/galoren/rwtd_partition_nonsam/outputs/rwtd/stage2_ade_rwtd_off/masks/rwtd_319.png,/home/galoren/rwtd_partition_nonsam/data/rwtd_kaust256/labels/rwtd_319.png
rwtd_321,aggregated,0.41116566962825274,0.4801842861381152,0.4801842861381152,-0.004112692119802573,1,1,union,/home/galoren/rwtd_partition_nonsam/outputs/rwtd/stage2_ade_rwtd_off/masks/rwtd_321.png,/home/galoren/rwtd_partition_nonsam/data/rwtd_kaust256/labels/rwtd_321.png
rwtd_322,aggregated,0.2884026807711324,0.5583785202016828,0.5583785202016828,0.14444754179529332,1,1,union,/home/galoren/rwtd_partition_nonsam/outputs/rwtd/stage2_ade_rwtd_off/masks/rwtd_322.png,/home/galoren/rwtd_partition_nonsam/data/rwtd_kaust256/labels/rwtd_322.png
rwtd_323,aggregated,0.3609234062064502,0.5677496903901658,0.5677496903901658,0.07516269495999343,1,1,union,/home/galoren/rwtd_partition_nonsam/outputs/rwtd/stage2_ade_rwtd_off/masks/rwtd_323.png,/home/galoren/rwtd_partition_nonsam/data/rwtd_kaust256/labels/rwtd_323.png
rwtd_324,aggregated,0.3498736576115763,0.5721634100514875,0.5721634100514875,0.06404485878668148,1,1,union,/home/galoren/rwtd_partition_nonsam/outputs/rwtd/stage2_ade_rwtd_off/masks/rwtd_324.png,/home/galoren/rwtd_partition_nonsam/data/rwtd_kaust256/labels/rwtd_324.png
rwtd_325,aggregated,0.3352929283498417,0.6013709649204326,0.6013709649204326,0.08913441507407487,1,1,union,/home/galoren/rwtd_partition_nonsam/outputs/rwtd/stage2_ade_rwtd_off/masks/rwtd_325.png,/home/galoren/rwtd_partition_nonsam/data/rwtd_kaust256/labels/rwtd_325.png
rwtd_327,aggregated,0.5430994170269303,0.43445067211997557,0.5430994170269303,0.0013113914188823909,0,1,union,/home/galoren/rwtd_partition_nonsam/outputs/rwtd/stage2_ade_rwtd_off/masks/rwtd_327.png,/home/galoren/rwtd_partition_nonsam/data/rwtd_kaust256/labels/rwtd_327.png
rwtd_328,aggregated,0.48250415103547983,0.2601773197784427,0.48250415103547983,-0.03783721755918983,0,1,union,/home/galoren/rwtd_partition_nonsam/outputs/rwtd/stage2_ade_rwtd_off/masks/rwtd_328.png,/home/galoren/rwtd_partition_nonsam/data/rwtd_kaust256/labels/rwtd_328.png
rwtd_329,aggregated,0.5035291778498466,0.4481453326914036,0.5035291778498466,0.00629203398053903,0,1,union,/home/galoren/rwtd_partition_nonsam/outputs/rwtd/stage2_ade_rwtd_off/masks/rwtd_329.png,/home/galoren/rwtd_partition_nonsam/data/rwtd_kaust256/labels/rwtd_329.png
rwtd_33,aggregated,0.15914086829065283,0.840499877928405,0.840499877928405,-0.000691123388395967,1,6,union,/home/galoren/rwtd_partition_nonsam/outputs/rwtd/stage2_ade_rwtd_off/masks/rwtd_33.png|/home/galoren/rwtd_partition_nonsam/outputs/rwtd/stage2_ade_rwtd_off/masks/rwtd_331.png|/home/galoren/rwtd_partition_nonsam/outputs/rwtd/stage2_ade_rwtd_off/masks/rwtd_332.png|/home/galoren/rwtd_partition_nonsam/outputs/rwtd/stage2_ade_rwtd_off/masks/rwtd_337.png|/home/galoren/rwtd_partition_nonsam/outputs/rwtd/stage2_ade_rwtd_off/masks/rwtd_334.png|/home/galoren/rwtd_partition_nonsam/outputs/rwtd/stage2_ade_rwtd_off/masks/rwtd_330.png,/home/galoren/rwtd_partition_nonsam/data/rwtd_kaust256/labels/rwtd_33.png
rwtd_330,aggregated,0.34871228723434444,0.5807205609727077,0.5807205609727077,0.008859051784917377,1,1,union,/home/galoren/rwtd_partition_nonsam/outputs/rwtd/stage2_ade_rwtd_off/masks/rwtd_330.png,/home/galoren/rwtd_partition_nonsam/data/rwtd_kaust256/labels/rwtd_330.png
rwtd_331,aggregated,0.4871488344284029,0.34205741913503274,0.4871488344284029,-0.03963663111396172,0,1,union,/home/galoren/rwtd_partition_nonsam/outputs/rwtd/stage2_ade_rwtd_off/masks/rwtd_331.png,/home/galoren/rwtd_partition_nonsam/data/rwtd_kaust256/labels/rwtd_331.png
rwtd_332,aggregated,0.21209021306489123,0.5665100886074343,0.5665100886074343,0.25420003615062214,1,1,union,/home/galoren/rwtd_partition_nonsam/outputs/rwtd/stage2_ade_rwtd_off/masks/rwtd_332.png,/home/galoren/rwtd_partition_nonsam/data/rwtd_kaust256/labels/rwtd_332.png
rwtd_334,aggregated,0.3481300074599433,0.6002303057062179,0.6002303057062179,-0.0007806811581794175,1,1,union,/home/galoren/rwtd_partition_nonsam/outputs/rwtd/stage2_ade_rwtd_off/masks/rwtd_334.png,/home/galoren/rwtd_partition_nonsam/data/rwtd_kaust256/labels/rwtd_334.png
rwtd_337,aggregated,0.6838695577503803,0.20030726848873295,0.6838695577503803,-0.03265232578089172,0,1,union,/home/galoren/rwtd_partition_nonsam/outputs/rwtd/stage2_ade_rwtd_off/masks/rwtd_337.png,/home/galoren/rwtd_partition_nonsam/data/rwtd_kaust256/labels/rwtd_337.png
rwtd_34,aggregated,0.29023742675736963,0.709744857473128,0.709744857473128,0.0001763607050361601,1,9,union,/home/galoren/rwtd_partition_nonsam/outputs/rwtd/stage2_ade_rwtd_off/masks/rwtd_344.png|/home/galoren/rwtd_partition_nonsam/outputs/rwtd/stage2_ade_rwtd_off/masks/rwtd_349.png|/home/galoren/rwtd_partition_nonsam/outputs/rwtd/stage2_ade_rwtd_off/masks/rwtd_342.png|/home/galoren/rwtd_partition_nonsam/outputs/rwtd/stage2_ade_rwtd_off/masks/rwtd_34.png|/home/galoren/rwtd_partition_nonsam/outputs/rwtd/stage2_ade_rwtd_off/masks/rwtd_343.png|/home/galoren/rwtd_partition_nonsam/outputs/rwtd/stage2_ade_rwtd_off/masks/rwtd_347.png|/home/galoren/rwtd_partition_nonsam/outputs/rwtd/stage2_ade_rwtd_off/masks/rwtd_348.png|/home/galoren/rwtd_partition_nonsam/outputs/rwtd/stage2_ade_rwtd_off/masks/rwtd_345.png|/home/galoren/rwtd_partition_nonsam/outputs/rwtd/stage2_ade_rwtd_off/masks/rwtd_346.png,/home/galoren/rwtd_partition_nonsam/data/rwtd_kaust256/labels/rwtd_34.png
rwtd_342,aggregated,0.4766882388199212,0.4798156651572795,0.4798156651572795,-0.005291285929834516,1,1,union,/home/galoren/rwtd_partition_nonsam/outputs/rwtd/stage2_ade_rwtd_off/masks/rwtd_342.png,/home/galoren/rwtd_partition_nonsam/data/rwtd_kaust256/labels/rwtd_342.png
rwtd_343,aggregated,0.3396470081785566,0.4023341360774808,0.4023341360774808,0.09187586543934806,1,1,union,/home/galoren/rwtd_partition_nonsam/outputs/rwtd/stage2_ade_rwtd_off/masks/rwtd_343.png,/home/galoren/rwtd_partition_nonsam/data/rwtd_kaust256/labels/rwtd_343.png
rwtd_344,aggregated,0.7404740330952987,0.2366400372291373,0.7404740330952987,0.1067450279055996,0,1,union,/home/galoren/rwtd_partition_nonsam/outputs/rwtd/stage2_ade_rwtd_off/masks/rwtd_344.png,/home/galoren/rwtd_partition_nonsam/data/rwtd_kaust256/labels/rwtd_344.png
rwtd_345,aggregated,0.5514462647949339,0.34189420403446585,0.5514462647949339,-0.0429607805887028,0,1,union,/home/galoren/rwtd_partition_nonsam/outputs/rwtd/stage2_ade_rwtd_off/masks/rwtd_345.png,/home/galoren/rwtd_partition_nonsam/data/rwtd_kaust256/labels/rwtd_345.png
rwtd_346,aggregated,0.4853661811094761,0.3153482162134744,0.4853661811094761,-0.011042985946057769,0,1,union,/home/galoren/rwtd_partition_nonsam/outputs/rwtd/stage2_ade_rwtd_off/masks/rwtd_346.png,/home/galoren/rwtd_partition_nonsam/data/rwtd_kaust256/labels/rwtd_346.png
rwtd_347,aggregated,0.5053025577034962,0.4126202881817813,0.5053025577034962,-0.010720206321777092,0,1,union,/home/galoren/rwtd_partition_nonsam/outputs/rwtd/stage2_ade_rwtd_off/masks/rwtd_347.png,/home/galoren/rwtd_partition_nonsam/data/rwtd_kaust256/labels/rwtd_347.png
rwtd_348,aggregated,0.753447548588933,0.21526781817014518,0.753447548588933,0.16318729860081324,0,1,union,/home/galoren/rwtd_partition_nonsam/outputs/rwtd/stage2_ade_rwtd_off/masks/rwtd_348.png,/home/galoren/rwtd_partition_nonsam/data/rwtd_kaust256/labels/rwtd_348.png
rwtd_349,aggregated,0.7224277231566202,0.24630756540512302,0.7224277231566202,0.13073060681860516,0,1,union,/home/galoren/rwtd_partition_nonsam/outputs/rwtd/stage2_ade_rwtd_off/masks/rwtd_349.png,/home/galoren/rwtd_partition_nonsam/data/rwtd_kaust256/labels/rwtd_349.png
rwtd_350,aggregated,0.23924855669747885,0.7413672384699065,0.7413672384699065,0.11361075224048751,1,1,union,/home/galoren/rwtd_partition_nonsam/outputs/rwtd/stage2_ade_rwtd_off/masks/rwtd_350.png,/home/galoren/rwtd_partition_nonsam/data/rwtd_kaust256/labels/rwtd_350.png
rwtd_351,aggregated,0.4368667186275341,0.512506008518817,0.512506008518817,0.010364484528258042,1,1,union,/home/galoren/rwtd_partition_nonsam/outputs/rwtd/stage2_ade_rwtd_off/masks/rwtd_351.png,/home/galoren/rwtd_partition_nonsam/data/rwtd_kaust256/labels/rwtd_351.png
rwtd_352,aggregated,0.0665192989056117,0.8891908882462666,0.8891908882462666,0.6320497257373775,1,1,union,/home/galoren/rwtd_partition_nonsam/outputs/rwtd/stage2_ade_rwtd_off/masks/rwtd_352.png,/home/galoren/rwtd_partition_nonsam/data/rwtd_kaust256/labels/rwtd_352.png
rwtd_357,aggregated,0.4194381765256885,0.5400027572254033,0.5400027572254033,-0.026213223806209468,1,1,union,/home/galoren/rwtd_partition_nonsam/outputs/rwtd/stage2_ade_rwtd_off/masks/rwtd_357.png,/home/galoren/rwtd_partition_nonsam/data/rwtd_kaust256/labels/rwtd_357.png
rwtd_358,aggregated,0.8551872314290129,0.035800835295471525,0.8551872314290129,0.014879172035808283,0,1,union,/home/galoren/rwtd_partition_nonsam/outputs/rwtd/stage2_ade_rwtd_off/masks/rwtd_358.png,/home/galoren/rwtd_partition_nonsam/data/rwtd_kaust256/labels/rwtd_358.png
rwtd_359,aggregated,0.37522097576226277,0.53947368420963,0.53947368420963,0.014181746075383084,1,1,union,/home/galoren/rwtd_partition_nonsam/outputs/rwtd/stage2_ade_rwtd_off/masks/rwtd_359.png,/home/galoren/rwtd_partition_nonsam/data/rwtd_kaust256/labels/rwtd_359.png
rwtd_36,aggregated,0.20790100097624525,0.7920989990222288,0.7920989990222288,0.0,1,7,union,/home/galoren/rwtd_partition_nonsam/outputs/rwtd/stage2_ade_rwtd_off/masks/rwtd_36.png|/home/galoren/rwtd_partition_nonsam/outputs/rwtd/stage2_ade_rwtd_off/masks/rwtd_364.png|/home/galoren/rwtd_partition_nonsam/outputs/rwtd/stage2_ade_rwtd_off/masks/rwtd_363.png|/home/galoren/rwtd_partition_nonsam/outputs/rwtd/stage2_ade_rwtd_off/masks/rwtd_367.png|/home/galoren/rwtd_partition_nonsam/outputs/rwtd/stage2_ade_rwtd_off/masks/rwtd_362.png|/home/galoren/rwtd_partition_nonsam/outputs/rwtd/stage2_ade_rwtd_off/masks/rwtd_365.png|/home/galoren/rwtd_partition_nonsam/outputs/rwtd/stage2_ade_rwtd_off/masks/rwtd_366.png,/home/galoren/rwtd_partition_nonsam/data/rwtd_kaust256/labels/rwtd_36.png
rwtd_362,aggregated,0.5118691808144716,0.4736858237540633,0.5118691808144716,0.002262405922439075,0,1,union,/home/galoren/rwtd_partition_nonsam/outputs/rwtd/stage2_ade_rwtd_off/masks/rwtd_362.png,/home/galoren/rwtd_partition_nonsam/data/rwtd_kaust256/labels/rwtd_362.png
rwtd_363,aggregated,0.25592540050473006,0.6009106048247866,0.6009106048247866,0.08168075643264817,1,1,union,/home/galoren/rwtd_partition_nonsam/outputs/rwtd/stage2_ade_rwtd_off/masks/rwtd_363.png,/home/galoren/rwtd_partition_nonsam/data/rwtd_kaust256/labels/rwtd_363.png
rwtd_364,aggregated,0.7676679676596605,0.18247877971594187,0.7676679676596605,0.29779386290071724,0,1,union,/home/galoren/rwtd_partition_nonsam/outputs/rwtd/stage2_ade_rwtd_off/masks/rwtd_364.png,/home/galoren/rwtd_partition_nonsam/data/rwtd_kaust256/labels/rwtd_364.png
rwtd_365,aggregated,0.4316161063174983,0.42615329791300677,0.4316161063174983,-0.002142227029422078,0,1,union,/home/galoren/rwtd_partition_nonsam/outputs/rwtd/stage2_ade_rwtd_off/masks/rwtd_365.png,/home/galoren/rwtd_partition_nonsam/data/rwtd_kaust256/labels/rwtd_365.png
rwtd_366,aggregated,0.5400173803388484,0.3951126875503875,0.5400173803388484,0.030761637706805216,0,1,union,/home/galoren/rwtd_partition_nonsam/outputs/rwtd/stage2_ade_rwtd_off/masks/rwtd_366.png,/home/galoren/rwtd_partition_nonsam/data/rwtd_kaust256/labels/rwtd_366.png
rwtd_367,aggregated,0.21876148034529883,0.6944888545846069,0.6944888545846069,0.22784698616901053,1,1,union,/home/galoren/rwtd_partition_nonsam/outputs/rwtd/stage2_ade_rwtd_off/masks/rwtd_367.png,/home/galoren/rwtd_partition_nonsam/data/rwtd_kaust256/labels/rwtd_367.png
rwtd_371,aggregated,0.29540323592077106,0.6399461510207879,0.6399461510207879,0.12585043040556154,1,1,union,/home/galoren/rwtd_partition_nonsam/outputs/rwtd/stage2_ade_rwtd_off/masks/rwtd_371.png,/home/galoren/rwtd_partition_nonsam/data/rwtd_kaust256/labels/rwtd_371.png
rwtd_373,aggregated,0.787384050829419,0.13785590009571236,0.787384050829419,0.288888931904595,0,1,union,/home/galoren/rwtd_partition_nonsam/outputs/rwtd/stage2_ade_rwtd_off/masks/rwtd_373.png,/home/galoren/rwtd_partition_nonsam/data/rwtd_kaust256/labels/rwtd_373.png
rwtd_374,aggregated,0.729880123860671,0.189433796288144,0.729880123860671,-0.07143009974376396,0,1,union,/home/galoren/rwtd_partition_nonsam/outputs/rwtd/stage2_ade_rwtd_off/masks/rwtd_374.png,/home/galoren/rwtd_partition_nonsam/data/rwtd_kaust256/labels/rwtd_374.png
rwtd_376,aggregated,0.2858623795518824,0.6113838068312569,0.6113838068312569,0.035581212887130655,1,1,union,/home/galoren/rwtd_partition_nonsam/outputs/rwtd/stage2_ade_rwtd_off/masks/rwtd_376.png,/home/galoren/rwtd_partition_nonsam/data/rwtd_kaust256/labels/rwtd_376.png
rwtd_377,aggregated,0.5845542394005852,0.10199320969096705,0.5845542394005852,-0.019090618081570702,0,1,union,/home/galoren/rwtd_partition_nonsam/outputs/rwtd/stage2_ade_rwtd_off/masks/rwtd_377.png,/home/galoren/rwtd_partition_nonsam/data/rwtd_kaust256/labels/rwtd_377.png
rwtd_378,aggregated,0.8421816117676445,0.14323406881631964,0.8421816117676445,0.19781360909427617,0,1,union,/home/galoren/rwtd_partition_nonsam/outputs/rwtd/stage2_ade_rwtd_off/masks/rwtd_378.png,/home/galoren/rwtd_partition_nonsam/data/rwtd_kaust256/labels/rwtd_378.png
rwtd_38,aggregated,0.1779466984153342,0.821777343748746,0.821777343748746,-0.0005251831498349263,1,7,union,/home/galoren/rwtd_partition_nonsam/outputs/rwtd/stage2_ade_rwtd_off/masks/rwtd_380.png|/home/galoren/rwtd_partition_nonsam/outputs/rwtd/stage2_ade_rwtd_off/masks/rwtd_388.png|/home/galoren/rwtd_partition_nonsam/outputs/rwtd/stage2_ade_rwtd_off/masks/rwtd_383.png|/home/galoren/rwtd_partition_nonsam/outputs/rwtd/stage2_ade_rwtd_off/masks/rwtd_387.png|/home/galoren/rwtd_partition_nonsam/outputs/rwtd/stage2_ade_rwtd_off/masks/rwtd_382.png|/home/galoren/rwtd_partition_nonsam/outputs/rwtd/stage2_ade_rwtd_off/masks/rwtd_38.png|/home/galoren/rwtd_partition_nonsam/outputs/rwtd/stage2_ade_rwtd_off/masks/rwtd_389.png,/home/galoren/rwtd_partition_nonsam/data/rwtd_kaust256/labels/rwtd_38.png
rwtd_380,aggregated,0.1695224382046724,0.7685867608586615,0.7685867608586615,0.2586337484389802,1,1,union,/home/galoren/rwtd_partition_nonsam/outputs/rwtd/stage2_ade_rwtd_off/masks/rwtd_380.png,/home/galoren/rwtd_partition_nonsam/data/rwtd_kaust256/labels/rwtd_380.png
rwtd_382,aggregated,0.23663423216359084,0.6368671010892616,0.6368671010892616,-0.028401571664757555,1,1,union,/home/galoren/rwtd_partition_nonsam/outputs/rwtd/stage2_ade_rwtd_off/masks/rwtd_382.png,/home/galoren/rwtd_partition_nonsam/data/rwtd_kaust256/labels/rwtd_382.png
rwtd_383,aggregated,0.3949748743712292,0.5582046563716166,0.5582046563716166,0.00945622935142141,1,1,union,/home/galoren/rwtd_partition_nonsam/outputs/rwtd/stage2_ade_rwtd_off/masks/rwtd_383.png,/home/galoren/rwtd_partition_nonsam/data/rwtd_kaust256/labels/rwtd_383.png
rwtd_387,aggregated,0.20723106772164818,0.7791330043054617,0.7791330043054617,0.11305712696546305,1,1,union,/home/galoren/rwtd_partition_nonsam/outputs/rwtd/stage2_ade_rwtd_off/masks/rwtd_387.png,/home/galoren/rwtd_partition_nonsam/data/rwtd_kaust256/labels/rwtd_387.png
rwtd_388,aggregated,0.29782187427285045,0.6690428697546368,0.6690428697546368,0.09665004784313834,1,1,union,/home/galoren/rwtd_partition_nonsam/outputs/rwtd/stage2_ade_rwtd_off/masks/rwtd_388.png,/home/galoren/rwtd_partition_nonsam/data/rwtd_kaust256/labels/rwtd_388.png
rwtd_389,aggregated,0.29280424803625416,0.6166432912564882,0.6166432912564882,0.11583281486103517,1,1,union,/home/galoren/rwtd_partition_nonsam/outputs/rwtd/stage2_ade_rwtd_off/masks/rwtd_389.png,/home/galoren/rwtd_partition_nonsam/data/rwtd_kaust256/labels/rwtd_389.png
rwtd_39,aggregated,0.34573591355786315,0.6541442871083768,0.6541442871083768,-0.00017261024231302527,1,9,union,/home/galoren/rwtd_partition_nonsam/outputs/rwtd/stage2_ade_rwtd_off/masks/rwtd_398.png|/home/galoren/rwtd_partition_nonsam/outputs/rwtd/stage2_ade_rwtd_off/masks/rwtd_391.png|/home/galoren/rwtd_partition_nonsam/outputs/rwtd/stage2_ade_rwtd_off/masks/rwtd_399.png|/home/galoren/rwtd_partition_nonsam/outputs/rwtd/stage2_ade_rwtd_off/masks/rwtd_395.png|/home/galoren/rwtd_partition_nonsam/outputs/rwtd/stage2_ade_rwtd_off/masks/rwtd_39.png|/home/galoren/rwtd_partition_nonsam/outputs/rwtd/stage2_ade_rwtd_off/masks/rwtd_393.png|/home/galoren/rwtd_partition_nonsam/outputs/rwtd/stage2_ade_rwtd_off/masks/rwtd_397.png|/home/galoren/rwtd_partition_nonsam/outputs/rwtd/stage2_ade_rwtd_off/masks/rwtd_394.png|/home/galoren/rwtd_partition_nonsam/outputs/rwtd/stage2_ade_rwtd_off/masks/rwtd_392.png,/home/galoren/rwtd_partition_nonsam/data/rwtd_kaust256/labels/rwtd_39.png
rwtd_391,aggregated,0.8183616552068712,0.16100739642661321,0.8183616552068712,0.2596959552105828,0,1,union,/home/galoren/rwtd_partition_nonsam/outputs/rwtd/stage2_ade_rwtd_off/masks/rwtd_391.png,/home/galoren/rwtd_partition_nonsam/data/rwtd_kaust256/labels/rwtd_391.png
rwtd_392,aggregated,0.3106714073880153,0.5851330989441652,0.5851330989441652,0.10142277222930772,1,1,union,/home/galoren/rwtd_partition_nonsam/outputs/rwtd/stage2_ade_rwtd_off/masks/rwtd_392.png,/home/galoren/rwtd_partition_nonsam/data/rwtd_kaust256/labels/rwtd_392.png
rwtd_393,aggregated,0.09893925700407659,0.8190565253515814,0.8190565253515814,0.5335900964453124,1,1,union,/home/galoren/rwtd_partition_nonsam/outputs/rwtd/stage2_ade_rwtd_off/masks/rwtd_393.png,/home/galoren/rwtd_partition_nonsam/data/rwtd_kaust256/labels/rwtd_393.png
rwtd_394,aggregated,0.2878025961870996,0.5850287142872425,0.5850287142872425,0.08453486467946097,1,1,union,/home/galoren/rwtd_partition_nonsam/outputs/rwtd/stage2_ade_rwtd_off/masks/rwtd_394.png,/home/galoren/rwtd_partition_nonsam/data/rwtd_kaust256/labels/rwtd_394.png
rwtd_395,aggregated,0.23766141432807383,0.6482292873684671,0.6482292873684671,0.1510954138538834,1,1,union,/home/galoren/rwtd_partition_nonsam/outputs/rwtd/stage2_ade_rwtd_off/masks/rwtd_395.png,/home/galoren/rwtd_partition_nonsam/data/rwtd_kaust256/labels/rwtd_395.png
rwtd_397,aggregated,0.1420210206012109,0.8223287031416867,0.8223287031416867,0.39560276163720165,1,1,union,/home/galoren/rwtd_partition_nonsam/outputs/rwtd/stage2_ade_rwtd_off/masks/rwtd_397.png,/home/galoren/rwtd_partition_nonsam/data/rwtd_kaust256/labels/rwtd_397.png
rwtd_398,aggregated,0.8459062883348799,0.05716359217556301,0.8459062883348799,0.2312297642423329,0,1,union,/home/galoren/rwtd_partition_nonsam/outputs/rwtd/stage2_ade_rwtd_off/masks/rwtd_398.png,/home/galoren/rwtd_partition_nonsam/data/rwtd_kaust256/labels/rwtd_398.png
rwtd_399,aggregated,0.41578809255450383,0.22714712367703924,0.41578809255450383,0.021444510090175707,0,1,union,/home/galoren/rwtd_partition_nonsam/outputs/rwtd/stage2_ade_rwtd_off/masks/rwtd_399.png,/home/galoren/rwtd_partition_nonsam/data/rwtd_kaust256/labels/rwtd_399.png
rwtd_4,aggregated,0.19415283203095374,0.8058471679675203,0.8058471679675203,0.0,1,63,union,/home/galoren/rwtd_partition_nonsam/outputs/rwtd/stage2_ade_rwtd_off/masks/rwtd_442.png|/home/galoren/rwtd_partition_nonsam/outputs/rwtd/stage2_ade_rwtd_off/masks/rwtd_432.png|/home/galoren/rwtd_partition_nonsam/outputs/rwtd/stage2_ade_rwtd_off/masks/rwtd_449.png|/home/galoren/rwtd_partition_nonsam/outputs/rwtd/stage2_ade_rwtd_off/masks/rwtd_434.png|/home/galoren/rwtd_partition_nonsam/outputs/rwtd/stage2_ade_rwtd_off/masks/rwtd_414.png|/home/galoren/rwtd_partition_nonsam/outputs/rwtd/stage2_ade_rwtd_off/masks/rwtd_448.png|/home/galoren/rwtd_partition_nonsam/outputs/rwtd/stage2_ade_rwtd_off/masks/rwtd_413.png|/home/galoren/rwtd_partition_nonsam/outputs/rwtd/stage2_ade_rwtd_off/masks/rwtd_451.png|/home/galoren/rwtd_partition_nonsam/outputs/rwtd/stage2_ade_rwtd_off/masks/rwtd_417.png|/home/galoren/rwtd_partition_nonsam/outputs/rwtd/stage2_ade_rwtd_off/masks/rwtd_423.png|/home/galoren/rwtd_partition_nonsam/outputs/rwtd/stage2_ade_rwtd_off/masks/rwtd_4.png|/home/galoren/rwtd_partition_nonsam/outputs/rwtd/stage2_ade_rwtd_off/masks/rwtd_437.png|/home/galoren/rwtd_partition_nonsam/outputs/rwtd/stage2_ade_rwtd_off/masks/rwtd_436.png|/home/galoren/rwtd_partition_nonsam/outputs/rwtd/stage2_ade_rwtd_off/masks/rwtd_472.png|/home/galoren/rwtd_partition_nonsam/outputs/rwtd/stage2_ade_rwtd_off/masks/rwtd_428.png|/home/galoren/rwtd_partition_nonsam/outputs/rwtd/stage2_ade_rwtd_off/masks/rwtd_479.png|/home/galoren/rwtd_partition_nonsam/outputs/rwtd/stage2_ade_rwtd_off/masks/rwtd_403.png|/home/galoren/rwtd_partition_nonsam/outputs/rwtd/stage2_ade_rwtd_off/masks/rwtd_410.png|/home/galoren/rwtd_partition_nonsam/outputs/rwtd/stage2_ade_rwtd_off/masks/rwtd_485.png|/home/galoren/rwtd_partition_nonsam/outputs/rwtd/stage2_ade_rwtd_off/masks/rwtd_469.png|/home/galoren/rwtd_partition_nonsam/outputs/rwtd/stage2_ade_rwtd_off/masks/rwtd_447.png|/home/galoren/rwtd_partition_nonsam/outputs/rwtd/stage2_ade_rwtd_off/masks/rwtd_418.png|/home/galoren/rwtd_partition_nonsam/outputs/rwtd/stage2_ade_rwtd_off/masks/rwtd_452.png|/home/galoren/rwtd_partition_nonsam/outputs/rwtd/stage2_ade_rwtd_off/masks/rwtd_450.png|/home/galoren/rwtd_partition_nonsam/outputs/rwtd/stage2_ade_rwtd_off/masks/rwtd_41.png|/home/galoren/rwtd_partition_nonsam/outputs/rwtd/stage2_ade_rwtd_off/masks/rwtd_47.png|/home/galoren/rwtd_partition_nonsam/outputs/rwtd/stage2_ade_rwtd_off/masks/rwtd_476.png|/home/galoren/rwtd_partition_nonsam/outputs/rwtd/stage2_ade_rwtd_off/masks/rwtd_465.png|/home/galoren/rwtd_partition_nonsam/outputs/rwtd/stage2_ade_rwtd_off/masks/rwtd_478.png|/home/galoren/rwtd_partition_nonsam/outputs/rwtd/stage2_ade_rwtd_off/masks/rwtd_468.png|/home/galoren/rwtd_partition_nonsam/outputs/rwtd/stage2_ade_rwtd_off/masks/rwtd_474.png|/home/galoren/rwtd_partition_nonsam/outputs/rwtd/stage2_ade_rwtd_off/masks/rwtd_467.png|/home/galoren/rwtd_partition_nonsam/outputs/rwtd/stage2_ade_rwtd_off/masks/rwtd_424.png|/home/galoren/rwtd_partition_nonsam/outputs/rwtd/stage2_ade_rwtd_off/masks/rwtd_473.png|/home/galoren/rwtd_partition_nonsam/outputs/rwtd/stage2_ade_rwtd_off/masks/rwtd_475.png|/home/galoren/rwtd_partition_nonsam/outputs/rwtd/stage2_ade_rwtd_off/masks/rwtd_412.png|/home/galoren/rwtd_partition_nonsam/outputs/rwtd/stage2_ade_rwtd_off/masks/rwtd_429.png|/home/galoren/rwtd_partition_nonsam/outputs/rwtd/stage2_ade_rwtd_off/masks/rwtd_461.png|/home/galoren/rwtd_partition_nonsam/outputs/rwtd/stage2_ade_rwtd_off/masks/rwtd_464.png|/home/galoren/rwtd_partition_nonsam/outputs/rwtd/stage2_ade_rwtd_off/masks/rwtd_463.png|/home/galoren/rwtd_partition_nonsam/outputs/rwtd/stage2_ade_rwtd_off/masks/rwtd_456.png|/home/galoren/rwtd_partition_nonsam/outputs/rwtd/stage2_ade_rwtd_off/masks/rwtd_400.png|/home/galoren/rwtd_partition_nonsam/outputs/rwtd/stage2_ade_rwtd_off/masks/rwtd_44.png|/home/galoren/rwtd_partition_nonsam/outputs/rwtd/stage2_ade_rwtd_off/masks/rwtd_457.png|/home/galoren/rwtd_partition_nonsam/outputs/rwtd/stage2_ade_rwtd_off/masks/rwtd_440.png|/home/galoren/rwtd_partition_nonsam/outputs/rwtd/stage2_ade_rwtd_off/masks/rwtd_408.png|/home/galoren/rwtd_partition_nonsam/outputs/rwtd/stage2_ade_rwtd_off/masks/rwtd_444.png|/home/galoren/rwtd_partition_nonsam/outputs/rwtd/stage2_ade_rwtd_off/masks/rwtd_426.png|/home/galoren/rwtd_partition_nonsam/outputs/rwtd/stage2_ade_rwtd_off/masks/rwtd_425.png|/home/galoren/rwtd_partition_nonsam/outputs/rwtd/stage2_ade_rwtd_off/masks/rwtd_411.png|/home/galoren/rwtd_partition_nonsam/outputs/rwtd/stage2_ade_rwtd_off/masks/rwtd_416.png|/home/galoren/rwtd_partition_nonsam/outputs/rwtd/stage2_ade_rwtd_off/masks/rwtd_40.png|/home/galoren/rwtd_partition_nonsam/outputs/rwtd/stage2_ade_rwtd_off/masks/rwtd_453.png|/home/galoren/rwtd_partition_nonsam/outputs/rwtd/stage2_ade_rwtd_off/masks/rwtd_466.png|/home/galoren/rwtd_partition_nonsam/outputs/rwtd/stage2_ade_rwtd_off/masks/rwtd_422.png|/home/galoren/rwtd_partition_nonsam/outputs/rwtd/stage2_ade_rwtd_off/masks/rwtd_443.png|/home/galoren/rwtd_partition_nonsam/outputs/rwtd/stage2_ade_rwtd_off/masks/rwtd_492.png|/home/galoren/rwtd_partition_nonsam/outputs/rwtd/stage2_ade_rwtd_off/masks/rwtd_48.png|/home/galoren/rwtd_partition_nonsam/outputs/rwtd/stage2_ade_rwtd_off/masks/rwtd_441.png|/home/galoren/rwtd_partition_nonsam/outputs/rwtd/stage2_ade_rwtd_off/masks/rwtd_431.png|/home/galoren/rwtd_partition_nonsam/outputs/rwtd/stage2_ade_rwtd_off/masks/rwtd_45.png|/home/galoren/rwtd_partition_nonsam/outputs/rwtd/stage2_ade_rwtd_off/masks/rwtd_455.png|/home/galoren/rwtd_partition_nonsam/outputs/rwtd/stage2_ade_rwtd_off/masks/rwtd_471.png,/home/galoren/rwtd_partition_nonsam/data/rwtd_kaust256/labels/rwtd_4.png
rwtd_40,aggregated,0.2159274747409787,0.7839050292956788,0.7839050292956788,-0.00030932238148893983,1,4,union,/home/galoren/rwtd_partition_nonsam/outputs/rwtd/stage2_ade_rwtd_off/masks/rwtd_403.png|/home/galoren/rwtd_partition_nonsam/outputs/rwtd/stage2_ade_rwtd_off/masks/rwtd_400.png|/home/galoren/rwtd_partition_nonsam/outputs/rwtd/stage2_ade_rwtd_off/masks/rwtd_408.png|/home/galoren/rwtd_partition_nonsam/outputs/rwtd/stage2_ade_rwtd_off/masks/rwtd_40.png,/home/galoren/rwtd_partition_nonsam/data/rwtd_kaust256/labels/rwtd_40.png
rwtd_400,aggregated,0.5182923987501852,0.44394878814647887,0.5182923987501852,-0.008418890260637564,0,1,union,/home/galoren/rwtd_partition_nonsam/outputs/rwtd/stage2_ade_rwtd_off/masks/rwtd_400.png,/home/galoren/rwtd_partition_nonsam/data/rwtd_kaust256/labels/rwtd_400.png
rwtd_403,aggregated,0.14246544681300716,0.6870340149104236,0.6870340149104236,0.03246132747879209,1,1,union,/home/galoren/rwtd_partition_nonsam/outputs/rwtd/stage2_ade_rwtd_off/masks/rwtd_403.png,/home/galoren/rwtd_partition_nonsam/data/rwtd_kaust256/labels/rwtd_403.png
rwtd_408,aggregated,0.4344439713284464,0.4616282789499974,0.4616282789499974,-0.009550262819364032,1,1,union,/home/galoren/rwtd_partition_nonsam/outputs/rwtd/stage2_ade_rwtd_off/masks/rwtd_408.png,/home/galoren/rwtd_partition_nonsam/data/rwtd_kaust256/labels/rwtd_408.png
rwtd_41,aggregated,0.08909606933580155,0.9109039306626726,0.9109039306626726,0.0,1,9,union,/home/galoren/rwtd_partition_nonsam/outputs/rwtd/stage2_ade_rwtd_off/masks/rwtd_414.png|/home/galoren/rwtd_partition_nonsam/outputs/rwtd/stage2_ade_rwtd_off/masks/rwtd_413.png|/home/galoren/rwtd_partition_nonsam/outputs/rwtd/stage2_ade_rwtd_off/masks/rwtd_417.png|/home/galoren/rwtd_partition_nonsam/outputs/rwtd/stage2_ade_rwtd_off/masks/rwtd_410.png|/home/galoren/rwtd_partition_nonsam/outputs/rwtd/stage2_ade_rwtd_off/masks/rwtd_418.png|/home/galoren/rwtd_partition_nonsam/outputs/rwtd/stage2_ade_rwtd_off/masks/rwtd_41.png|/home/galoren/rwtd_partition_nonsam/outputs/rwtd/stage2_ade_rwtd_off/masks/rwtd_412.png|/home/galoren/rwtd_partition_nonsam/outputs/rwtd/stage2_ade_rwtd_off/masks/rwtd_411.png|/home/galoren/rwtd_partition_nonsam/outputs/rwtd/stage2_ade_rwtd_off/masks/rwtd_416.png,/home/galoren/rwtd_partition_nonsam/data/rwtd_kaust256/labels/rwtd_41.png
rwtd_410,aggregated,0.25537133631356285,0.6975383026326433,0.6975383026326433,0.18241613265143433,1,1,union,/home/galoren/rwtd_partition_nonsam/outputs/rwtd/stage2_ade_rwtd_off/masks/rwtd_410.png,/home/galoren/rwtd_partition_nonsam/data/rwtd_kaust256/labels/rwtd_410.png
rwtd_411,aggregated,0.6889747024971409,0.29072270312914705,0.6889747024971409,0.055761107118948154,0,1,union,/home/galoren/rwtd_partition_nonsam/outputs/rwtd/stage2_ade_rwtd_off/masks/rwtd_411.png,/home/galoren/rwtd_partition_nonsam/data/rwtd_kaust256/labels/rwtd_411.png
rwtd_412,aggregated,0.7731360216206925,0.1805818503089414,0.7731360216206925,0.240248690302213,0,1,union,/home/galoren/rwtd_partition_nonsam/outputs/rwtd/stage2_ade_rwtd_off/masks/rwtd_412.png,/home/galoren/rwtd_partition_nonsam/data/rwtd_kaust256/labels/rwtd_412.png
rwtd_413,aggregated,0.3512200473281963,0.5714057422884437,0.5714057422884437,0.06885420674295906,1,1,union,/home/galoren/rwtd_partition_nonsam/outputs/rwtd/stage2_ade_rwtd_off/masks/rwtd_413.png,/home/galoren/rwtd_partition_nonsam/data/rwtd_kaust256/labels/rwtd_413.png
rwtd_414,aggregated,0.5458122255985379,0.3371815764639554,0.5458122255985379,0.01756722078080945,0,1,union,/home/galoren/rwtd_partition_nonsam/outputs/rwtd/stage2_ade_rwtd_off/masks/rwtd_414.png,/home/galoren/rwtd_partition_nonsam/data/rwtd_kaust256/labels/rwtd_414.png
rwtd_416,aggregated,0.26649038461495755,0.6597931046342156,0.6597931046342156,0.12930571674458854,1,1,union,/home/galoren/rwtd_partition_nonsam/outputs/rwtd/stage2_ade_rwtd_off/masks/rwtd_416.png,/home/galoren/rwtd_partition_nonsam/data/rwtd_kaust256/labels/rwtd_416.png
rwtd_417,aggregated,0.4256766799325786,0.5114439555893336,0.5114439555893336,-0.007066501795072166,1,1,union,/home/galoren/rwtd_partition_nonsam/outputs/rwtd/stage2_ade_rwtd_off/masks/rwtd_417.png,/home/galoren/rwtd_partition_nonsam/data/rwtd_kaust256/labels/rwtd_417.png
rwtd_418,aggregated,0.751216286428367,0.17530303281513704,0.751216286428367,0.04972280356922727,0,1,union,/home/galoren/rwtd_partition_nonsam/outputs/rwtd/stage2_ade_rwtd_off/masks/rwtd_418.png,/home/galoren/rwtd_partition_nonsam/data/rwtd_kaust256/labels/rwtd_418.png
rwtd_422,aggregated,0.5017866575513442,0.487410402498794,0.5017866575513442,0.00041152658614995063,0,1,union,/home/galoren/rwtd_partition_nonsam/outputs/rwtd/stage2_ade_rwtd_off/masks/rwtd_422.png,/home/galoren/rwtd_partition_nonsam/data/rwtd_kaust256/labels/rwtd_422.png
rwtd_423,aggregated,0.6289703851455747,0.3507182667393819,0.6289703851455747,-0.014539335762807633,0,1,union,/home/galoren/rwtd_partition_nonsam/outputs/rwtd/stage2_ade_rwtd_off/masks/rwtd_423.png,/home/galoren/rwtd_partition_nonsam/data/rwtd_kaust256/labels/rwtd_423.png
rwtd_424,aggregated,0.37421743837513655,0.6016305613780548,0.6016305613780548,0.0005064791633505708,1,1,union,/home/galoren/rwtd_partition_nonsam/outputs/rwtd/stage2_ade_rwtd_off/masks/rwtd_424.png,/home/galoren/rwtd_partition_nonsam/data/rwtd_kaust256/labels/rwtd_424.png
rwtd_425,aggregated,0.4069817466652219,0.4634855515494723,0.4634855515494723,0.01137401194147261,1,1,union,/home/galoren/rwtd_partition_nonsam/outputs/rwtd/stage2_ade_rwtd_off/masks/rwtd_425.png,/home/galoren/rwtd_partition_nonsam/data/rwtd_kaust256/labels/rwtd_425.png
rwtd_426,aggregated,0.6004580996752223,0.33802145019025853,0.6004580996752223,-0.0058703287991750015,0,1,union,/home/galoren/rwtd_partition_nonsam/outputs/rwtd/stage2_ade_rwtd_off/masks/rwtd_426.png,/home/galoren/rwtd_partition_nonsam/data/rwtd_kaust256/labels/rwtd_426.png
rwtd_428,aggregated,0.17556828682286765,0.7676300354231255,0.7676300354231255,0.3916255058509905,1,1,union,/home/galoren/rwtd_partition_nonsam/outputs/rwtd/stage2_ade_rwtd_off/masks/rwtd_428.png,/home/galoren/rwtd_partition_nonsam/data/rwtd_kaust256/labels/rwtd_428.png
rwtd_429,aggregated,0.2913001927526584,0.6116281557541513,0.6116281557541513,0.10394150670277415,1,1,union,/home/galoren/rwtd_partition_nonsam/outputs/rwtd/stage2_ade_rwtd_off/masks/rwtd_429.png,/home/galoren/rwtd_partition_nonsam/data/rwtd_kaust256/labels/rwtd_429.png
rwtd_431,aggregated,0.35446652065012035,0.481616065024334,0.481616065024334,-0.03041318920487442,1,1,union,/home/galoren/rwtd_partition_nonsam/outputs/rwtd/stage2_ade_rwtd_off/masks/rwtd_431.png,/home/galoren/rwtd_partition_nonsam/data/rwtd_kaust256/labels/rwtd_431.png
rwtd_432,aggregated,0.3379948938758183,0.5163291914725077,0.5163291914725077,-0.04632571626406322,1,1,union,/home/galoren/rwtd_partition_nonsam/outputs/rwtd/stage2_ade_rwtd_off/masks/rwtd_432.png,/home/galoren/rwtd_partition_nonsam/data/rwtd_kaust256/labels/rwtd_432.png
rwtd_434,aggregated,0.450672145768905,0.4599770402830655,0.4599770402830655,-0.0026035210087334334,1,1,union,/home/galoren/rwtd_partition_nonsam/outputs/rwtd/stage2_ade_rwtd_off/masks/rwtd_434.png,/home/galoren/rwtd_partition_nonsam/data/rwtd_kaust256/labels/rwtd_434.png
rwtd_436,aggregated,0.4904491718529823,0.4212266015154291,0.4904491718529823,-0.03894993515353888,0,1,union,/home/galoren/rwtd_partition_nonsam/outputs/rwtd/stage2_ade_rwtd_off/masks/rwtd_436.png,/home/galoren/rwtd_partition_nonsam/data/rwtd_kaust256/labels/rwtd_436.png
rwtd_437,aggregated,0.7138762093182416,0.27104421332384826,0.7138762093182416,0.04353116424908024,0,1,union,/home/galoren/rwtd_partition_nonsam/outputs/rwtd/stage2_ade_rwtd_off/masks/rwtd_437.png,/home/galoren/rwtd_partition_nonsam/data/rwtd_kaust256/labels/rwtd_437.png
rwtd_44,aggregated,0.556716918944463,0.44324909967581755,0.556716918944463,-2.4885213916589618e-05,0,9,union,/home/galoren/rwtd_partition_nonsam/outputs/rwtd/stage2_ade_rwtd_off/masks/rwtd_442.png|/home/galoren/rwtd_partition_nonsam/outputs/rwtd/stage2_ade_rwtd_off/masks/rwtd_449.png|/home/galoren/rwtd_partition_nonsam/outputs/rwtd/stage2_ade_rwtd_off/masks/rwtd_448.png|/home/galoren/rwtd_partition_nonsam/outputs/rwtd/stage2_ade_rwtd_off/masks/rwtd_447.png|/home/galoren/rwtd_partition_nonsam/outputs/rwtd/stage2_ade_rwtd_off/masks/rwtd_44.png|/home/galoren/rwtd_partition_nonsam/outputs/rwtd/stage2_ade_rwtd_off/masks/rwtd_440.png|/home/galoren/rwtd_partition_nonsam/outputs/rwtd/stage2_ade_rwtd_off/masks/rwtd_444.png|/home/galoren/rwtd_partition_nonsam/outputs/rwtd/stage2_ade_rwtd_off/masks/rwtd_443.png|/home/galoren/rwtd_partition_nonsam/outputs/rwtd/stage2_ade_rwtd_off/masks/rwtd_441.png,/home/galoren/rwtd_partition_nonsam/data/rwtd_kaust256/labels/rwtd_44.png
rwtd_440,aggregated,0.7093200683582926,0.16168938902084382,0.7093200683582926,-0.10385707923107101,0,1,union,/home/galoren/rwtd_partition_nonsam/outputs/rwtd/stage2_ade_rwtd_off/masks/rwtd_440.png,/home/galoren/rwtd_partition_nonsam/data/rwtd_kaust256/labels/rwtd_440.png
rwtd_441,aggregated,0.8942922374414639,0.08021307083658306,0.8942922374414639,0.44988647879395605,0,1,union,/home/galoren/rwtd_partition_nonsam/outputs/rwtd/stage2_ade_rwtd_off/masks/rwtd_441.png,/home/galoren/rwtd_partition_nonsam/data/rwtd_kaust256/labels/rwtd_441.png
rwtd_442,aggregated,0.6525839430514269,0.18556002928223725,0.6525839430514269,0.05554427623967738,0,1,union,/home/galoren/rwtd_partition_nonsam/outputs/rwtd/stage2_ade_rwtd_off/masks/rwtd_442.png,/home/galoren/rwtd_partition_nonsam/data/rwtd_kaust256/labels/rwtd_442.png
rwtd_443,aggregated,0.8552605462832569,0.10417898521757223,0.8552605462832569,-0.04854992643295073,0,1,union,/home/galoren/rwtd_partition_nonsam/outputs/rwtd/stage2_ade_rwtd_off/masks/rwtd_443.png,/home/galoren/rwtd_partition_nonsam/data/rwtd_kaust256/labels/rwtd_443.png
rwtd_444,aggregated,0.7390362999804387,0.2557800809514047,0.7390362999804387,0.016545549710407073,0,1,union,/home/galoren/rwtd_partition_nonsam/outputs/rwtd/stage2_ade_rwtd_off/masks/rwtd_444.png,/home/galoren/rwtd_partition_nonsam/data/rwtd_kaust256/labels/rwtd_444.png
rwtd_447,aggregated,0.17053176572080292,0.7919414179819918,0.7919414179819918,0.3689757107805937,1,1,union,/home/galoren/rwtd_partition_nonsam/outputs/rwtd/stage2_ade_rwtd_off/masks/rwtd_447.png,/home/galoren/rwtd_partition_nonsam/data/rwtd_kaust256/labels/rwtd_447.png
rwtd_448,aggregated,0.28945019086274865,0.6334827931955399,0.6334827931955399,0.16664120125090198,1,1,union,/home/galoren/rwtd_partition_nonsam/outputs/rwtd/stage2_ade_rwtd_off/masks/rwtd_448.png,/home/galoren/rwtd_partition_nonsam/data/rwtd_kaust256/labels/rwtd_448.png
rwtd_449,aggregated,0.3489016456175294,0.5967215988769342,0.5967215988769342,0.08779674496222659,1,1,union,/home/galoren/rwtd_partition_nonsam/outputs/rwtd/stage2_ade_rwtd_off/masks/rwtd_449.png,/home/galoren/rwtd_partition_nonsam/data/rwtd_kaust256/labels/rwtd_449.png
rwtd_45,aggregated,0.62986814796632,0.3700482207160318,0.62986814796632,0.00012095088772543495,0,8,union,/home/galoren/rwtd_partition_nonsam/outputs/rwtd/stage2_ade_rwtd_off/masks/rwtd_451.png|/home/galoren/rwtd_partition_nonsam/outputs/rwtd/stage2_ade_rwtd_off/masks/rwtd_452.png|/home/galoren/rwtd_partition_nonsam/outputs/rwtd/stage2_ade_rwtd_off/masks/rwtd_450.png|/home/galoren/rwtd_partition_nonsam/outputs/rwtd/stage2_ade_rwtd_off/masks/rwtd_456.png|/home/galoren/rwtd_partition_nonsam/outputs/rwtd/stage2_ade_rwtd_off/masks/rwtd_457.png|/home/galoren/rwtd_partition_nonsam/outputs/rwtd/stage2_ade_rwtd_off/masks/rwtd_453.png|/home/galoren/rwtd_partition_nonsam/outputs/rwtd/stage2_ade_rwtd_off/masks/rwtd_45.png|/home/galoren/rwtd_partition_nonsam/outputs/rwtd/stage2_ade_rwtd_off/masks/rwtd_455.png,/home/galoren/rwtd_partition_nonsam/data/rwtd_kaust256/labels/rwtd_45.png
rwtd_450,aggregated,0.335512151298252,0.6259810644228846,0.6259810644228846,0.07423397257338886,1,1,union,/home/galoren/rwtd_partition_nonsam/outputs/rwtd/stage2_ade_rwtd_off/masks/rwtd_450.png,/home/galoren/rwtd_partition_nonsam/data/rwtd_kaust256/labels/rwtd_450.png
rwtd_451,aggregated,0.3567588564320125,0.39556256729923733,0.39556256729923733,0.062086898883448996,1,1,union,/home/galoren/rwtd_partition_nonsam/outputs/rwtd/stage2_ade_rwtd_off/masks/rwtd_451.png,/home/galoren/rwtd_partition_nonsam/data/rwtd_kaust256/labels/rwtd_451.png
rwtd_452,aggregated,0.38922459522980885,0.6026996660039052,0.6026996660039052,0.0038323332715237317,1,1,union,/home/galoren/rwtd_partition_nonsam/outputs/rwtd/stage2_ade_rwtd_off/masks/rwtd_452.png,/home/galoren/rwtd_partition_nonsam/data/rwtd_kaust256/labels/rwtd_452.png
rwtd_453,aggregated,0.24486133004503477,0.7094555679765737,0.7094555679765737,0.17804063530418857,1,1,union,/home/galoren/rwtd_partition_nonsam/outputs/rwtd/stage2_ade_rwtd_off/masks/rwtd_453.png,/home/galoren/rwtd_partition_nonsam/data/rwtd_kaust256/labels/rwtd_453.png
rwtd_455,aggregated,0.7559180669680549,0.2146509014353093,0.7559180669680549,-0.02244056080725084,0,1,union,/home/galoren/rwtd_partition_nonsam/outputs/rwtd/stage2_ade_rwtd_off/masks/rwtd_455.png,/home/galoren/rwtd_partition_nonsam/data/rwtd_kaust256/labels/rwtd_455.png
rwtd_456,aggregated,0.41930847636756924,0.38195390842629223,0.41930847636756924,-0.0038501429019724446,0,1,union,/home/galoren/rwtd_partition_nonsam/outputs/rwtd/stage2_ade_rwtd_off/masks/rwtd_456.png,/home/galoren/rwtd_partition_nonsam/data/rwtd_kaust256/labels/rwtd_456.png
rwtd_457,aggregated,0.7078886046234818,0.2700987306060739,0.7078886046234818,0.13253753377663047,0,1,union,/home/galoren/rwtd_partition_nonsam/outputs/rwtd/stage2_ade_rwtd_off/masks/rwtd_457.png,/home/galoren/rwtd_partition_nonsam/data/rwtd_kaust256/labels/rwtd_457.png
rwtd_461,aggregated,0.39768370104909534,0.5772816258031489,0.5772816258031489,-0.0014753974512472685,1,1,union,/home/galoren/rwtd_partition_nonsam/outputs/rwtd/stage2_ade_rwtd_off/masks/rwtd_461.png,/home/galoren/rwtd_partition_nonsam/data/rwtd_kaust256/labels/rwtd_461.png
rwtd_463,aggregated,0.1274560164374479,0.8089280831268647,0.8089280831268647,0.34248035298408247,1,1,union,/home/galoren/rwtd_partition_nonsam/outputs/rwtd/stage2_ade_rwtd_off/masks/rwtd_463.png,/home/galoren/rwtd_partition_nonsam/data/rwtd_kaust256/labels/rwtd_463.png
rwtd_464,aggregated,0.39985506352473194,0.5911353510514809,0.5911353510514809,-0.00017305404244325904,1,1,union,/home/galoren/rwtd_partition_nonsam/outputs/rwtd/stage2_ade_rwtd_off/masks/rwtd_464.png,/home/galoren/rwtd_partition_nonsam/data/rwtd_kaust256/labels/rwtd_464.png
rwtd_465,aggregated,0.7585296630847801,0.22745427137204927,0.7585296630847801,-0.023788189927531133,0,1,union,/home/galoren/rwtd_partition_nonsam/outputs/rwtd/stage2_ade_rwtd_off/masks/rwtd_465.png,/home/galoren/rwtd_partition_nonsam/data/rwtd_kaust256/labels/rwtd_465.png
rwtd_466,aggregated,0.8276965336400236,0.1378988499198932,0.8276965336400236,0.10817470767966672,0,1,union,/home/galoren/rwtd_partition_nonsam/outputs/rwtd/stage2_ade_rwtd_off/masks/rwtd_466.png,/home/galoren/rwtd_partition_nonsam/data/rwtd_kaust256/labels/rwtd_466.png
rwtd_467,aggregated,0.5765526244558028,0.3585701342552367,0.5765526244558028,-0.0024295389644251463,0,1,union,/home/galoren/rwtd_partition_nonsam/outputs/rwtd/stage2_ade_rwtd_off/masks/rwtd_467.png,/home/galoren/rwtd_partition_nonsam/data/rwtd_kaust256/labels/rwtd_467.png
rwtd_468,aggregated,0.5438218061092848,0.4514191804379624,0.5438218061092848,-0.0011502605298322698,0,1,union,/home/galoren/rwtd_partition_nonsam/outputs/rwtd/stage2_ade_rwtd_off/masks/rwtd_468.png,/home/galoren/rwtd_partition_nonsam/data/rwtd_kaust256/labels/rwtd_468.png
rwtd_469,aggregated,0.766307604836169,0.082091593864411,0.766307604836169,-0.037574075676696635,0,1,union,/home/galoren/rwtd_partition_nonsam/outputs/rwtd/stage2_ade_rwtd_off/masks/rwtd_469.png,/home/galoren/rwtd_partition_nonsam/data/rwtd_kaust256/labels/rwtd_469.png
rwtd_47,aggregated,0.5206556076113348,0.4792785644523937,0.5206556076113348,2.3652375492566727e-05,0,9,union,/home/galoren/rwtd_partition_nonsam/outputs/rwtd/stage2_ade_rwtd_off/masks/rwtd_472.png|/home/galoren/rwtd_partition_nonsam/outputs/rwtd/stage2_ade_rwtd_off/masks/rwtd_479.png|/home/galoren/rwtd_partition_nonsam/outputs/rwtd/stage2_ade_rwtd_off/masks/rwtd_47.png|/home/galoren/rwtd_partition_nonsam/outputs/rwtd/stage2_ade_rwtd_off/masks/rwtd_476.png|/home/galoren/rwtd_partition_nonsam/outputs/rwtd/stage2_ade_rwtd_off/masks/rwtd_478.png|/home/galoren/rwtd_partition_nonsam/outputs/rwtd/stage2_ade_rwtd_off/masks/rwtd_474.png|/home/galoren/rwtd_partition_nonsam/outputs/rwtd/stage2_ade_rwtd_off/masks/rwtd_473.png|/home/galoren/rwtd_partition_nonsam/outputs/rwtd/stage2_ade_rwtd_off/masks/rwtd_475.png|/home/galoren/rwtd_partition_nonsam/outputs/rwtd/stage2_ade_rwtd_off/masks/rwtd_471.png,/home/galoren/rwtd_partition_nonsam/data/rwtd_kaust256/labels/rwtd_47.png
rwtd_471,aggregated,0.4911284953387298,0.34898054184834004,0.4911284953387298,-0.010958553244942694,0,1,union,/home/galoren/rwtd_partition_nonsam/outputs/rwtd/stage2_ade_rwtd_off/masks/rwtd_471.png,/home/galoren/rwtd_partition_nonsam/data/rwtd_kaust256/labels/rwtd_471.png
rwtd_472,aggregated,0.15931786272041,0.7300502601165461,0.7300502601165461,0.3918614496443384,1,1,union,/home/galoren/rwtd_partition_nonsam/outputs/rwtd/stage2_ade_rwtd_off/masks/rwtd_472.png,/home/galoren/rwtd_partition_nonsam/data/rwtd_kaust256/labels/rwtd_472.png
rwtd_473,aggregated,0.2868916457007745,0.48895948420136,0.48895948420136,-0.03960390296446223,1,1,union,/home/galoren/rwtd_partition_nonsam/outputs/rwtd/stage2_ade_rwtd_off/masks/rwtd_473.png,/home/galoren/rwtd_partition_nonsam/data/rwtd_kaust256/labels/rwtd_473.png
rwtd_474,aggregated,0.6639838399131017,0.2175435493850605,0.6639838399131017,-0.014943415459352506,0,1,union,/home/galoren/rwtd_partition_nonsam/outputs/rwtd/stage2_ade_rwtd_off/masks/rwtd_474.png,/home/galoren/rwtd_partition_nonsam/data/rwtd_kaust256/labels/rwtd_474.png
rwtd_475,aggregated,0.2570157604819249,0.5982645196553762,0.5982645196553762,0.07591460228271399,1,1,union,/home/galoren/rwtd_partition_nonsam/outputs/rwtd/stage2_ade_rwtd_off/masks/rwtd_475.png,/home/galoren/rwtd_partition_nonsam/data/rwtd_kaust256/labels/rwtd_475.png
rwtd_476,aggregated,0.10685608400230566,0.8461200087960208,0.8461200087960208,0.5747652545057204,1,1,union,/home/galoren/rwtd_partition_nonsam/outputs/rwtd/stage2_ade_rwtd_off/masks/rwtd_476.png,/home/galoren/rwtd_partition_nonsam/data/rwtd_kaust256/labels/rwtd_476.png
rwtd_478,aggregated,0.7439107229488211,0.23556553569744446,0.7439107229488211,0.1541113378344159,0,1,union,/home/galoren/rwtd_partition_nonsam/outputs/rwtd/stage2_ade_rwtd_off/masks/rwtd_478.png,/home/galoren/rwtd_partition_nonsam/data/rwtd_kaust256/labels/rwtd_478.png
rwtd_479,aggregated,0.7977029739938097,0.13550648324864162,0.7977029739938097,0.043580523478568924,0,1,union,/home/galoren/rwtd_partition_nonsam/outputs/rwtd/stage2_ade_rwtd_off/masks/rwtd_479.png,/home/galoren/rwtd_partition_nonsam/data/rwtd_kaust256/labels/rwtd_479.png
rwtd_48,aggregated,0.7893534839508455,0.16609509088833166,0.7893534839508455,-0.03467271309409799,0,2,union,/home/galoren/rwtd_partition_nonsam/outputs/rwtd/stage2_ade_rwtd_off/masks/rwtd_485.png|/home/galoren/rwtd_partition_nonsam/outputs/rwtd/stage2_ade_rwtd_off/masks/rwtd_48.png,/home/galoren/rwtd_partition_nonsam/data/rwtd_kaust256/labels/rwtd_48.png
rwtd_485,aggregated,0.7230507834611997,0.18273116336138256,0.7230507834611997,0.017813857838058236,0,1,union,/home/galoren/rwtd_partition_nonsam/outputs/rwtd/stage2_ade_rwtd_off/masks/rwtd_485.png,/home/galoren/rwtd_partition_nonsam/data/rwtd_kaust256/labels/rwtd_485.png
rwtd_492,aggregated,0.5648821464381376,0.30584966001132385,0.5648821464381376,0.1297402723898673,0,1,union,/home/galoren/rwtd_partition_nonsam/outputs/rwtd/stage2_ade_rwtd_off/masks/rwtd_492.png,/home/galoren/rwtd_partition_nonsam/data/rwtd_kaust256/labels/rwtd_492.png
rwtd_5,aggregated,0.3105753090182961,0.6893189067091591,0.6893189067091591,0.00023407422303123128,1,6,union,/home/galoren/rwtd_partition_nonsam/outputs/rwtd/stage2_ade_rwtd_off/masks/rwtd_56.png|/home/galoren/rwtd_partition_nonsam/outputs/rwtd/stage2_ade_rwtd_off/masks/rwtd_51.png|/home/galoren/rwtd_partition_nonsam/outputs/rwtd/stage2_ade_rwtd_off/masks/rwtd_54.png|/home/galoren/rwtd_partition_nonsam/outputs/rwtd/stage2_ade_rwtd_off/masks/rwtd_59.png|/home/galoren/rwtd_partition_nonsam/outputs/rwtd/stage2_ade_rwtd_off/masks/rwtd_5.png|/home/galoren/rwtd_partition_nonsam/outputs/rwtd/stage2_ade_rwtd_off/masks/rwtd_58.png,/home/galoren/rwtd_partition_nonsam/data/rwtd_kaust256/labels/rwtd_5.png
rwtd_51,aggregated,0.47462723013220603,0.5045307597972631,0.5045307597972631,0.0016518825550974742,1,1,union,/home/galoren/rwtd_partition_nonsam/outputs/rwtd/stage2_ade_rwtd_off/masks/rwtd_51.png,/home/galoren/rwtd_partition_nonsam/data/rwtd_kaust256/labels/rwtd_51.png
rwtd_54,aggregated,0.6536542979425005,0.30571680969159243,0.6536542979425005,0.05710742731522718,0,1,union,/home/galoren/rwtd_partition_nonsam/outputs/rwtd/stage2_ade_rwtd_off/masks/rwtd_54.png,/home/galoren/rwtd_partition_nonsam/data/rwtd_kaust256/labels/rwtd_54.png
rwtd_56,aggregated,0.4836362490936409,0.45620589456130145,0.4836362490936409,-0.0059623225977665315,0,1,union,/home/galoren/rwtd_partition_nonsam/outputs/rwtd/stage2_ade_rwtd_off/masks/rwtd_56.png,/home/galoren/rwtd_partition_nonsam/data/rwtd_kaust256/labels/rwtd_56.png
rwtd_58,aggregated,0.46059125178764354,0.46765763366324714,0.46765763366324714,-0.0003314119391773738,1,1,union,/home/galoren/rwtd_partition_nonsam/outputs/rwtd/stage2_ade_rwtd_off/masks/rwtd_58.png,/home/galoren/rwtd_partition_nonsam/data/rwtd_kaust256/labels/rwtd_58.png
rwtd_59,aggregated,0.5576753081847061,0.4149288187758139,0.5576753081847061,0.02124032421878266,0,1,union,/home/galoren/rwtd_partition_nonsam/outputs/rwtd/stage2_ade_rwtd_off/masks/rwtd_59.png,/home/galoren/rwtd_partition_nonsam/data/rwtd_kaust256/labels/rwtd_59.png
rwtd_60,aggregated,0.3327900334043397,0.6214714902662868,0.6214714902662868,-0.004781058318671483,1,1,union,/home/galoren/rwtd_partition_nonsam/outputs/rwtd/stage2_ade_rwtd_off/masks/rwtd_60.png,/home/galoren/rwtd_partition_nonsam/data/rwtd_kaust256/labels/rwtd_60.png
rwtd_63,aggregated,0.33456733776166037,0.5939710810466148,0.5939710810466148,-0.04134844233647302,1,1,union,/home/galoren/rwtd_partition_nonsam/outputs/rwtd/stage2_ade_rwtd_off/masks/rwtd_63.png,/home/galoren/rwtd_partition_nonsam/data/rwtd_kaust256/labels/rwtd_63.png
rwtd_67,aggregated,0.4648548685366811,0.40525093108078236,0.4648548685366811,-0.015765678838632727,0,1,union,/home/galoren/rwtd_partition_nonsam/outputs/rwtd/stage2_ade_rwtd_off/masks/rwtd_67.png,/home/galoren/rwtd_partition_nonsam/data/rwtd_kaust256/labels/rwtd_67.png
rwtd_69,aggregated,0.4687299345054759,0.4942629084552035,0.4942629084552035,-0.003165292583625925,1,1,union,/home/galoren/rwtd_partition_nonsam/outputs/rwtd/stage2_ade_rwtd_off/masks/rwtd_69.png,/home/galoren/rwtd_partition_nonsam/data/rwtd_kaust256/labels/rwtd_69.png
rwtd_70,aggregated,0.4774716963828246,0.48870904581567565,0.48870904581567565,-0.0033420266595507063,1,1,union,/home/galoren/rwtd_partition_nonsam/outputs/rwtd/stage2_ade_rwtd_off/masks/rwtd_70.png,/home/galoren/rwtd_partition_nonsam/data/rwtd_kaust256/labels/rwtd_70.png
rwtd_71,aggregated,0.1920615445830287,0.7405160035191679,0.7405160035191679,-0.029573843824211327,1,1,union,/home/galoren/rwtd_partition_nonsam/outputs/rwtd/stage2_ade_rwtd_off/masks/rwtd_71.png,/home/galoren/rwtd_partition_nonsam/data/rwtd_kaust256/labels/rwtd_71.png
rwtd_73,aggregated,0.4883866438766811,0.5115509033195319,0.5115509033195319,-1.1087172370925848e-05,1,1,union,/home/galoren/rwtd_partition_nonsam/outputs/rwtd/stage2_ade_rwtd_off/masks/rwtd_73.png,/home/galoren/rwtd_partition_nonsam/data/rwtd_kaust256/labels/rwtd_73.png
rwtd_74,aggregated,0.5425538596813289,0.4432106696025768,0.5425538596813289,0.009256553578655156,0,1,union,/home/galoren/rwtd_partition_nonsam/outputs/rwtd/stage2_ade_rwtd_off/masks/rwtd_74.png,/home/galoren/rwtd_partition_nonsam/data/rwtd_kaust256/labels/rwtd_74.png
rwtd_76,aggregated,0.4345518507182096,0.5550865935700301,0.5550865935700301,0.00871458622033748,1,1,union,/home/galoren/rwtd_partition_nonsam/outputs/rwtd/stage2_ade_rwtd_off/masks/rwtd_76.png,/home/galoren/rwtd_partition_nonsam/data/rwtd_kaust256/labels/rwtd_76.png
rwtd_77,aggregated,0.09472607165919665,0.7442301505312762,0.7442301505312762,0.20841164063694365,1,1,union,/home/galoren/rwtd_partition_nonsam/outputs/rwtd/stage2_ade_rwtd_off/masks/rwtd_77.png,/home/galoren/rwtd_partition_nonsam/data/rwtd_kaust256/labels/rwtd_77.png
rwtd_78,aggregated,0.28541569177930837,0.6760769243391042,0.6760769243391042,0.10505073673828777,1,1,union,/home/galoren/rwtd_partition_nonsam/outputs/rwtd/stage2_ade_rwtd_off/masks/rwtd_78.png,/home/galoren/rwtd_partition_nonsam/data/rwtd_kaust256/labels/rwtd_78.png
rwtd_79,aggregated,0.10240629411655156,0.8507156440782525,0.8507156440782525,0.389921313049601,1,1,union,/home/galoren/rwtd_partition_nonsam/outputs/rwtd/stage2_ade_rwtd_off/masks/rwtd_79.png,/home/galoren/rwtd_partition_nonsam/data/rwtd_kaust256/labels/rwtd_79.png
rwtd_8,aggregated,0.43775939941339453,0.5622406005850796,0.5622406005850796,0.0,1,5,union,/home/galoren/rwtd_partition_nonsam/outputs/rwtd/stage2_ade_rwtd_off/masks/rwtd_86.png|/home/galoren/rwtd_partition_nonsam/outputs/rwtd/stage2_ade_rwtd_off/masks/rwtd_84.png|/home/galoren/rwtd_partition_nonsam/outputs/rwtd/stage2_ade_rwtd_off/masks/rwtd_88.png|/home/galoren/rwtd_partition_nonsam/outputs/rwtd/stage2_ade_rwtd_off/masks/rwtd_8.png|/home/galoren/rwtd_partition_nonsam/outputs/rwtd/stage2_ade_rwtd_off/masks/rwtd_85.png,/home/galoren/rwtd_partition_nonsam/data/rwtd_kaust256/labels/rwtd_8.png
rwtd_84,aggregated,0.26276151985804036,0.6289956654050927,0.6289956654050927,0.14280688795666147,1,1,union,/home/galoren/rwtd_partition_nonsam/outputs/rwtd/stage2_ade_rwtd_off/masks/rwtd_84.png,/home/galoren/rwtd_partition_nonsam/data/rwtd_kaust256/labels/rwtd_84.png
rwtd_85,aggregated,0.6406963614597289,0.31789642565089876,0.6406963614597289,0.10357451760745547,0,1,union,/home/galoren/rwtd_partition_nonsam/outputs/rwtd/stage2_ade_rwtd_off/masks/rwtd_85.png,/home/galoren/rwtd_partition_nonsam/data/rwtd_kaust256/labels/rwtd_85.png
rwtd_86,aggregated,0.361146526166478,0.6328764603062692,0.6328764603062692,0.001380470141822114,1,1,union,/home/galoren/rwtd_partition_nonsam/outputs/rwtd/stage2_ade_rwtd_off/masks/rwtd_86.png,/home/galoren/rwtd_partition_nonsam/data/rwtd_kaust256/labels/rwtd_86.png
rwtd_88,aggregated,0.6032168709722492,0.3505230708681492,0.6032168709722492,-0.04574909067050101,0,1,union,/home/galoren/rwtd_partition_nonsam/outputs/rwtd/stage2_ade_rwtd_off/masks/rwtd_88.png,/home/galoren/rwtd_partition_nonsam/data/rwtd_kaust256/labels/rwtd_88.png
rwtd_91,aggregated,0.5821110715546776,0.3572301861412152,0.5821110715546776,0.08038673675277973,0,1,union,/home/galoren/rwtd_partition_nonsam/outputs/rwtd/stage2_ade_rwtd_off/masks/rwtd_91.png,/home/galoren/rwtd_partition_nonsam/data/rwtd_kaust256/labels/rwtd_91.png
rwtd_93,aggregated,0.47162451015234835,0.45181008267172207,0.47162451015234835,-0.00922163237860797,0,1,union,/home/galoren/rwtd_partition_nonsam/outputs/rwtd/stage2_ade_rwtd_off/masks/rwtd_93.png,/home/galoren/rwtd_partition_nonsam/data/rwtd_kaust256/labels/rwtd_93.png
rwtd_95,aggregated,0.5201881145779903,0.4207532881003651,0.5201881145779903,0.01945203527170518,0,1,union,/home/galoren/rwtd_partition_nonsam/outputs/rwtd/stage2_ade_rwtd_off/masks/rwtd_95.png,/home/galoren/rwtd_partition_nonsam/data/rwtd_kaust256/labels/rwtd_95.png
rwtd_96,aggregated,0.47782841291761874,0.366786256827359,0.47782841291761874,0.03418156435053114,0,1,union,/home/galoren/rwtd_partition_nonsam/outputs/rwtd/stage2_ade_rwtd_off/masks/rwtd_96.png,/home/galoren/rwtd_partition_nonsam/data/rwtd_kaust256/labels/rwtd_96.png
