sample_id,image_path,mask_path,gt_num_regions,gt_num_regions_raw,gt_decode_warning,gt_decode_warning_text,edge_precision,edge_recall,edge_f1,edge_pred_density,viz_panel_path,viz_original_path,viz_gt_edge_path,viz_pred_edge_path,viz_edge_overlay_path
rwtd_1,/home/galoren/rwtd_miner_public_site/review/originals/rwtd_1.jpg,/home/galoren/rwtd_miner_public_site/review/masks/rwtd_1.jpg,2,2,False,,0.06501182033096926,0.1510989010989011,0.0909090909090909,0.090362548828125,/home/galoren/Detecture/texture_kseg_ade_pretrain/runs/edge_sota_v1/viz/rwtd/rwtd_1.png,/home/galoren/Detecture/texture_kseg_ade_pretrain/runs/edge_sota_v1/viz/rwtd/assets/original/rwtd_1.png,/home/galoren/Detecture/texture_kseg_ade_pretrain/runs/edge_sota_v1/viz/rwtd/assets/gt_edges/rwtd_1.png,/home/galoren/Detecture/texture_kseg_ade_pretrain/runs/edge_sota_v1/viz/rwtd/assets/pred_edges/rwtd_1.png,/home/galoren/Detecture/texture_kseg_ade_pretrain/runs/edge_sota_v1/viz/rwtd/assets/edge_overlays/rwtd_1.png
rwtd_101,/home/galoren/rwtd_miner_public_site/review/originals/rwtd_101.jpg,/home/galoren/rwtd_miner_public_site/review/masks/rwtd_101.jpg,2,2,False,,0.12213514712405737,0.18802640564534487,0.1480817497310864,0.1031951904296875,/home/galoren/Detecture/texture_kseg_ade_pretrain/runs/edge_sota_v1/viz/rwtd/rwtd_101.png,/home/galoren/Detecture/texture_kseg_ade_pretrain/runs/edge_sota_v1/viz/rwtd/assets/original/rwtd_101.png,/home/galoren/Detecture/texture_kseg_ade_pretrain/runs/edge_sota_v1/viz/rwtd/assets/gt_edges/rwtd_101.png,/home/galoren/Detecture/texture_kseg_ade_pretrain/runs/edge_sota_v1/viz/rwtd/assets/pred_edges/rwtd_101.png,/home/galoren/Detecture/texture_kseg_ade_pretrain/runs/edge_sota_v1/viz/rwtd/assets/edge_overlays/rwtd_101.png
rwtd_102,/home/galoren/rwtd_miner_public_site/review/originals/rwtd_102.jpg,/home/galoren/rwtd_miner_public_site/review/masks/rwtd_102.jpg,2,2,False,,0.20897196261682244,0.13600973236009734,0.1647752394988946,0.0408172607421875,/home/galoren/Detecture/texture_kseg_ade_pretrain/runs/edge_sota_v1/viz/rwtd/rwtd_102.png,/home/galoren/Detecture/texture_kseg_ade_pretrain/runs/edge_sota_v1/viz/rwtd/assets/original/rwtd_102.png,/home/galoren/Detecture/texture_kseg_ade_pretrain/runs/edge_sota_v1/viz/rwtd/assets/gt_edges/rwtd_102.png,/home/galoren/Detecture/texture_kseg_ade_pretrain/runs/edge_sota_v1/viz/rwtd/assets/pred_edges/rwtd_102.png,/home/galoren/Detecture/texture_kseg_ade_pretrain/runs/edge_sota_v1/viz/rwtd/assets/edge_overlays/rwtd_102.png
rwtd_103,/home/galoren/rwtd_miner_public_site/review/originals/rwtd_103.jpg,/home/galoren/rwtd_miner_public_site/review/masks/rwtd_103.jpg,2,2,False,,0.15026759983532317,0.10127635960044395,0.12100116028509862,0.0370635986328125,/home/galoren/Detecture/texture_kseg_ade_pretrain/runs/edge_sota_v1/viz/rwtd/rwtd_103.png,/home/galoren/Detecture/texture_kseg_ade_pretrain/runs/edge_sota_v1/viz/rwtd/assets/original/rwtd_103.png,/home/galoren/Detecture/texture_kseg_ade_pretrain/runs/edge_sota_v1/viz/rwtd/assets/gt_edges/rwtd_103.png,/home/galoren/Detecture/texture_kseg_ade_pretrain/runs/edge_sota_v1/viz/rwtd/assets/pred_edges/rwtd_103.png,/home/galoren/Detecture/texture_kseg_ade_pretrain/runs/edge_sota_v1/viz/rwtd/assets/edge_overlays/rwtd_103.png
rwtd_104,/home/galoren/rwtd_miner_public_site/review/originals/rwtd_104.jpg,/home/galoren/rwtd_miner_public_site/review/masks/rwtd_104.jpg,4,4,False,,0.5171647819063004,0.8205703300224287,0.6344605475040257,0.0755615234375,/home/galoren/Detecture/texture_kseg_ade_pretrain/runs/edge_sota_v1/viz/rwtd/rwtd_104.png,/home/galoren/Detecture/texture_kseg_ade_pretrain/runs/edge_sota_v1/viz/rwtd/assets/original/rwtd_104.png,/home/galoren/Detecture/texture_kseg_ade_pretrain/runs/edge_sota_v1/viz/rwtd/assets/gt_edges/rwtd_104.png,/home/galoren/Detecture/texture_kseg_ade_pretrain/runs/edge_sota_v1/viz/rwtd/assets/pred_edges/rwtd_104.png,/home/galoren/Detecture/texture_kseg_ade_pretrain/runs/edge_sota_v1/viz/rwtd/assets/edge_overlays/rwtd_104.png
rwtd_106,/home/galoren/rwtd_miner_public_site/review/originals/rwtd_106.jpg,/home/galoren/rwtd_miner_public_site/review/masks/rwtd_106.jpg,2,2,False,,0.0804953560371517,0.013013013013013013,0.022404136148211976,0.0049285888671875,/home/galoren/Detecture/texture_kseg_ade_pretrain/runs/edge_sota_v1/viz/rwtd/rwtd_106.png,/home/galoren/Detecture/texture_kseg_ade_pretrain/runs/edge_sota_v1/viz/rwtd/assets/original/rwtd_106.png,/home/galoren/Detecture/texture_kseg_ade_pretrain/runs/edge_sota_v1/viz/rwtd/assets/gt_edges/rwtd_106.png,/home/galoren/Detecture/texture_kseg_ade_pretrain/runs/edge_sota_v1/viz/rwtd/assets/pred_edges/rwtd_106.png,/home/galoren/Detecture/texture_kseg_ade_pretrain/runs/edge_sota_v1/viz/rwtd/assets/edge_overlays/rwtd_106.png
rwtd_107,/home/galoren/rwtd_miner_public_site/review/originals/rwtd_107.jpg,/home/galoren/rwtd_miner_public_site/review/masks/rwtd_107.jpg,8,8,False,,0.18031992244304412,0.034672383260322494,0.05816135084427768,0.0314788818359375,/home/galoren/Detecture/texture_kseg_ade_pretrain/runs/edge_sota_v1/viz/rwtd/rwtd_107.png,/home/galoren/Detecture/texture_kseg_ade_pretrain/runs/edge_sota_v1/viz/rwtd/assets/original/rwtd_107.png,/home/galoren/Detecture/texture_kseg_ade_pretrain/runs/edge_sota_v1/viz/rwtd/assets/gt_edges/rwtd_107.png,/home/galoren/Detecture/texture_kseg_ade_pretrain/runs/edge_sota_v1/viz/rwtd/assets/pred_edges/rwtd_107.png,/home/galoren/Detecture/texture_kseg_ade_pretrain/runs/edge_sota_v1/viz/rwtd/assets/edge_overlays/rwtd_107.png
rwtd_109,/home/galoren/rwtd_miner_public_site/review/originals/rwtd_109.jpg,/home/galoren/rwtd_miner_public_site/review/masks/rwtd_109.jpg,2,2,False,,0.08028895768833849,0.07347941065357008,0.07673340566130782,0.0739288330078125,/home/galoren/Detecture/texture_kseg_ade_pretrain/runs/edge_sota_v1/viz/rwtd/rwtd_109.png,/home/galoren/Detecture/texture_kseg_ade_pretrain/runs/edge_sota_v1/viz/rwtd/assets/original/rwtd_109.png,/home/galoren/Detecture/texture_kseg_ade_pretrain/runs/edge_sota_v1/viz/rwtd/assets/gt_edges/rwtd_109.png,/home/galoren/Detecture/texture_kseg_ade_pretrain/runs/edge_sota_v1/viz/rwtd/assets/pred_edges/rwtd_109.png,/home/galoren/Detecture/texture_kseg_ade_pretrain/runs/edge_sota_v1/viz/rwtd/assets/edge_overlays/rwtd_109.png
rwtd_118,/home/galoren/rwtd_miner_public_site/review/originals/rwtd_118.jpg,/home/galoren/rwtd_miner_public_site/review/masks/rwtd_118.jpg,2,2,False,,0.2629137024435509,0.4207920792079208,0.32362459546925565,0.098663330078125,/home/galoren/Detecture/texture_kseg_ade_pretrain/runs/edge_sota_v1/viz/rwtd/rwtd_118.png,/home/galoren/Detecture/texture_kseg_ade_pretrain/runs/edge_sota_v1/viz/rwtd/assets/original/rwtd_118.png,/home/galoren/Detecture/texture_kseg_ade_pretrain/runs/edge_sota_v1/viz/rwtd/assets/gt_edges/rwtd_118.png,/home/galoren/Detecture/texture_kseg_ade_pretrain/runs/edge_sota_v1/viz/rwtd/assets/pred_edges/rwtd_118.png,/home/galoren/Detecture/texture_kseg_ade_pretrain/runs/edge_sota_v1/viz/rwtd/assets/edge_overlays/rwtd_118.png
rwtd_12,/home/galoren/rwtd_miner_public_site/review/originals/rwtd_12.jpg,/home/galoren/rwtd_miner_public_site/review/masks/rwtd_12.jpg,2,2,False,,0.08404802744425385,0.036690378135529764,0.05108157414646859,0.017791748046875,/home/galoren/Detecture/texture_kseg_ade_pretrain/runs/edge_sota_v1/viz/rwtd/rwtd_12.png,/home/galoren/Detecture/texture_kseg_ade_pretrain/runs/edge_sota_v1/viz/rwtd/assets/original/rwtd_12.png,/home/galoren/Detecture/texture_kseg_ade_pretrain/runs/edge_sota_v1/viz/rwtd/assets/gt_edges/rwtd_12.png,/home/galoren/Detecture/texture_kseg_ade_pretrain/runs/edge_sota_v1/viz/rwtd/assets/pred_edges/rwtd_12.png,/home/galoren/Detecture/texture_kseg_ade_pretrain/runs/edge_sota_v1/viz/rwtd/assets/edge_overlays/rwtd_12.png
rwtd_121,/home/galoren/rwtd_miner_public_site/review/originals/rwtd_121.jpg,/home/galoren/rwtd_miner_public_site/review/masks/rwtd_121.jpg,2,2,False,,0.13777856384860276,0.5742720235901216,0.22223807146423222,0.17254638671875,/home/galoren/Detecture/texture_kseg_ade_pretrain/runs/edge_sota_v1/viz/rwtd/rwtd_121.png,/home/galoren/Detecture/texture_kseg_ade_pretrain/runs/edge_sota_v1/viz/rwtd/assets/original/rwtd_121.png,/home/galoren/Detecture/texture_kseg_ade_pretrain/runs/edge_sota_v1/viz/rwtd/assets/gt_edges/rwtd_121.png,/home/galoren/Detecture/texture_kseg_ade_pretrain/runs/edge_sota_v1/viz/rwtd/assets/pred_edges/rwtd_121.png,/home/galoren/Detecture/texture_kseg_ade_pretrain/runs/edge_sota_v1/viz/rwtd/assets/edge_overlays/rwtd_121.png
rwtd_122,/home/galoren/rwtd_miner_public_site/review/originals/rwtd_122.jpg,/home/galoren/rwtd_miner_public_site/review/masks/rwtd_122.jpg,2,2,False,,0.36726157278304516,0.29749265868534,0.32871583676525645,0.054718017578125,/home/galoren/Detecture/texture_kseg_ade_pretrain/runs/edge_sota_v1/viz/rwtd/rwtd_122.png,/home/galoren/Detecture/texture_kseg_ade_pretrain/runs/edge_sota_v1/viz/rwtd/assets/original/rwtd_122.png,/home/galoren/Detecture/texture_kseg_ade_pretrain/runs/edge_sota_v1/viz/rwtd/assets/gt_edges/rwtd_122.png,/home/galoren/Detecture/texture_kseg_ade_pretrain/runs/edge_sota_v1/viz/rwtd/assets/pred_edges/rwtd_122.png,/home/galoren/Detecture/texture_kseg_ade_pretrain/runs/edge_sota_v1/viz/rwtd/assets/edge_overlays/rwtd_122.png
rwtd_125,/home/galoren/rwtd_miner_public_site/review/originals/rwtd_125.jpg,/home/galoren/rwtd_miner_public_site/review/masks/rwtd_125.jpg,2,2,False,,0.11821653788080647,0.4616718695802983,0.18823363032102955,0.1717987060546875,/home/galoren/Detecture/texture_kseg_ade_pretrain/runs/edge_sota_v1/viz/rwtd/rwtd_125.png,/home/galoren/Detecture/texture_kseg_ade_pretrain/runs/edge_sota_v1/viz/rwtd/assets/original/rwtd_125.png,/home/galoren/Detecture/texture_kseg_ade_pretrain/runs/edge_sota_v1/viz/rwtd/assets/gt_edges/rwtd_125.png,/home/galoren/Detecture/texture_kseg_ade_pretrain/runs/edge_sota_v1/viz/rwtd/assets/pred_edges/rwtd_125.png,/home/galoren/Detecture/texture_kseg_ade_pretrain/runs/edge_sota_v1/viz/rwtd/assets/edge_overlays/rwtd_125.png
rwtd_128,/home/galoren/rwtd_miner_public_site/review/originals/rwtd_128.jpg,/home/galoren/rwtd_miner_public_site/review/masks/rwtd_128.jpg,2,2,False,,0.0,0.0,0.0,0.0042572021484375,/home/galoren/Detecture/texture_kseg_ade_pretrain/runs/edge_sota_v1/viz/rwtd/rwtd_128.png,/home/galoren/Detecture/texture_kseg_ade_pretrain/runs/edge_sota_v1/viz/rwtd/assets/original/rwtd_128.png,/home/galoren/Detecture/texture_kseg_ade_pretrain/runs/edge_sota_v1/viz/rwtd/assets/gt_edges/rwtd_128.png,/home/galoren/Detecture/texture_kseg_ade_pretrain/runs/edge_sota_v1/viz/rwtd/assets/pred_edges/rwtd_128.png,/home/galoren/Detecture/texture_kseg_ade_pretrain/runs/edge_sota_v1/viz/rwtd/assets/edge_overlays/rwtd_128.png
rwtd_129,/home/galoren/rwtd_miner_public_site/review/originals/rwtd_129.jpg,/home/galoren/rwtd_miner_public_site/review/masks/rwtd_129.jpg,2,2,False,,0.05362530413625304,0.11529608704749948,0.07320313537930119,0.1567840576171875,/home/galoren/Detecture/texture_kseg_ade_pretrain/runs/edge_sota_v1/viz/rwtd/rwtd_129.png,/home/galoren/Detecture/texture_kseg_ade_pretrain/runs/edge_sota_v1/viz/rwtd/assets/original/rwtd_129.png,/home/galoren/Detecture/texture_kseg_ade_pretrain/runs/edge_sota_v1/viz/rwtd/assets/gt_edges/rwtd_129.png,/home/galoren/Detecture/texture_kseg_ade_pretrain/runs/edge_sota_v1/viz/rwtd/assets/pred_edges/rwtd_129.png,/home/galoren/Detecture/texture_kseg_ade_pretrain/runs/edge_sota_v1/viz/rwtd/assets/edge_overlays/rwtd_129.png
rwtd_13,/home/galoren/rwtd_miner_public_site/review/originals/rwtd_13.jpg,/home/galoren/rwtd_miner_public_site/review/masks/rwtd_13.jpg,2,2,False,,0.0,0.0,0.0,0.0039215087890625,/home/galoren/Detecture/texture_kseg_ade_pretrain/runs/edge_sota_v1/viz/rwtd/rwtd_13.png,/home/galoren/Detecture/texture_kseg_ade_pretrain/runs/edge_sota_v1/viz/rwtd/assets/original/rwtd_13.png,/home/galoren/Detecture/texture_kseg_ade_pretrain/runs/edge_sota_v1/viz/rwtd/assets/gt_edges/rwtd_13.png,/home/galoren/Detecture/texture_kseg_ade_pretrain/runs/edge_sota_v1/viz/rwtd/assets/pred_edges/rwtd_13.png,/home/galoren/Detecture/texture_kseg_ade_pretrain/runs/edge_sota_v1/viz/rwtd/assets/edge_overlays/rwtd_13.png
rwtd_134,/home/galoren/rwtd_miner_public_site/review/originals/rwtd_134.jpg,/home/galoren/rwtd_miner_public_site/review/masks/rwtd_134.jpg,2,2,False,,0.05736005528680028,0.017194945100476488,0.026458399744979284,0.0220794677734375,/home/galoren/Detecture/texture_kseg_ade_pretrain/runs/edge_sota_v1/viz/rwtd/rwtd_134.png,/home/galoren/Detecture/texture_kseg_ade_pretrain/runs/edge_sota_v1/viz/rwtd/assets/original/rwtd_134.png,/home/galoren/Detecture/texture_kseg_ade_pretrain/runs/edge_sota_v1/viz/rwtd/assets/gt_edges/rwtd_134.png,/home/galoren/Detecture/texture_kseg_ade_pretrain/runs/edge_sota_v1/viz/rwtd/assets/pred_edges/rwtd_134.png,/home/galoren/Detecture/texture_kseg_ade_pretrain/runs/edge_sota_v1/viz/rwtd/assets/edge_overlays/rwtd_134.png
rwtd_139,/home/galoren/rwtd_miner_public_site/review/originals/rwtd_139.jpg,/home/galoren/rwtd_miner_public_site/review/masks/rwtd_139.jpg,4,4,False,,0.097678916827853,0.03538272902434752,0.05194805194805195,0.03155517578125,/home/galoren/Detecture/texture_kseg_ade_pretrain/runs/edge_sota_v1/viz/rwtd/rwtd_139.png,/home/galoren/Detecture/texture_kseg_ade_pretrain/runs/edge_sota_v1/viz/rwtd/assets/original/rwtd_139.png,/home/galoren/Detecture/texture_kseg_ade_pretrain/runs/edge_sota_v1/viz/rwtd/assets/gt_edges/rwtd_139.png,/home/galoren/Detecture/texture_kseg_ade_pretrain/runs/edge_sota_v1/viz/rwtd/assets/pred_edges/rwtd_139.png,/home/galoren/Detecture/texture_kseg_ade_pretrain/runs/edge_sota_v1/viz/rwtd/assets/edge_overlays/rwtd_139.png
rwtd_14,/home/galoren/rwtd_miner_public_site/review/originals/rwtd_14.jpg,/home/galoren/rwtd_miner_public_site/review/masks/rwtd_14.jpg,2,2,False,,0.0,0.0,0.0,0.0015869140625,/home/galoren/Detecture/texture_kseg_ade_pretrain/runs/edge_sota_v1/viz/rwtd/rwtd_14.png,/home/galoren/Detecture/texture_kseg_ade_pretrain/runs/edge_sota_v1/viz/rwtd/assets/original/rwtd_14.png,/home/galoren/Detecture/texture_kseg_ade_pretrain/runs/edge_sota_v1/viz/rwtd/assets/gt_edges/rwtd_14.png,/home/galoren/Detecture/texture_kseg_ade_pretrain/runs/edge_sota_v1/viz/rwtd/assets/pred_edges/rwtd_14.png,/home/galoren/Detecture/texture_kseg_ade_pretrain/runs/edge_sota_v1/viz/rwtd/assets/edge_overlays/rwtd_14.png
rwtd_142,/home/galoren/rwtd_miner_public_site/review/originals/rwtd_142.jpg,/home/galoren/rwtd_miner_public_site/review/masks/rwtd_142.jpg,2,2,False,,0.474025974025974,0.3146551724137931,0.3782383419689119,0.03289794921875,/home/galoren/Detecture/texture_kseg_ade_pretrain/runs/edge_sota_v1/viz/rwtd/rwtd_142.png,/home/galoren/Detecture/texture_kseg_ade_pretrain/runs/edge_sota_v1/viz/rwtd/assets/original/rwtd_142.png,/home/galoren/Detecture/texture_kseg_ade_pretrain/runs/edge_sota_v1/viz/rwtd/assets/gt_edges/rwtd_142.png,/home/galoren/Detecture/texture_kseg_ade_pretrain/runs/edge_sota_v1/viz/rwtd/assets/pred_edges/rwtd_142.png,/home/galoren/Detecture/texture_kseg_ade_pretrain/runs/edge_sota_v1/viz/rwtd/assets/edge_overlays/rwtd_142.png
rwtd_149,/home/galoren/rwtd_miner_public_site/review/originals/rwtd_149.jpg,/home/galoren/rwtd_miner_public_site/review/masks/rwtd_149.jpg,2,2,False,,0.0,0.0,0.0,0.0011749267578125,/home/galoren/Detecture/texture_kseg_ade_pretrain/runs/edge_sota_v1/viz/rwtd/rwtd_149.png,/home/galoren/Detecture/texture_kseg_ade_pretrain/runs/edge_sota_v1/viz/rwtd/assets/original/rwtd_149.png,/home/galoren/Detecture/texture_kseg_ade_pretrain/runs/edge_sota_v1/viz/rwtd/assets/gt_edges/rwtd_149.png,/home/galoren/Detecture/texture_kseg_ade_pretrain/runs/edge_sota_v1/viz/rwtd/assets/pred_edges/rwtd_149.png,/home/galoren/Detecture/texture_kseg_ade_pretrain/runs/edge_sota_v1/viz/rwtd/assets/edge_overlays/rwtd_149.png
rwtd_15,/home/galoren/rwtd_miner_public_site/review/originals/rwtd_15.jpg,/home/galoren/rwtd_miner_public_site/review/masks/rwtd_15.jpg,2,2,False,,0.026363091671659677,0.015078821110349555,0.019184652278177457,0.0254669189453125,/home/galoren/Detecture/texture_kseg_ade_pretrain/runs/edge_sota_v1/viz/rwtd/rwtd_15.png,/home/galoren/Detecture/texture_kseg_ade_pretrain/runs/edge_sota_v1/viz/rwtd/assets/original/rwtd_15.png,/home/galoren/Detecture/texture_kseg_ade_pretrain/runs/edge_sota_v1/viz/rwtd/assets/gt_edges/rwtd_15.png,/home/galoren/Detecture/texture_kseg_ade_pretrain/runs/edge_sota_v1/viz/rwtd/assets/pred_edges/rwtd_15.png,/home/galoren/Detecture/texture_kseg_ade_pretrain/runs/edge_sota_v1/viz/rwtd/assets/edge_overlays/rwtd_15.png
rwtd_16,/home/galoren/rwtd_miner_public_site/review/originals/rwtd_16.jpg,/home/galoren/rwtd_miner_public_site/review/masks/rwtd_16.jpg,4,4,False,,0.0,0.0,0.0,0.0051422119140625,/home/galoren/Detecture/texture_kseg_ade_pretrain/runs/edge_sota_v1/viz/rwtd/rwtd_16.png,/home/galoren/Detecture/texture_kseg_ade_pretrain/runs/edge_sota_v1/viz/rwtd/assets/original/rwtd_16.png,/home/galoren/Detecture/texture_kseg_ade_pretrain/runs/edge_sota_v1/viz/rwtd/assets/gt_edges/rwtd_16.png,/home/galoren/Detecture/texture_kseg_ade_pretrain/runs/edge_sota_v1/viz/rwtd/assets/pred_edges/rwtd_16.png,/home/galoren/Detecture/texture_kseg_ade_pretrain/runs/edge_sota_v1/viz/rwtd/assets/edge_overlays/rwtd_16.png
rwtd_17,/home/galoren/rwtd_miner_public_site/review/originals/rwtd_17.jpg,/home/galoren/rwtd_miner_public_site/review/masks/rwtd_17.jpg,3,3,False,,0.44899536321483774,0.15009041591320071,0.2249757986447241,0.019744873046875,/home/galoren/Detecture/texture_kseg_ade_pretrain/runs/edge_sota_v1/viz/rwtd/rwtd_17.png,/home/galoren/Detecture/texture_kseg_ade_pretrain/runs/edge_sota_v1/viz/rwtd/assets/original/rwtd_17.png,/home/galoren/Detecture/texture_kseg_ade_pretrain/runs/edge_sota_v1/viz/rwtd/assets/gt_edges/rwtd_17.png,/home/galoren/Detecture/texture_kseg_ade_pretrain/runs/edge_sota_v1/viz/rwtd/assets/pred_edges/rwtd_17.png,/home/galoren/Detecture/texture_kseg_ade_pretrain/runs/edge_sota_v1/viz/rwtd/assets/edge_overlays/rwtd_17.png
rwtd_175,/home/galoren/rwtd_miner_public_site/review/originals/rwtd_175.jpg,/home/galoren/rwtd_miner_public_site/review/masks/rwtd_175.jpg,2,2,False,,0.11808221743608951,0.1426470588235294,0.12920743890568162,0.1629486083984375,/home/galoren/Detecture/texture_kseg_ade_pretrain/runs/edge_sota_v1/viz/rwtd/rwtd_175.png,/home/galoren/Detecture/texture_kseg_ade_pretrain/runs/edge_sota_v1/viz/rwtd/assets/original/rwtd_175.png,/home/galoren/Detecture/texture_kseg_ade_pretrain/runs/edge_sota_v1/viz/rwtd/assets/gt_edges/rwtd_175.png,/home/galoren/Detecture/texture_kseg_ade_pretrain/runs/edge_sota_v1/viz/rwtd/assets/pred_edges/rwtd_175.png,/home/galoren/Detecture/texture_kseg_ade_pretrain/runs/edge_sota_v1/viz/rwtd/assets/edge_overlays/rwtd_175.png
rwtd_176,/home/galoren/rwtd_miner_public_site/review/originals/rwtd_176.jpg,/home/galoren/rwtd_miner_public_site/review/masks/rwtd_176.jpg,2,2,False,,0.42155784421557846,0.7852486496554293,0.5486011711125569,0.1526031494140625,/home/galoren/Detecture/texture_kseg_ade_pretrain/runs/edge_sota_v1/viz/rwtd/rwtd_176.png,/home/galoren/Detecture/texture_kseg_ade_pretrain/runs/edge_sota_v1/viz/rwtd/assets/original/rwtd_176.png,/home/galoren/Detecture/texture_kseg_ade_pretrain/runs/edge_sota_v1/viz/rwtd/assets/gt_edges/rwtd_176.png,/home/galoren/Detecture/texture_kseg_ade_pretrain/runs/edge_sota_v1/viz/rwtd/assets/pred_edges/rwtd_176.png,/home/galoren/Detecture/texture_kseg_ade_pretrain/runs/edge_sota_v1/viz/rwtd/assets/edge_overlays/rwtd_176.png
rwtd_178,/home/galoren/rwtd_miner_public_site/review/originals/rwtd_178.jpg,/home/galoren/rwtd_miner_public_site/review/masks/rwtd_178.jpg,2,2,False,,0.09290670778720124,0.16272788656313303,0.11828220858895706,0.07916259765625,/home/galoren/Detecture/texture_kseg_ade_pretrain/runs/edge_sota_v1/viz/rwtd/rwtd_178.png,/home/galoren/Detecture/texture_kseg_ade_pretrain/runs/edge_sota_v1/viz/rwtd/assets/original/rwtd_178.png,/home/galoren/Detecture/texture_kseg_ade_pretrain/runs/edge_sota_v1/viz/rwtd/assets/gt_edges/rwtd_178.png,/home/galoren/Detecture/texture_kseg_ade_pretrain/runs/edge_sota_v1/viz/rwtd/assets/pred_edges/rwtd_178.png,/home/galoren/Detecture/texture_kseg_ade_pretrain/runs/edge_sota_v1/viz/rwtd/assets/edge_overlays/rwtd_178.png
rwtd_18,/home/galoren/rwtd_miner_public_site/review/originals/rwtd_18.jpg,/home/galoren/rwtd_miner_public_site/review/masks/rwtd_18.jpg,2,2,False,,0.12280524722502523,0.356891495601173,0.18273273273273272,0.151214599609375,/home/galoren/Detecture/texture_kseg_ade_pretrain/runs/edge_sota_v1/viz/rwtd/rwtd_18.png,/home/galoren/Detecture/texture_kseg_ade_pretrain/runs/edge_sota_v1/viz/rwtd/assets/original/rwtd_18.png,/home/galoren/Detecture/texture_kseg_ade_pretrain/runs/edge_sota_v1/viz/rwtd/assets/gt_edges/rwtd_18.png,/home/galoren/Detecture/texture_kseg_ade_pretrain/runs/edge_sota_v1/viz/rwtd/assets/pred_edges/rwtd_18.png,/home/galoren/Detecture/texture_kseg_ade_pretrain/runs/edge_sota_v1/viz/rwtd/assets/edge_overlays/rwtd_18.png
rwtd_180,/home/galoren/rwtd_miner_public_site/review/originals/rwtd_180.jpg,/home/galoren/rwtd_miner_public_site/review/masks/rwtd_180.jpg,2,2,False,,0.1994401679496151,0.07563694267515923,0.10967866076582643,0.0218048095703125,/home/galoren/Detecture/texture_kseg_ade_pretrain/runs/edge_sota_v1/viz/rwtd/rwtd_180.png,/home/galoren/Detecture/texture_kseg_ade_pretrain/runs/edge_sota_v1/viz/rwtd/assets/original/rwtd_180.png,/home/galoren/Detecture/texture_kseg_ade_pretrain/runs/edge_sota_v1/viz/rwtd/assets/gt_edges/rwtd_180.png,/home/galoren/Detecture/texture_kseg_ade_pretrain/runs/edge_sota_v1/viz/rwtd/assets/pred_edges/rwtd_180.png,/home/galoren/Detecture/texture_kseg_ade_pretrain/runs/edge_sota_v1/viz/rwtd/assets/edge_overlays/rwtd_180.png
rwtd_181,/home/galoren/rwtd_miner_public_site/review/originals/rwtd_181.jpg,/home/galoren/rwtd_miner_public_site/review/masks/rwtd_181.jpg,1,1,True,single_region_after_edge_decode,0.0,0.0,0.0,0.00860595703125,/home/galoren/Detecture/texture_kseg_ade_pretrain/runs/edge_sota_v1/viz/rwtd/rwtd_181.png,/home/galoren/Detecture/texture_kseg_ade_pretrain/runs/edge_sota_v1/viz/rwtd/assets/original/rwtd_181.png,/home/galoren/Detecture/texture_kseg_ade_pretrain/runs/edge_sota_v1/viz/rwtd/assets/gt_edges/rwtd_181.png,/home/galoren/Detecture/texture_kseg_ade_pretrain/runs/edge_sota_v1/viz/rwtd/assets/pred_edges/rwtd_181.png,/home/galoren/Detecture/texture_kseg_ade_pretrain/runs/edge_sota_v1/viz/rwtd/assets/edge_overlays/rwtd_181.png
rwtd_182,/home/galoren/rwtd_miner_public_site/review/originals/rwtd_182.jpg,/home/galoren/rwtd_miner_public_site/review/masks/rwtd_182.jpg,2,2,False,,0.0,0.0,0.0,0.0161590576171875,/home/galoren/Detecture/texture_kseg_ade_pretrain/runs/edge_sota_v1/viz/rwtd/rwtd_182.png,/home/galoren/Detecture/texture_kseg_ade_pretrain/runs/edge_sota_v1/viz/rwtd/assets/original/rwtd_182.png,/home/galoren/Detecture/texture_kseg_ade_pretrain/runs/edge_sota_v1/viz/rwtd/assets/gt_edges/rwtd_182.png,/home/galoren/Detecture/texture_kseg_ade_pretrain/runs/edge_sota_v1/viz/rwtd/assets/pred_edges/rwtd_182.png,/home/galoren/Detecture/texture_kseg_ade_pretrain/runs/edge_sota_v1/viz/rwtd/assets/edge_overlays/rwtd_182.png
rwtd_183,/home/galoren/rwtd_miner_public_site/review/originals/rwtd_183.jpg,/home/galoren/rwtd_miner_public_site/review/masks/rwtd_183.jpg,2,2,False,,0.08156028368794327,0.010286225402504472,0.018268467037331215,0.004302978515625,/home/galoren/Detecture/texture_kseg_ade_pretrain/runs/edge_sota_v1/viz/rwtd/rwtd_183.png,/home/galoren/Detecture/texture_kseg_ade_pretrain/runs/edge_sota_v1/viz/rwtd/assets/original/rwtd_183.png,/home/galoren/Detecture/texture_kseg_ade_pretrain/runs/edge_sota_v1/viz/rwtd/assets/gt_edges/rwtd_183.png,/home/galoren/Detecture/texture_kseg_ade_pretrain/runs/edge_sota_v1/viz/rwtd/assets/pred_edges/rwtd_183.png,/home/galoren/Detecture/texture_kseg_ade_pretrain/runs/edge_sota_v1/viz/rwtd/assets/edge_overlays/rwtd_183.png
rwtd_184,/home/galoren/rwtd_miner_public_site/review/originals/rwtd_184.jpg,/home/galoren/rwtd_miner_public_site/review/masks/rwtd_184.jpg,1,1,True,single_region_after_edge_decode,0.2884682790045566,0.7536630036630036,0.41723700887198983,0.0435333251953125,/home/galoren/Detecture/texture_kseg_ade_pretrain/runs/edge_sota_v1/viz/rwtd/rwtd_184.png,/home/galoren/Detecture/texture_kseg_ade_pretrain/runs/edge_sota_v1/viz/rwtd/assets/original/rwtd_184.png,/home/galoren/Detecture/texture_kseg_ade_pretrain/runs/edge_sota_v1/viz/rwtd/assets/gt_edges/rwtd_184.png,/home/galoren/Detecture/texture_kseg_ade_pretrain/runs/edge_sota_v1/viz/rwtd/assets/pred_edges/rwtd_184.png,/home/galoren/Detecture/texture_kseg_ade_pretrain/runs/edge_sota_v1/viz/rwtd/assets/edge_overlays/rwtd_184.png
rwtd_185,/home/galoren/rwtd_miner_public_site/review/originals/rwtd_185.jpg,/home/galoren/rwtd_miner_public_site/review/masks/rwtd_185.jpg,2,2,False,,0.48886798369394796,0.8580077050082554,0.6228525769077108,0.0486602783203125,/home/galoren/Detecture/texture_kseg_ade_pretrain/runs/edge_sota_v1/viz/rwtd/rwtd_185.png,/home/galoren/Detecture/texture_kseg_ade_pretrain/runs/edge_sota_v1/viz/rwtd/assets/original/rwtd_185.png,/home/galoren/Detecture/texture_kseg_ade_pretrain/runs/edge_sota_v1/viz/rwtd/assets/gt_edges/rwtd_185.png,/home/galoren/Detecture/texture_kseg_ade_pretrain/runs/edge_sota_v1/viz/rwtd/assets/pred_edges/rwtd_185.png,/home/galoren/Detecture/texture_kseg_ade_pretrain/runs/edge_sota_v1/viz/rwtd/assets/edge_overlays/rwtd_185.png
rwtd_186,/home/galoren/rwtd_miner_public_site/review/originals/rwtd_186.jpg,/home/galoren/rwtd_miner_public_site/review/masks/rwtd_186.jpg,2,2,False,,0.17411764705882352,0.05549306336707911,0.0841626386124538,0.012969970703125,/home/galoren/Detecture/texture_kseg_ade_pretrain/runs/edge_sota_v1/viz/rwtd/rwtd_186.png,/home/galoren/Detecture/texture_kseg_ade_pretrain/runs/edge_sota_v1/viz/rwtd/assets/original/rwtd_186.png,/home/galoren/Detecture/texture_kseg_ade_pretrain/runs/edge_sota_v1/viz/rwtd/assets/gt_edges/rwtd_186.png,/home/galoren/Detecture/texture_kseg_ade_pretrain/runs/edge_sota_v1/viz/rwtd/assets/pred_edges/rwtd_186.png,/home/galoren/Detecture/texture_kseg_ade_pretrain/runs/edge_sota_v1/viz/rwtd/assets/edge_overlays/rwtd_186.png
rwtd_188,/home/galoren/rwtd_miner_public_site/review/originals/rwtd_188.jpg,/home/galoren/rwtd_miner_public_site/review/masks/rwtd_188.jpg,2,2,False,,0.20187793427230047,0.04045155221072436,0.06739811912225704,0.006500244140625,/home/galoren/Detecture/texture_kseg_ade_pretrain/runs/edge_sota_v1/viz/rwtd/rwtd_188.png,/home/galoren/Detecture/texture_kseg_ade_pretrain/runs/edge_sota_v1/viz/rwtd/assets/original/rwtd_188.png,/home/galoren/Detecture/texture_kseg_ade_pretrain/runs/edge_sota_v1/viz/rwtd/assets/gt_edges/rwtd_188.png,/home/galoren/Detecture/texture_kseg_ade_pretrain/runs/edge_sota_v1/viz/rwtd/assets/pred_edges/rwtd_188.png,/home/galoren/Detecture/texture_kseg_ade_pretrain/runs/edge_sota_v1/viz/rwtd/assets/edge_overlays/rwtd_188.png
rwtd_189,/home/galoren/rwtd_miner_public_site/review/originals/rwtd_189.jpg,/home/galoren/rwtd_miner_public_site/review/masks/rwtd_189.jpg,2,2,False,,0.2598021253206303,0.4544871794871795,0.33061319654931215,0.0416412353515625,/home/galoren/Detecture/texture_kseg_ade_pretrain/runs/edge_sota_v1/viz/rwtd/rwtd_189.png,/home/galoren/Detecture/texture_kseg_ade_pretrain/runs/edge_sota_v1/viz/rwtd/assets/original/rwtd_189.png,/home/galoren/Detecture/texture_kseg_ade_pretrain/runs/edge_sota_v1/viz/rwtd/assets/gt_edges/rwtd_189.png,/home/galoren/Detecture/texture_kseg_ade_pretrain/runs/edge_sota_v1/viz/rwtd/assets/pred_edges/rwtd_189.png,/home/galoren/Detecture/texture_kseg_ade_pretrain/runs/edge_sota_v1/viz/rwtd/assets/edge_overlays/rwtd_189.png
rwtd_194,/home/galoren/rwtd_miner_public_site/review/originals/rwtd_194.jpg,/home/galoren/rwtd_miner_public_site/review/masks/rwtd_194.jpg,2,2,False,,0.21269296740994853,0.12776919113858837,0.15963952365626005,0.017791748046875,/home/galoren/Detecture/texture_kseg_ade_pretrain/runs/edge_sota_v1/viz/rwtd/rwtd_194.png,/home/galoren/Detecture/texture_kseg_ade_pretrain/runs/edge_sota_v1/viz/rwtd/assets/original/rwtd_194.png,/home/galoren/Detecture/texture_kseg_ade_pretrain/runs/edge_sota_v1/viz/rwtd/assets/gt_edges/rwtd_194.png,/home/galoren/Detecture/texture_kseg_ade_pretrain/runs/edge_sota_v1/viz/rwtd/assets/pred_edges/rwtd_194.png,/home/galoren/Detecture/texture_kseg_ade_pretrain/runs/edge_sota_v1/viz/rwtd/assets/edge_overlays/rwtd_194.png
rwtd_197,/home/galoren/rwtd_miner_public_site/review/originals/rwtd_197.jpg,/home/galoren/rwtd_miner_public_site/review/masks/rwtd_197.jpg,2,2,False,,0.03318903318903319,0.019230769230769232,0.02435150873478031,0.0317230224609375,/home/galoren/Detecture/texture_kseg_ade_pretrain/runs/edge_sota_v1/viz/rwtd/rwtd_197.png,/home/galoren/Detecture/texture_kseg_ade_pretrain/runs/edge_sota_v1/viz/rwtd/assets/original/rwtd_197.png,/home/galoren/Detecture/texture_kseg_ade_pretrain/runs/edge_sota_v1/viz/rwtd/assets/gt_edges/rwtd_197.png,/home/galoren/Detecture/texture_kseg_ade_pretrain/runs/edge_sota_v1/viz/rwtd/assets/pred_edges/rwtd_197.png,/home/galoren/Detecture/texture_kseg_ade_pretrain/runs/edge_sota_v1/viz/rwtd/assets/edge_overlays/rwtd_197.png
rwtd_2,/home/galoren/rwtd_miner_public_site/review/originals/rwtd_2.jpg,/home/galoren/rwtd_miner_public_site/review/masks/rwtd_2.jpg,2,2,False,,0.0,0.0,0.0,0.0332489013671875,/home/galoren/Detecture/texture_kseg_ade_pretrain/runs/edge_sota_v1/viz/rwtd/rwtd_2.png,/home/galoren/Detecture/texture_kseg_ade_pretrain/runs/edge_sota_v1/viz/rwtd/assets/original/rwtd_2.png,/home/galoren/Detecture/texture_kseg_ade_pretrain/runs/edge_sota_v1/viz/rwtd/assets/gt_edges/rwtd_2.png,/home/galoren/Detecture/texture_kseg_ade_pretrain/runs/edge_sota_v1/viz/rwtd/assets/pred_edges/rwtd_2.png,/home/galoren/Detecture/texture_kseg_ade_pretrain/runs/edge_sota_v1/viz/rwtd/assets/edge_overlays/rwtd_2.png
rwtd_200,/home/galoren/rwtd_miner_public_site/review/originals/rwtd_200.jpg,/home/galoren/rwtd_miner_public_site/review/masks/rwtd_200.jpg,2,2,False,,0.2725153987015149,0.8427284427284427,0.41184980187433173,0.183319091796875,/home/galoren/Detecture/texture_kseg_ade_pretrain/runs/edge_sota_v1/viz/rwtd/rwtd_200.png,/home/galoren/Detecture/texture_kseg_ade_pretrain/runs/edge_sota_v1/viz/rwtd/assets/original/rwtd_200.png,/home/galoren/Detecture/texture_kseg_ade_pretrain/runs/edge_sota_v1/viz/rwtd/assets/gt_edges/rwtd_200.png,/home/galoren/Detecture/texture_kseg_ade_pretrain/runs/edge_sota_v1/viz/rwtd/assets/pred_edges/rwtd_200.png,/home/galoren/Detecture/texture_kseg_ade_pretrain/runs/edge_sota_v1/viz/rwtd/assets/edge_overlays/rwtd_200.png
rwtd_201,/home/galoren/rwtd_miner_public_site/review/originals/rwtd_201.jpg,/home/galoren/rwtd_miner_public_site/review/masks/rwtd_201.jpg,2,2,False,,0.202373384191566,0.5047568710359408,0.2889124186961125,0.0720062255859375,/home/galoren/Detecture/texture_kseg_ade_pretrain/runs/edge_sota_v1/viz/rwtd/rwtd_201.png,/home/galoren/Detecture/texture_kseg_ade_pretrain/runs/edge_sota_v1/viz/rwtd/assets/original/rwtd_201.png,/home/galoren/Detecture/texture_kseg_ade_pretrain/runs/edge_sota_v1/viz/rwtd/assets/gt_edges/rwtd_201.png,/home/galoren/Detecture/texture_kseg_ade_pretrain/runs/edge_sota_v1/viz/rwtd/assets/pred_edges/rwtd_201.png,/home/galoren/Detecture/texture_kseg_ade_pretrain/runs/edge_sota_v1/viz/rwtd/assets/edge_overlays/rwtd_201.png
rwtd_202,/home/galoren/rwtd_miner_public_site/review/originals/rwtd_202.jpg,/home/galoren/rwtd_miner_public_site/review/masks/rwtd_202.jpg,2,2,False,,0.6245059288537549,0.1467038068709378,0.237593984962406,0.0115814208984375,/home/galoren/Detecture/texture_kseg_ade_pretrain/runs/edge_sota_v1/viz/rwtd/rwtd_202.png,/home/galoren/Detecture/texture_kseg_ade_pretrain/runs/edge_sota_v1/viz/rwtd/assets/original/rwtd_202.png,/home/galoren/Detecture/texture_kseg_ade_pretrain/runs/edge_sota_v1/viz/rwtd/assets/gt_edges/rwtd_202.png,/home/galoren/Detecture/texture_kseg_ade_pretrain/runs/edge_sota_v1/viz/rwtd/assets/pred_edges/rwtd_202.png,/home/galoren/Detecture/texture_kseg_ade_pretrain/runs/edge_sota_v1/viz/rwtd/assets/edge_overlays/rwtd_202.png
rwtd_205,/home/galoren/rwtd_miner_public_site/review/originals/rwtd_205.jpg,/home/galoren/rwtd_miner_public_site/review/masks/rwtd_205.jpg,2,2,False,,0.0,0.0,0.0,0.009613037109375,/home/galoren/Detecture/texture_kseg_ade_pretrain/runs/edge_sota_v1/viz/rwtd/rwtd_205.png,/home/galoren/Detecture/texture_kseg_ade_pretrain/runs/edge_sota_v1/viz/rwtd/assets/original/rwtd_205.png,/home/galoren/Detecture/texture_kseg_ade_pretrain/runs/edge_sota_v1/viz/rwtd/assets/gt_edges/rwtd_205.png,/home/galoren/Detecture/texture_kseg_ade_pretrain/runs/edge_sota_v1/viz/rwtd/assets/pred_edges/rwtd_205.png,/home/galoren/Detecture/texture_kseg_ade_pretrain/runs/edge_sota_v1/viz/rwtd/assets/edge_overlays/rwtd_205.png
rwtd_207,/home/galoren/rwtd_miner_public_site/review/originals/rwtd_207.jpg,/home/galoren/rwtd_miner_public_site/review/masks/rwtd_207.jpg,2,2,False,,0.7606837606837606,0.6631892697466468,0.7085987261146497,0.0267791748046875,/home/galoren/Detecture/texture_kseg_ade_pretrain/runs/edge_sota_v1/viz/rwtd/rwtd_207.png,/home/galoren/Detecture/texture_kseg_ade_pretrain/runs/edge_sota_v1/viz/rwtd/assets/original/rwtd_207.png,/home/galoren/Detecture/texture_kseg_ade_pretrain/runs/edge_sota_v1/viz/rwtd/assets/gt_edges/rwtd_207.png,/home/galoren/Detecture/texture_kseg_ade_pretrain/runs/edge_sota_v1/viz/rwtd/assets/pred_edges/rwtd_207.png,/home/galoren/Detecture/texture_kseg_ade_pretrain/runs/edge_sota_v1/viz/rwtd/assets/edge_overlays/rwtd_207.png
rwtd_210,/home/galoren/rwtd_miner_public_site/review/originals/rwtd_210.jpg,/home/galoren/rwtd_miner_public_site/review/masks/rwtd_210.jpg,2,2,False,,0.0,0.0,0.0,0.003631591796875,/home/galoren/Detecture/texture_kseg_ade_pretrain/runs/edge_sota_v1/viz/rwtd/rwtd_210.png,/home/galoren/Detecture/texture_kseg_ade_pretrain/runs/edge_sota_v1/viz/rwtd/assets/original/rwtd_210.png,/home/galoren/Detecture/texture_kseg_ade_pretrain/runs/edge_sota_v1/viz/rwtd/assets/gt_edges/rwtd_210.png,/home/galoren/Detecture/texture_kseg_ade_pretrain/runs/edge_sota_v1/viz/rwtd/assets/pred_edges/rwtd_210.png,/home/galoren/Detecture/texture_kseg_ade_pretrain/runs/edge_sota_v1/viz/rwtd/assets/edge_overlays/rwtd_210.png
rwtd_213,/home/galoren/rwtd_miner_public_site/review/originals/rwtd_213.jpg,/home/galoren/rwtd_miner_public_site/review/masks/rwtd_213.jpg,2,2,False,,0.4864160774097506,0.8356777493606138,0.6149141378499177,0.0410003662109375,/home/galoren/Detecture/texture_kseg_ade_pretrain/runs/edge_sota_v1/viz/rwtd/rwtd_213.png,/home/galoren/Detecture/texture_kseg_ade_pretrain/runs/edge_sota_v1/viz/rwtd/assets/original/rwtd_213.png,/home/galoren/Detecture/texture_kseg_ade_pretrain/runs/edge_sota_v1/viz/rwtd/assets/gt_edges/rwtd_213.png,/home/galoren/Detecture/texture_kseg_ade_pretrain/runs/edge_sota_v1/viz/rwtd/assets/pred_edges/rwtd_213.png,/home/galoren/Detecture/texture_kseg_ade_pretrain/runs/edge_sota_v1/viz/rwtd/assets/edge_overlays/rwtd_213.png
rwtd_214,/home/galoren/rwtd_miner_public_site/review/originals/rwtd_214.jpg,/home/galoren/rwtd_miner_public_site/review/masks/rwtd_214.jpg,2,2,False,,0.1402805611222445,0.03367003367003367,0.054305663304887515,0.0076141357421875,/home/galoren/Detecture/texture_kseg_ade_pretrain/runs/edge_sota_v1/viz/rwtd/rwtd_214.png,/home/galoren/Detecture/texture_kseg_ade_pretrain/runs/edge_sota_v1/viz/rwtd/assets/original/rwtd_214.png,/home/galoren/Detecture/texture_kseg_ade_pretrain/runs/edge_sota_v1/viz/rwtd/assets/gt_edges/rwtd_214.png,/home/galoren/Detecture/texture_kseg_ade_pretrain/runs/edge_sota_v1/viz/rwtd/assets/pred_edges/rwtd_214.png,/home/galoren/Detecture/texture_kseg_ade_pretrain/runs/edge_sota_v1/viz/rwtd/assets/edge_overlays/rwtd_214.png
rwtd_215,/home/galoren/rwtd_miner_public_site/review/originals/rwtd_215.jpg,/home/galoren/rwtd_miner_public_site/review/masks/rwtd_215.jpg,2,2,False,,0.3629032258064516,0.02429805615550756,0.04554655870445344,0.00189208984375,/home/galoren/Detecture/texture_kseg_ade_pretrain/runs/edge_sota_v1/viz/rwtd/rwtd_215.png,/home/galoren/Detecture/texture_kseg_ade_pretrain/runs/edge_sota_v1/viz/rwtd/assets/original/rwtd_215.png,/home/galoren/Detecture/texture_kseg_ade_pretrain/runs/edge_sota_v1/viz/rwtd/assets/gt_edges/rwtd_215.png,/home/galoren/Detecture/texture_kseg_ade_pretrain/runs/edge_sota_v1/viz/rwtd/assets/pred_edges/rwtd_215.png,/home/galoren/Detecture/texture_kseg_ade_pretrain/runs/edge_sota_v1/viz/rwtd/assets/edge_overlays/rwtd_215.png
rwtd_216,/home/galoren/rwtd_miner_public_site/review/originals/rwtd_216.jpg,/home/galoren/rwtd_miner_public_site/review/masks/rwtd_216.jpg,2,2,False,,0.0,0.0,0.0,0.110687255859375,/home/galoren/Detecture/texture_kseg_ade_pretrain/runs/edge_sota_v1/viz/rwtd/rwtd_216.png,/home/galoren/Detecture/texture_kseg_ade_pretrain/runs/edge_sota_v1/viz/rwtd/assets/original/rwtd_216.png,/home/galoren/Detecture/texture_kseg_ade_pretrain/runs/edge_sota_v1/viz/rwtd/assets/gt_edges/rwtd_216.png,/home/galoren/Detecture/texture_kseg_ade_pretrain/runs/edge_sota_v1/viz/rwtd/assets/pred_edges/rwtd_216.png,/home/galoren/Detecture/texture_kseg_ade_pretrain/runs/edge_sota_v1/viz/rwtd/assets/edge_overlays/rwtd_216.png
rwtd_219,/home/galoren/rwtd_miner_public_site/review/originals/rwtd_219.jpg,/home/galoren/rwtd_miner_public_site/review/masks/rwtd_219.jpg,2,2,False,,0.6284552845528455,0.3405286343612335,0.4417142857142857,0.018768310546875,/home/galoren/Detecture/texture_kseg_ade_pretrain/runs/edge_sota_v1/viz/rwtd/rwtd_219.png,/home/galoren/Detecture/texture_kseg_ade_pretrain/runs/edge_sota_v1/viz/rwtd/assets/original/rwtd_219.png,/home/galoren/Detecture/texture_kseg_ade_pretrain/runs/edge_sota_v1/viz/rwtd/assets/gt_edges/rwtd_219.png,/home/galoren/Detecture/texture_kseg_ade_pretrain/runs/edge_sota_v1/viz/rwtd/assets/pred_edges/rwtd_219.png,/home/galoren/Detecture/texture_kseg_ade_pretrain/runs/edge_sota_v1/viz/rwtd/assets/edge_overlays/rwtd_219.png
rwtd_22,/home/galoren/rwtd_miner_public_site/review/originals/rwtd_22.jpg,/home/galoren/rwtd_miner_public_site/review/masks/rwtd_22.jpg,2,2,False,,0.0,0.0,0.0,0.0017547607421875,/home/galoren/Detecture/texture_kseg_ade_pretrain/runs/edge_sota_v1/viz/rwtd/rwtd_22.png,/home/galoren/Detecture/texture_kseg_ade_pretrain/runs/edge_sota_v1/viz/rwtd/assets/original/rwtd_22.png,/home/galoren/Detecture/texture_kseg_ade_pretrain/runs/edge_sota_v1/viz/rwtd/assets/gt_edges/rwtd_22.png,/home/galoren/Detecture/texture_kseg_ade_pretrain/runs/edge_sota_v1/viz/rwtd/assets/pred_edges/rwtd_22.png,/home/galoren/Detecture/texture_kseg_ade_pretrain/runs/edge_sota_v1/viz/rwtd/assets/edge_overlays/rwtd_22.png
rwtd_221,/home/galoren/rwtd_miner_public_site/review/originals/rwtd_221.jpg,/home/galoren/rwtd_miner_public_site/review/masks/rwtd_221.jpg,2,2,False,,0.8966376089663761,0.7775377969762419,0.8328513591671486,0.024505615234375,/home/galoren/Detecture/texture_kseg_ade_pretrain/runs/edge_sota_v1/viz/rwtd/rwtd_221.png,/home/galoren/Detecture/texture_kseg_ade_pretrain/runs/edge_sota_v1/viz/rwtd/assets/original/rwtd_221.png,/home/galoren/Detecture/texture_kseg_ade_pretrain/runs/edge_sota_v1/viz/rwtd/assets/gt_edges/rwtd_221.png,/home/galoren/Detecture/texture_kseg_ade_pretrain/runs/edge_sota_v1/viz/rwtd/assets/pred_edges/rwtd_221.png,/home/galoren/Detecture/texture_kseg_ade_pretrain/runs/edge_sota_v1/viz/rwtd/assets/edge_overlays/rwtd_221.png
rwtd_222,/home/galoren/rwtd_miner_public_site/review/originals/rwtd_222.jpg,/home/galoren/rwtd_miner_public_site/review/masks/rwtd_222.jpg,2,2,False,,0.8282828282828283,0.04632768361581921,0.08774745853397539,0.003021240234375,/home/galoren/Detecture/texture_kseg_ade_pretrain/runs/edge_sota_v1/viz/rwtd/rwtd_222.png,/home/galoren/Detecture/texture_kseg_ade_pretrain/runs/edge_sota_v1/viz/rwtd/assets/original/rwtd_222.png,/home/galoren/Detecture/texture_kseg_ade_pretrain/runs/edge_sota_v1/viz/rwtd/assets/gt_edges/rwtd_222.png,/home/galoren/Detecture/texture_kseg_ade_pretrain/runs/edge_sota_v1/viz/rwtd/assets/pred_edges/rwtd_222.png,/home/galoren/Detecture/texture_kseg_ade_pretrain/runs/edge_sota_v1/viz/rwtd/assets/edge_overlays/rwtd_222.png
rwtd_224,/home/galoren/rwtd_miner_public_site/review/originals/rwtd_224.jpg,/home/galoren/rwtd_miner_public_site/review/masks/rwtd_224.jpg,2,2,False,,0.07133891213389121,0.22627737226277372,0.10847781135676793,0.07293701171875,/home/galoren/Detecture/texture_kseg_ade_pretrain/runs/edge_sota_v1/viz/rwtd/rwtd_224.png,/home/galoren/Detecture/texture_kseg_ade_pretrain/runs/edge_sota_v1/viz/rwtd/assets/original/rwtd_224.png,/home/galoren/Detecture/texture_kseg_ade_pretrain/runs/edge_sota_v1/viz/rwtd/assets/gt_edges/rwtd_224.png,/home/galoren/Detecture/texture_kseg_ade_pretrain/runs/edge_sota_v1/viz/rwtd/assets/pred_edges/rwtd_224.png,/home/galoren/Detecture/texture_kseg_ade_pretrain/runs/edge_sota_v1/viz/rwtd/assets/edge_overlays/rwtd_224.png
rwtd_228,/home/galoren/rwtd_miner_public_site/review/originals/rwtd_228.jpg,/home/galoren/rwtd_miner_public_site/review/masks/rwtd_228.jpg,2,2,False,,0.07262474367737526,0.23506637168141592,0.11096605744125326,0.08929443359375,/home/galoren/Detecture/texture_kseg_ade_pretrain/runs/edge_sota_v1/viz/rwtd/rwtd_228.png,/home/galoren/Detecture/texture_kseg_ade_pretrain/runs/edge_sota_v1/viz/rwtd/assets/original/rwtd_228.png,/home/galoren/Detecture/texture_kseg_ade_pretrain/runs/edge_sota_v1/viz/rwtd/assets/gt_edges/rwtd_228.png,/home/galoren/Detecture/texture_kseg_ade_pretrain/runs/edge_sota_v1/viz/rwtd/assets/pred_edges/rwtd_228.png,/home/galoren/Detecture/texture_kseg_ade_pretrain/runs/edge_sota_v1/viz/rwtd/assets/edge_overlays/rwtd_228.png
rwtd_229,/home/galoren/rwtd_miner_public_site/review/originals/rwtd_229.jpg,/home/galoren/rwtd_miner_public_site/review/masks/rwtd_229.jpg,2,2,False,,0.075998075998076,0.4491188175099488,0.12999835445120947,0.1586151123046875,/home/galoren/Detecture/texture_kseg_ade_pretrain/runs/edge_sota_v1/viz/rwtd/rwtd_229.png,/home/galoren/Detecture/texture_kseg_ade_pretrain/runs/edge_sota_v1/viz/rwtd/assets/original/rwtd_229.png,/home/galoren/Detecture/texture_kseg_ade_pretrain/runs/edge_sota_v1/viz/rwtd/assets/gt_edges/rwtd_229.png,/home/galoren/Detecture/texture_kseg_ade_pretrain/runs/edge_sota_v1/viz/rwtd/assets/pred_edges/rwtd_229.png,/home/galoren/Detecture/texture_kseg_ade_pretrain/runs/edge_sota_v1/viz/rwtd/assets/edge_overlays/rwtd_229.png
rwtd_236,/home/galoren/rwtd_miner_public_site/review/originals/rwtd_236.jpg,/home/galoren/rwtd_miner_public_site/review/masks/rwtd_236.jpg,2,2,False,,0.631578947368421,0.006582556226001097,0.013029315960912053,0.0002899169921875,/home/galoren/Detecture/texture_kseg_ade_pretrain/runs/edge_sota_v1/viz/rwtd/rwtd_236.png,/home/galoren/Detecture/texture_kseg_ade_pretrain/runs/edge_sota_v1/viz/rwtd/assets/original/rwtd_236.png,/home/galoren/Detecture/texture_kseg_ade_pretrain/runs/edge_sota_v1/viz/rwtd/assets/gt_edges/rwtd_236.png,/home/galoren/Detecture/texture_kseg_ade_pretrain/runs/edge_sota_v1/viz/rwtd/assets/pred_edges/rwtd_236.png,/home/galoren/Detecture/texture_kseg_ade_pretrain/runs/edge_sota_v1/viz/rwtd/assets/edge_overlays/rwtd_236.png
rwtd_237,/home/galoren/rwtd_miner_public_site/review/originals/rwtd_237.jpg,/home/galoren/rwtd_miner_public_site/review/masks/rwtd_237.jpg,2,2,False,,0.5245901639344263,0.041857423152387184,0.07752877044215628,0.001861572265625,/home/galoren/Detecture/texture_kseg_ade_pretrain/runs/edge_sota_v1/viz/rwtd/rwtd_237.png,/home/galoren/Detecture/texture_kseg_ade_pretrain/runs/edge_sota_v1/viz/rwtd/assets/original/rwtd_237.png,/home/galoren/Detecture/texture_kseg_ade_pretrain/runs/edge_sota_v1/viz/rwtd/assets/gt_edges/rwtd_237.png,/home/galoren/Detecture/texture_kseg_ade_pretrain/runs/edge_sota_v1/viz/rwtd/assets/pred_edges/rwtd_237.png,/home/galoren/Detecture/texture_kseg_ade_pretrain/runs/edge_sota_v1/viz/rwtd/assets/edge_overlays/rwtd_237.png
rwtd_238,/home/galoren/rwtd_miner_public_site/review/originals/rwtd_238.jpg,/home/galoren/rwtd_miner_public_site/review/masks/rwtd_238.jpg,2,2,False,,0.0,0.0,0.0,0.0,/home/galoren/Detecture/texture_kseg_ade_pretrain/runs/edge_sota_v1/viz/rwtd/rwtd_238.png,/home/galoren/Detecture/texture_kseg_ade_pretrain/runs/edge_sota_v1/viz/rwtd/assets/original/rwtd_238.png,/home/galoren/Detecture/texture_kseg_ade_pretrain/runs/edge_sota_v1/viz/rwtd/assets/gt_edges/rwtd_238.png,/home/galoren/Detecture/texture_kseg_ade_pretrain/runs/edge_sota_v1/viz/rwtd/assets/pred_edges/rwtd_238.png,/home/galoren/Detecture/texture_kseg_ade_pretrain/runs/edge_sota_v1/viz/rwtd/assets/edge_overlays/rwtd_238.png
rwtd_24,/home/galoren/rwtd_miner_public_site/review/originals/rwtd_24.jpg,/home/galoren/rwtd_miner_public_site/review/masks/rwtd_24.jpg,2,2,False,,0.22009291521486643,0.32347083926031295,0.26195138808892987,0.078826904296875,/home/galoren/Detecture/texture_kseg_ade_pretrain/runs/edge_sota_v1/viz/rwtd/rwtd_24.png,/home/galoren/Detecture/texture_kseg_ade_pretrain/runs/edge_sota_v1/viz/rwtd/assets/original/rwtd_24.png,/home/galoren/Detecture/texture_kseg_ade_pretrain/runs/edge_sota_v1/viz/rwtd/assets/gt_edges/rwtd_24.png,/home/galoren/Detecture/texture_kseg_ade_pretrain/runs/edge_sota_v1/viz/rwtd/assets/pred_edges/rwtd_24.png,/home/galoren/Detecture/texture_kseg_ade_pretrain/runs/edge_sota_v1/viz/rwtd/assets/edge_overlays/rwtd_24.png
rwtd_240,/home/galoren/rwtd_miner_public_site/review/originals/rwtd_240.jpg,/home/galoren/rwtd_miner_public_site/review/masks/rwtd_240.jpg,2,2,False,,0.12703101920236337,0.23822714681440443,0.16570327552986513,0.0516510009765625,/home/galoren/Detecture/texture_kseg_ade_pretrain/runs/edge_sota_v1/viz/rwtd/rwtd_240.png,/home/galoren/Detecture/texture_kseg_ade_pretrain/runs/edge_sota_v1/viz/rwtd/assets/original/rwtd_240.png,/home/galoren/Detecture/texture_kseg_ade_pretrain/runs/edge_sota_v1/viz/rwtd/assets/gt_edges/rwtd_240.png,/home/galoren/Detecture/texture_kseg_ade_pretrain/runs/edge_sota_v1/viz/rwtd/assets/pred_edges/rwtd_240.png,/home/galoren/Detecture/texture_kseg_ade_pretrain/runs/edge_sota_v1/viz/rwtd/assets/edge_overlays/rwtd_240.png
rwtd_243,/home/galoren/rwtd_miner_public_site/review/originals/rwtd_243.jpg,/home/galoren/rwtd_miner_public_site/review/masks/rwtd_243.jpg,2,2,False,,0.2638933504657886,0.7918072289156627,0.39585592097337663,0.095001220703125,/home/galoren/Detecture/texture_kseg_ade_pretrain/runs/edge_sota_v1/viz/rwtd/rwtd_243.png,/home/galoren/Detecture/texture_kseg_ade_pretrain/runs/edge_sota_v1/viz/rwtd/assets/original/rwtd_243.png,/home/galoren/Detecture/texture_kseg_ade_pretrain/runs/edge_sota_v1/viz/rwtd/assets/gt_edges/rwtd_243.png,/home/galoren/Detecture/texture_kseg_ade_pretrain/runs/edge_sota_v1/viz/rwtd/assets/pred_edges/rwtd_243.png,/home/galoren/Detecture/texture_kseg_ade_pretrain/runs/edge_sota_v1/viz/rwtd/assets/edge_overlays/rwtd_243.png
rwtd_244,/home/galoren/rwtd_miner_public_site/review/originals/rwtd_244.jpg,/home/galoren/rwtd_miner_public_site/review/masks/rwtd_244.jpg,2,2,False,,0.2754915654883421,0.7176042541281836,0.39813664596273285,0.1420135498046875,/home/galoren/Detecture/texture_kseg_ade_pretrain/runs/edge_sota_v1/viz/rwtd/rwtd_244.png,/home/galoren/Detecture/texture_kseg_ade_pretrain/runs/edge_sota_v1/viz/rwtd/assets/original/rwtd_244.png,/home/galoren/Detecture/texture_kseg_ade_pretrain/runs/edge_sota_v1/viz/rwtd/assets/gt_edges/rwtd_244.png,/home/galoren/Detecture/texture_kseg_ade_pretrain/runs/edge_sota_v1/viz/rwtd/assets/pred_edges/rwtd_244.png,/home/galoren/Detecture/texture_kseg_ade_pretrain/runs/edge_sota_v1/viz/rwtd/assets/edge_overlays/rwtd_244.png
rwtd_245,/home/galoren/rwtd_miner_public_site/review/originals/rwtd_245.jpg,/home/galoren/rwtd_miner_public_site/review/masks/rwtd_245.jpg,2,2,False,,0.012867378271677147,0.042843232716650435,0.01979084673338581,0.1043548583984375,/home/galoren/Detecture/texture_kseg_ade_pretrain/runs/edge_sota_v1/viz/rwtd/rwtd_245.png,/home/galoren/Detecture/texture_kseg_ade_pretrain/runs/edge_sota_v1/viz/rwtd/assets/original/rwtd_245.png,/home/galoren/Detecture/texture_kseg_ade_pretrain/runs/edge_sota_v1/viz/rwtd/assets/gt_edges/rwtd_245.png,/home/galoren/Detecture/texture_kseg_ade_pretrain/runs/edge_sota_v1/viz/rwtd/assets/pred_edges/rwtd_245.png,/home/galoren/Detecture/texture_kseg_ade_pretrain/runs/edge_sota_v1/viz/rwtd/assets/edge_overlays/rwtd_245.png
rwtd_246,/home/galoren/rwtd_miner_public_site/review/originals/rwtd_246.jpg,/home/galoren/rwtd_miner_public_site/review/masks/rwtd_246.jpg,2,2,False,,0.23823246878001922,0.259958071278826,0.24862155388471174,0.031768798828125,/home/galoren/Detecture/texture_kseg_ade_pretrain/runs/edge_sota_v1/viz/rwtd/rwtd_246.png,/home/galoren/Detecture/texture_kseg_ade_pretrain/runs/edge_sota_v1/viz/rwtd/assets/original/rwtd_246.png,/home/galoren/Detecture/texture_kseg_ade_pretrain/runs/edge_sota_v1/viz/rwtd/assets/gt_edges/rwtd_246.png,/home/galoren/Detecture/texture_kseg_ade_pretrain/runs/edge_sota_v1/viz/rwtd/assets/pred_edges/rwtd_246.png,/home/galoren/Detecture/texture_kseg_ade_pretrain/runs/edge_sota_v1/viz/rwtd/assets/edge_overlays/rwtd_246.png
rwtd_247,/home/galoren/rwtd_miner_public_site/review/originals/rwtd_247.jpg,/home/galoren/rwtd_miner_public_site/review/masks/rwtd_247.jpg,2,2,False,,0.4918158567774936,0.9761421319796955,0.6540816326530612,0.059661865234375,/home/galoren/Detecture/texture_kseg_ade_pretrain/runs/edge_sota_v1/viz/rwtd/rwtd_247.png,/home/galoren/Detecture/texture_kseg_ade_pretrain/runs/edge_sota_v1/viz/rwtd/assets/original/rwtd_247.png,/home/galoren/Detecture/texture_kseg_ade_pretrain/runs/edge_sota_v1/viz/rwtd/assets/gt_edges/rwtd_247.png,/home/galoren/Detecture/texture_kseg_ade_pretrain/runs/edge_sota_v1/viz/rwtd/assets/pred_edges/rwtd_247.png,/home/galoren/Detecture/texture_kseg_ade_pretrain/runs/edge_sota_v1/viz/rwtd/assets/edge_overlays/rwtd_247.png
rwtd_25,/home/galoren/rwtd_miner_public_site/review/originals/rwtd_25.jpg,/home/galoren/rwtd_miner_public_site/review/masks/rwtd_25.jpg,2,2,False,,0.4588235294117647,0.011614055985705777,0.022654661632297415,0.0012969970703125,/home/galoren/Detecture/texture_kseg_ade_pretrain/runs/edge_sota_v1/viz/rwtd/rwtd_25.png,/home/galoren/Detecture/texture_kseg_ade_pretrain/runs/edge_sota_v1/viz/rwtd/assets/original/rwtd_25.png,/home/galoren/Detecture/texture_kseg_ade_pretrain/runs/edge_sota_v1/viz/rwtd/assets/gt_edges/rwtd_25.png,/home/galoren/Detecture/texture_kseg_ade_pretrain/runs/edge_sota_v1/viz/rwtd/assets/pred_edges/rwtd_25.png,/home/galoren/Detecture/texture_kseg_ade_pretrain/runs/edge_sota_v1/viz/rwtd/assets/edge_overlays/rwtd_25.png
rwtd_250,/home/galoren/rwtd_miner_public_site/review/originals/rwtd_250.jpg,/home/galoren/rwtd_miner_public_site/review/masks/rwtd_250.jpg,2,2,False,,0.10114840989399293,0.0960167714884696,0.09851580985158098,0.0345458984375,/home/galoren/Detecture/texture_kseg_ade_pretrain/runs/edge_sota_v1/viz/rwtd/rwtd_250.png,/home/galoren/Detecture/texture_kseg_ade_pretrain/runs/edge_sota_v1/viz/rwtd/assets/original/rwtd_250.png,/home/galoren/Detecture/texture_kseg_ade_pretrain/runs/edge_sota_v1/viz/rwtd/assets/gt_edges/rwtd_250.png,/home/galoren/Detecture/texture_kseg_ade_pretrain/runs/edge_sota_v1/viz/rwtd/assets/pred_edges/rwtd_250.png,/home/galoren/Detecture/texture_kseg_ade_pretrain/runs/edge_sota_v1/viz/rwtd/assets/edge_overlays/rwtd_250.png
rwtd_251,/home/galoren/rwtd_miner_public_site/review/originals/rwtd_251.jpg,/home/galoren/rwtd_miner_public_site/review/masks/rwtd_251.jpg,2,2,False,,0.1977077363896848,0.08373786407766991,0.11764705882352941,0.010650634765625,/home/galoren/Detecture/texture_kseg_ade_pretrain/runs/edge_sota_v1/viz/rwtd/rwtd_251.png,/home/galoren/Detecture/texture_kseg_ade_pretrain/runs/edge_sota_v1/viz/rwtd/assets/original/rwtd_251.png,/home/galoren/Detecture/texture_kseg_ade_pretrain/runs/edge_sota_v1/viz/rwtd/assets/gt_edges/rwtd_251.png,/home/galoren/Detecture/texture_kseg_ade_pretrain/runs/edge_sota_v1/viz/rwtd/assets/pred_edges/rwtd_251.png,/home/galoren/Detecture/texture_kseg_ade_pretrain/runs/edge_sota_v1/viz/rwtd/assets/edge_overlays/rwtd_251.png
rwtd_252,/home/galoren/rwtd_miner_public_site/review/originals/rwtd_252.jpg,/home/galoren/rwtd_miner_public_site/review/masks/rwtd_252.jpg,2,2,False,,0.0,0.0,0.0,0.0012969970703125,/home/galoren/Detecture/texture_kseg_ade_pretrain/runs/edge_sota_v1/viz/rwtd/rwtd_252.png,/home/galoren/Detecture/texture_kseg_ade_pretrain/runs/edge_sota_v1/viz/rwtd/assets/original/rwtd_252.png,/home/galoren/Detecture/texture_kseg_ade_pretrain/runs/edge_sota_v1/viz/rwtd/assets/gt_edges/rwtd_252.png,/home/galoren/Detecture/texture_kseg_ade_pretrain/runs/edge_sota_v1/viz/rwtd/assets/pred_edges/rwtd_252.png,/home/galoren/Detecture/texture_kseg_ade_pretrain/runs/edge_sota_v1/viz/rwtd/assets/edge_overlays/rwtd_252.png
rwtd_253,/home/galoren/rwtd_miner_public_site/review/originals/rwtd_253.jpg,/home/galoren/rwtd_miner_public_site/review/masks/rwtd_253.jpg,2,2,False,,0.0,0.0,0.0,0.0031280517578125,/home/galoren/Detecture/texture_kseg_ade_pretrain/runs/edge_sota_v1/viz/rwtd/rwtd_253.png,/home/galoren/Detecture/texture_kseg_ade_pretrain/runs/edge_sota_v1/viz/rwtd/assets/original/rwtd_253.png,/home/galoren/Detecture/texture_kseg_ade_pretrain/runs/edge_sota_v1/viz/rwtd/assets/gt_edges/rwtd_253.png,/home/galoren/Detecture/texture_kseg_ade_pretrain/runs/edge_sota_v1/viz/rwtd/assets/pred_edges/rwtd_253.png,/home/galoren/Detecture/texture_kseg_ade_pretrain/runs/edge_sota_v1/viz/rwtd/assets/edge_overlays/rwtd_253.png
rwtd_254,/home/galoren/rwtd_miner_public_site/review/originals/rwtd_254.jpg,/home/galoren/rwtd_miner_public_site/review/masks/rwtd_254.jpg,2,2,False,,0.11514504360206443,0.4209499024072869,0.18082727780883173,0.0857391357421875,/home/galoren/Detecture/texture_kseg_ade_pretrain/runs/edge_sota_v1/viz/rwtd/rwtd_254.png,/home/galoren/Detecture/texture_kseg_ade_pretrain/runs/edge_sota_v1/viz/rwtd/assets/original/rwtd_254.png,/home/galoren/Detecture/texture_kseg_ade_pretrain/runs/edge_sota_v1/viz/rwtd/assets/gt_edges/rwtd_254.png,/home/galoren/Detecture/texture_kseg_ade_pretrain/runs/edge_sota_v1/viz/rwtd/assets/pred_edges/rwtd_254.png,/home/galoren/Detecture/texture_kseg_ade_pretrain/runs/edge_sota_v1/viz/rwtd/assets/edge_overlays/rwtd_254.png
rwtd_256,/home/galoren/rwtd_miner_public_site/review/originals/rwtd_256.jpg,/home/galoren/rwtd_miner_public_site/review/masks/rwtd_256.jpg,2,2,False,,0.08404384896467722,0.051646706586826345,0.06397774687065369,0.0125274658203125,/home/galoren/Detecture/texture_kseg_ade_pretrain/runs/edge_sota_v1/viz/rwtd/rwtd_256.png,/home/galoren/Detecture/texture_kseg_ade_pretrain/runs/edge_sota_v1/viz/rwtd/assets/original/rwtd_256.png,/home/galoren/Detecture/texture_kseg_ade_pretrain/runs/edge_sota_v1/viz/rwtd/assets/gt_edges/rwtd_256.png,/home/galoren/Detecture/texture_kseg_ade_pretrain/runs/edge_sota_v1/viz/rwtd/assets/pred_edges/rwtd_256.png,/home/galoren/Detecture/texture_kseg_ade_pretrain/runs/edge_sota_v1/viz/rwtd/assets/edge_overlays/rwtd_256.png
rwtd_257,/home/galoren/rwtd_miner_public_site/review/originals/rwtd_257.jpg,/home/galoren/rwtd_miner_public_site/review/masks/rwtd_257.jpg,2,2,False,,0.033112582781456956,0.0037481259370314842,0.006734006734006734,0.004608154296875,/home/galoren/Detecture/texture_kseg_ade_pretrain/runs/edge_sota_v1/viz/rwtd/rwtd_257.png,/home/galoren/Detecture/texture_kseg_ade_pretrain/runs/edge_sota_v1/viz/rwtd/assets/original/rwtd_257.png,/home/galoren/Detecture/texture_kseg_ade_pretrain/runs/edge_sota_v1/viz/rwtd/assets/gt_edges/rwtd_257.png,/home/galoren/Detecture/texture_kseg_ade_pretrain/runs/edge_sota_v1/viz/rwtd/assets/pred_edges/rwtd_257.png,/home/galoren/Detecture/texture_kseg_ade_pretrain/runs/edge_sota_v1/viz/rwtd/assets/edge_overlays/rwtd_257.png
rwtd_258,/home/galoren/rwtd_miner_public_site/review/originals/rwtd_258.jpg,/home/galoren/rwtd_miner_public_site/review/masks/rwtd_258.jpg,2,2,False,,0.11965998256320837,0.25594405594405595,0.1630773800683202,0.07000732421875,/home/galoren/Detecture/texture_kseg_ade_pretrain/runs/edge_sota_v1/viz/rwtd/rwtd_258.png,/home/galoren/Detecture/texture_kseg_ade_pretrain/runs/edge_sota_v1/viz/rwtd/assets/original/rwtd_258.png,/home/galoren/Detecture/texture_kseg_ade_pretrain/runs/edge_sota_v1/viz/rwtd/assets/gt_edges/rwtd_258.png,/home/galoren/Detecture/texture_kseg_ade_pretrain/runs/edge_sota_v1/viz/rwtd/assets/pred_edges/rwtd_258.png,/home/galoren/Detecture/texture_kseg_ade_pretrain/runs/edge_sota_v1/viz/rwtd/assets/edge_overlays/rwtd_258.png
rwtd_259,/home/galoren/rwtd_miner_public_site/review/originals/rwtd_259.jpg,/home/galoren/rwtd_miner_public_site/review/masks/rwtd_259.jpg,2,2,False,,0.37186055229289017,0.8008611410118407,0.5078931649458145,0.1221160888671875,/home/galoren/Detecture/texture_kseg_ade_pretrain/runs/edge_sota_v1/viz/rwtd/rwtd_259.png,/home/galoren/Detecture/texture_kseg_ade_pretrain/runs/edge_sota_v1/viz/rwtd/assets/original/rwtd_259.png,/home/galoren/Detecture/texture_kseg_ade_pretrain/runs/edge_sota_v1/viz/rwtd/assets/gt_edges/rwtd_259.png,/home/galoren/Detecture/texture_kseg_ade_pretrain/runs/edge_sota_v1/viz/rwtd/assets/pred_edges/rwtd_259.png,/home/galoren/Detecture/texture_kseg_ade_pretrain/runs/edge_sota_v1/viz/rwtd/assets/edge_overlays/rwtd_259.png
rwtd_260,/home/galoren/rwtd_miner_public_site/review/originals/rwtd_260.jpg,/home/galoren/rwtd_miner_public_site/review/masks/rwtd_260.jpg,2,2,False,,0.29318181818181815,0.15302491103202848,0.20109119251753704,0.013427734375,/home/galoren/Detecture/texture_kseg_ade_pretrain/runs/edge_sota_v1/viz/rwtd/rwtd_260.png,/home/galoren/Detecture/texture_kseg_ade_pretrain/runs/edge_sota_v1/viz/rwtd/assets/original/rwtd_260.png,/home/galoren/Detecture/texture_kseg_ade_pretrain/runs/edge_sota_v1/viz/rwtd/assets/gt_edges/rwtd_260.png,/home/galoren/Detecture/texture_kseg_ade_pretrain/runs/edge_sota_v1/viz/rwtd/assets/pred_edges/rwtd_260.png,/home/galoren/Detecture/texture_kseg_ade_pretrain/runs/edge_sota_v1/viz/rwtd/assets/edge_overlays/rwtd_260.png
rwtd_261,/home/galoren/rwtd_miner_public_site/review/originals/rwtd_261.jpg,/home/galoren/rwtd_miner_public_site/review/masks/rwtd_261.jpg,2,2,False,,0.3401869158878505,0.11818181818181818,0.17542168674698796,0.0081634521484375,/home/galoren/Detecture/texture_kseg_ade_pretrain/runs/edge_sota_v1/viz/rwtd/rwtd_261.png,/home/galoren/Detecture/texture_kseg_ade_pretrain/runs/edge_sota_v1/viz/rwtd/assets/original/rwtd_261.png,/home/galoren/Detecture/texture_kseg_ade_pretrain/runs/edge_sota_v1/viz/rwtd/assets/gt_edges/rwtd_261.png,/home/galoren/Detecture/texture_kseg_ade_pretrain/runs/edge_sota_v1/viz/rwtd/assets/pred_edges/rwtd_261.png,/home/galoren/Detecture/texture_kseg_ade_pretrain/runs/edge_sota_v1/viz/rwtd/assets/edge_overlays/rwtd_261.png
rwtd_262,/home/galoren/rwtd_miner_public_site/review/originals/rwtd_262.jpg,/home/galoren/rwtd_miner_public_site/review/masks/rwtd_262.jpg,2,2,False,,0.18972415245314803,0.7440132122213047,0.3023489932885906,0.0724639892578125,/home/galoren/Detecture/texture_kseg_ade_pretrain/runs/edge_sota_v1/viz/rwtd/rwtd_262.png,/home/galoren/Detecture/texture_kseg_ade_pretrain/runs/edge_sota_v1/viz/rwtd/assets/original/rwtd_262.png,/home/galoren/Detecture/texture_kseg_ade_pretrain/runs/edge_sota_v1/viz/rwtd/assets/gt_edges/rwtd_262.png,/home/galoren/Detecture/texture_kseg_ade_pretrain/runs/edge_sota_v1/viz/rwtd/assets/pred_edges/rwtd_262.png,/home/galoren/Detecture/texture_kseg_ade_pretrain/runs/edge_sota_v1/viz/rwtd/assets/edge_overlays/rwtd_262.png
rwtd_263,/home/galoren/rwtd_miner_public_site/review/originals/rwtd_263.jpg,/home/galoren/rwtd_miner_public_site/review/masks/rwtd_263.jpg,2,2,False,,0.1767743839456987,0.6226611226611226,0.275370647052063,0.1034088134765625,/home/galoren/Detecture/texture_kseg_ade_pretrain/runs/edge_sota_v1/viz/rwtd/rwtd_263.png,/home/galoren/Detecture/texture_kseg_ade_pretrain/runs/edge_sota_v1/viz/rwtd/assets/original/rwtd_263.png,/home/galoren/Detecture/texture_kseg_ade_pretrain/runs/edge_sota_v1/viz/rwtd/assets/gt_edges/rwtd_263.png,/home/galoren/Detecture/texture_kseg_ade_pretrain/runs/edge_sota_v1/viz/rwtd/assets/pred_edges/rwtd_263.png,/home/galoren/Detecture/texture_kseg_ade_pretrain/runs/edge_sota_v1/viz/rwtd/assets/edge_overlays/rwtd_263.png
rwtd_265,/home/galoren/rwtd_miner_public_site/review/originals/rwtd_265.jpg,/home/galoren/rwtd_miner_public_site/review/masks/rwtd_265.jpg,2,2,False,,0.16779479871749198,0.14110245656081485,0.1532953620829943,0.0428314208984375,/home/galoren/Detecture/texture_kseg_ade_pretrain/runs/edge_sota_v1/viz/rwtd/rwtd_265.png,/home/galoren/Detecture/texture_kseg_ade_pretrain/runs/edge_sota_v1/viz/rwtd/assets/original/rwtd_265.png,/home/galoren/Detecture/texture_kseg_ade_pretrain/runs/edge_sota_v1/viz/rwtd/assets/gt_edges/rwtd_265.png,/home/galoren/Detecture/texture_kseg_ade_pretrain/runs/edge_sota_v1/viz/rwtd/assets/pred_edges/rwtd_265.png,/home/galoren/Detecture/texture_kseg_ade_pretrain/runs/edge_sota_v1/viz/rwtd/assets/edge_overlays/rwtd_265.png
rwtd_268,/home/galoren/rwtd_miner_public_site/review/originals/rwtd_268.jpg,/home/galoren/rwtd_miner_public_site/review/masks/rwtd_268.jpg,2,2,False,,0.033288349077822764,0.08008658008658008,0.04702891642834446,0.067840576171875,/home/galoren/Detecture/texture_kseg_ade_pretrain/runs/edge_sota_v1/viz/rwtd/rwtd_268.png,/home/galoren/Detecture/texture_kseg_ade_pretrain/runs/edge_sota_v1/viz/rwtd/assets/original/rwtd_268.png,/home/galoren/Detecture/texture_kseg_ade_pretrain/runs/edge_sota_v1/viz/rwtd/assets/gt_edges/rwtd_268.png,/home/galoren/Detecture/texture_kseg_ade_pretrain/runs/edge_sota_v1/viz/rwtd/assets/pred_edges/rwtd_268.png,/home/galoren/Detecture/texture_kseg_ade_pretrain/runs/edge_sota_v1/viz/rwtd/assets/edge_overlays/rwtd_268.png
rwtd_269,/home/galoren/rwtd_miner_public_site/review/originals/rwtd_269.jpg,/home/galoren/rwtd_miner_public_site/review/masks/rwtd_269.jpg,2,2,False,,0.08688642063776424,0.2536610878661088,0.12943688283960503,0.085174560546875,/home/galoren/Detecture/texture_kseg_ade_pretrain/runs/edge_sota_v1/viz/rwtd/rwtd_269.png,/home/galoren/Detecture/texture_kseg_ade_pretrain/runs/edge_sota_v1/viz/rwtd/assets/original/rwtd_269.png,/home/galoren/Detecture/texture_kseg_ade_pretrain/runs/edge_sota_v1/viz/rwtd/assets/gt_edges/rwtd_269.png,/home/galoren/Detecture/texture_kseg_ade_pretrain/runs/edge_sota_v1/viz/rwtd/assets/pred_edges/rwtd_269.png,/home/galoren/Detecture/texture_kseg_ade_pretrain/runs/edge_sota_v1/viz/rwtd/assets/edge_overlays/rwtd_269.png
rwtd_27,/home/galoren/rwtd_miner_public_site/review/originals/rwtd_27.jpg,/home/galoren/rwtd_miner_public_site/review/masks/rwtd_27.jpg,4,4,False,,0.22686567164179106,0.05812619502868069,0.09254185692541858,0.02044677734375,/home/galoren/Detecture/texture_kseg_ade_pretrain/runs/edge_sota_v1/viz/rwtd/rwtd_27.png,/home/galoren/Detecture/texture_kseg_ade_pretrain/runs/edge_sota_v1/viz/rwtd/assets/original/rwtd_27.png,/home/galoren/Detecture/texture_kseg_ade_pretrain/runs/edge_sota_v1/viz/rwtd/assets/gt_edges/rwtd_27.png,/home/galoren/Detecture/texture_kseg_ade_pretrain/runs/edge_sota_v1/viz/rwtd/assets/pred_edges/rwtd_27.png,/home/galoren/Detecture/texture_kseg_ade_pretrain/runs/edge_sota_v1/viz/rwtd/assets/edge_overlays/rwtd_27.png
rwtd_270,/home/galoren/rwtd_miner_public_site/review/originals/rwtd_270.jpg,/home/galoren/rwtd_miner_public_site/review/masks/rwtd_270.jpg,2,2,False,,0.23338135418810455,0.4556046605062274,0.30865541643984756,0.0741424560546875,/home/galoren/Detecture/texture_kseg_ade_pretrain/runs/edge_sota_v1/viz/rwtd/rwtd_270.png,/home/galoren/Detecture/texture_kseg_ade_pretrain/runs/edge_sota_v1/viz/rwtd/assets/original/rwtd_270.png,/home/galoren/Detecture/texture_kseg_ade_pretrain/runs/edge_sota_v1/viz/rwtd/assets/gt_edges/rwtd_270.png,/home/galoren/Detecture/texture_kseg_ade_pretrain/runs/edge_sota_v1/viz/rwtd/assets/pred_edges/rwtd_270.png,/home/galoren/Detecture/texture_kseg_ade_pretrain/runs/edge_sota_v1/viz/rwtd/assets/edge_overlays/rwtd_270.png
rwtd_274,/home/galoren/rwtd_miner_public_site/review/originals/rwtd_274.jpg,/home/galoren/rwtd_miner_public_site/review/masks/rwtd_274.jpg,2,2,False,,0.0,0.0,0.0,0.000701904296875,/home/galoren/Detecture/texture_kseg_ade_pretrain/runs/edge_sota_v1/viz/rwtd/rwtd_274.png,/home/galoren/Detecture/texture_kseg_ade_pretrain/runs/edge_sota_v1/viz/rwtd/assets/original/rwtd_274.png,/home/galoren/Detecture/texture_kseg_ade_pretrain/runs/edge_sota_v1/viz/rwtd/assets/gt_edges/rwtd_274.png,/home/galoren/Detecture/texture_kseg_ade_pretrain/runs/edge_sota_v1/viz/rwtd/assets/pred_edges/rwtd_274.png,/home/galoren/Detecture/texture_kseg_ade_pretrain/runs/edge_sota_v1/viz/rwtd/assets/edge_overlays/rwtd_274.png
rwtd_276,/home/galoren/rwtd_miner_public_site/review/originals/rwtd_276.jpg,/home/galoren/rwtd_miner_public_site/review/masks/rwtd_276.jpg,2,2,False,,0.1643874044463146,0.5521790341578328,0.2533506268914829,0.2175750732421875,/home/galoren/Detecture/texture_kseg_ade_pretrain/runs/edge_sota_v1/viz/rwtd/rwtd_276.png,/home/galoren/Detecture/texture_kseg_ade_pretrain/runs/edge_sota_v1/viz/rwtd/assets/original/rwtd_276.png,/home/galoren/Detecture/texture_kseg_ade_pretrain/runs/edge_sota_v1/viz/rwtd/assets/gt_edges/rwtd_276.png,/home/galoren/Detecture/texture_kseg_ade_pretrain/runs/edge_sota_v1/viz/rwtd/assets/pred_edges/rwtd_276.png,/home/galoren/Detecture/texture_kseg_ade_pretrain/runs/edge_sota_v1/viz/rwtd/assets/edge_overlays/rwtd_276.png
rwtd_28,/home/galoren/rwtd_miner_public_site/review/originals/rwtd_28.jpg,/home/galoren/rwtd_miner_public_site/review/masks/rwtd_28.jpg,2,2,False,,0.12544802867383512,0.014282799428688023,0.025645722659827806,0.008514404296875,/home/galoren/Detecture/texture_kseg_ade_pretrain/runs/edge_sota_v1/viz/rwtd/rwtd_28.png,/home/galoren/Detecture/texture_kseg_ade_pretrain/runs/edge_sota_v1/viz/rwtd/assets/original/rwtd_28.png,/home/galoren/Detecture/texture_kseg_ade_pretrain/runs/edge_sota_v1/viz/rwtd/assets/gt_edges/rwtd_28.png,/home/galoren/Detecture/texture_kseg_ade_pretrain/runs/edge_sota_v1/viz/rwtd/assets/pred_edges/rwtd_28.png,/home/galoren/Detecture/texture_kseg_ade_pretrain/runs/edge_sota_v1/viz/rwtd/assets/edge_overlays/rwtd_28.png
rwtd_280,/home/galoren/rwtd_miner_public_site/review/originals/rwtd_280.jpg,/home/galoren/rwtd_miner_public_site/review/masks/rwtd_280.jpg,2,2,False,,0.0,0.0,0.0,0.0,/home/galoren/Detecture/texture_kseg_ade_pretrain/runs/edge_sota_v1/viz/rwtd/rwtd_280.png,/home/galoren/Detecture/texture_kseg_ade_pretrain/runs/edge_sota_v1/viz/rwtd/assets/original/rwtd_280.png,/home/galoren/Detecture/texture_kseg_ade_pretrain/runs/edge_sota_v1/viz/rwtd/assets/gt_edges/rwtd_280.png,/home/galoren/Detecture/texture_kseg_ade_pretrain/runs/edge_sota_v1/viz/rwtd/assets/pred_edges/rwtd_280.png,/home/galoren/Detecture/texture_kseg_ade_pretrain/runs/edge_sota_v1/viz/rwtd/assets/edge_overlays/rwtd_280.png
rwtd_281,/home/galoren/rwtd_miner_public_site/review/originals/rwtd_281.jpg,/home/galoren/rwtd_miner_public_site/review/masks/rwtd_281.jpg,2,2,False,,0.0,0.0,0.0,0.0003204345703125,/home/galoren/Detecture/texture_kseg_ade_pretrain/runs/edge_sota_v1/viz/rwtd/rwtd_281.png,/home/galoren/Detecture/texture_kseg_ade_pretrain/runs/edge_sota_v1/viz/rwtd/assets/original/rwtd_281.png,/home/galoren/Detecture/texture_kseg_ade_pretrain/runs/edge_sota_v1/viz/rwtd/assets/gt_edges/rwtd_281.png,/home/galoren/Detecture/texture_kseg_ade_pretrain/runs/edge_sota_v1/viz/rwtd/assets/pred_edges/rwtd_281.png,/home/galoren/Detecture/texture_kseg_ade_pretrain/runs/edge_sota_v1/viz/rwtd/assets/edge_overlays/rwtd_281.png
rwtd_282,/home/galoren/rwtd_miner_public_site/review/originals/rwtd_282.jpg,/home/galoren/rwtd_miner_public_site/review/masks/rwtd_282.jpg,2,2,False,,0.00278754610172399,0.01716398204383417,0.004796163069544365,0.355804443359375,/home/galoren/Detecture/texture_kseg_ade_pretrain/runs/edge_sota_v1/viz/rwtd/rwtd_282.png,/home/galoren/Detecture/texture_kseg_ade_pretrain/runs/edge_sota_v1/viz/rwtd/assets/original/rwtd_282.png,/home/galoren/Detecture/texture_kseg_ade_pretrain/runs/edge_sota_v1/viz/rwtd/assets/gt_edges/rwtd_282.png,/home/galoren/Detecture/texture_kseg_ade_pretrain/runs/edge_sota_v1/viz/rwtd/assets/pred_edges/rwtd_282.png,/home/galoren/Detecture/texture_kseg_ade_pretrain/runs/edge_sota_v1/viz/rwtd/assets/edge_overlays/rwtd_282.png
rwtd_288,/home/galoren/rwtd_miner_public_site/review/originals/rwtd_288.jpg,/home/galoren/rwtd_miner_public_site/review/masks/rwtd_288.jpg,2,2,False,,0.6430180180180181,0.3766490765171504,0.4750415973377704,0.027099609375,/home/galoren/Detecture/texture_kseg_ade_pretrain/runs/edge_sota_v1/viz/rwtd/rwtd_288.png,/home/galoren/Detecture/texture_kseg_ade_pretrain/runs/edge_sota_v1/viz/rwtd/assets/original/rwtd_288.png,/home/galoren/Detecture/texture_kseg_ade_pretrain/runs/edge_sota_v1/viz/rwtd/assets/gt_edges/rwtd_288.png,/home/galoren/Detecture/texture_kseg_ade_pretrain/runs/edge_sota_v1/viz/rwtd/assets/pred_edges/rwtd_288.png,/home/galoren/Detecture/texture_kseg_ade_pretrain/runs/edge_sota_v1/viz/rwtd/assets/edge_overlays/rwtd_288.png
rwtd_293,/home/galoren/rwtd_miner_public_site/review/originals/rwtd_293.jpg,/home/galoren/rwtd_miner_public_site/review/masks/rwtd_293.jpg,2,2,False,,0.12244897959183673,0.005604857543204111,0.010719071013845467,0.001495361328125,/home/galoren/Detecture/texture_kseg_ade_pretrain/runs/edge_sota_v1/viz/rwtd/rwtd_293.png,/home/galoren/Detecture/texture_kseg_ade_pretrain/runs/edge_sota_v1/viz/rwtd/assets/original/rwtd_293.png,/home/galoren/Detecture/texture_kseg_ade_pretrain/runs/edge_sota_v1/viz/rwtd/assets/gt_edges/rwtd_293.png,/home/galoren/Detecture/texture_kseg_ade_pretrain/runs/edge_sota_v1/viz/rwtd/assets/pred_edges/rwtd_293.png,/home/galoren/Detecture/texture_kseg_ade_pretrain/runs/edge_sota_v1/viz/rwtd/assets/edge_overlays/rwtd_293.png
rwtd_294,/home/galoren/rwtd_miner_public_site/review/originals/rwtd_294.jpg,/home/galoren/rwtd_miner_public_site/review/masks/rwtd_294.jpg,2,2,False,,0.2390310786106033,0.26629327902240324,0.2519267822736031,0.03338623046875,/home/galoren/Detecture/texture_kseg_ade_pretrain/runs/edge_sota_v1/viz/rwtd/rwtd_294.png,/home/galoren/Detecture/texture_kseg_ade_pretrain/runs/edge_sota_v1/viz/rwtd/assets/original/rwtd_294.png,/home/galoren/Detecture/texture_kseg_ade_pretrain/runs/edge_sota_v1/viz/rwtd/assets/gt_edges/rwtd_294.png,/home/galoren/Detecture/texture_kseg_ade_pretrain/runs/edge_sota_v1/viz/rwtd/assets/pred_edges/rwtd_294.png,/home/galoren/Detecture/texture_kseg_ade_pretrain/runs/edge_sota_v1/viz/rwtd/assets/edge_overlays/rwtd_294.png
rwtd_299,/home/galoren/rwtd_miner_public_site/review/originals/rwtd_299.jpg,/home/galoren/rwtd_miner_public_site/review/masks/rwtd_299.jpg,2,2,False,,0.015267175572519083,0.0007920792079207921,0.0015060240963855425,0.0019989013671875,/home/galoren/Detecture/texture_kseg_ade_pretrain/runs/edge_sota_v1/viz/rwtd/rwtd_299.png,/home/galoren/Detecture/texture_kseg_ade_pretrain/runs/edge_sota_v1/viz/rwtd/assets/original/rwtd_299.png,/home/galoren/Detecture/texture_kseg_ade_pretrain/runs/edge_sota_v1/viz/rwtd/assets/gt_edges/rwtd_299.png,/home/galoren/Detecture/texture_kseg_ade_pretrain/runs/edge_sota_v1/viz/rwtd/assets/pred_edges/rwtd_299.png,/home/galoren/Detecture/texture_kseg_ade_pretrain/runs/edge_sota_v1/viz/rwtd/assets/edge_overlays/rwtd_299.png
rwtd_3,/home/galoren/rwtd_miner_public_site/review/originals/rwtd_3.jpg,/home/galoren/rwtd_miner_public_site/review/masks/rwtd_3.jpg,2,2,False,,0.234688995215311,0.5925702204771972,0.3362179761802759,0.1275634765625,/home/galoren/Detecture/texture_kseg_ade_pretrain/runs/edge_sota_v1/viz/rwtd/rwtd_3.png,/home/galoren/Detecture/texture_kseg_ade_pretrain/runs/edge_sota_v1/viz/rwtd/assets/original/rwtd_3.png,/home/galoren/Detecture/texture_kseg_ade_pretrain/runs/edge_sota_v1/viz/rwtd/assets/gt_edges/rwtd_3.png,/home/galoren/Detecture/texture_kseg_ade_pretrain/runs/edge_sota_v1/viz/rwtd/assets/pred_edges/rwtd_3.png,/home/galoren/Detecture/texture_kseg_ade_pretrain/runs/edge_sota_v1/viz/rwtd/assets/edge_overlays/rwtd_3.png
rwtd_30,/home/galoren/rwtd_miner_public_site/review/originals/rwtd_30.jpg,/home/galoren/rwtd_miner_public_site/review/masks/rwtd_30.jpg,2,2,False,,0.10645848119233499,0.027512839325018343,0.043725404459991256,0.0214996337890625,/home/galoren/Detecture/texture_kseg_ade_pretrain/runs/edge_sota_v1/viz/rwtd/rwtd_30.png,/home/galoren/Detecture/texture_kseg_ade_pretrain/runs/edge_sota_v1/viz/rwtd/assets/original/rwtd_30.png,/home/galoren/Detecture/texture_kseg_ade_pretrain/runs/edge_sota_v1/viz/rwtd/assets/gt_edges/rwtd_30.png,/home/galoren/Detecture/texture_kseg_ade_pretrain/runs/edge_sota_v1/viz/rwtd/assets/pred_edges/rwtd_30.png,/home/galoren/Detecture/texture_kseg_ade_pretrain/runs/edge_sota_v1/viz/rwtd/assets/edge_overlays/rwtd_30.png
rwtd_300,/home/galoren/rwtd_miner_public_site/review/originals/rwtd_300.jpg,/home/galoren/rwtd_miner_public_site/review/masks/rwtd_300.jpg,2,2,False,,0.5829383886255924,0.14227877385772122,0.22873082287308227,0.006439208984375,/home/galoren/Detecture/texture_kseg_ade_pretrain/runs/edge_sota_v1/viz/rwtd/rwtd_300.png,/home/galoren/Detecture/texture_kseg_ade_pretrain/runs/edge_sota_v1/viz/rwtd/assets/original/rwtd_300.png,/home/galoren/Detecture/texture_kseg_ade_pretrain/runs/edge_sota_v1/viz/rwtd/assets/gt_edges/rwtd_300.png,/home/galoren/Detecture/texture_kseg_ade_pretrain/runs/edge_sota_v1/viz/rwtd/assets/pred_edges/rwtd_300.png,/home/galoren/Detecture/texture_kseg_ade_pretrain/runs/edge_sota_v1/viz/rwtd/assets/edge_overlays/rwtd_300.png
rwtd_302,/home/galoren/rwtd_miner_public_site/review/originals/rwtd_302.jpg,/home/galoren/rwtd_miner_public_site/review/masks/rwtd_302.jpg,2,2,False,,0.6363636363636364,0.08955987717502559,0.15702108568864961,0.0041961669921875,/home/galoren/Detecture/texture_kseg_ade_pretrain/runs/edge_sota_v1/viz/rwtd/rwtd_302.png,/home/galoren/Detecture/texture_kseg_ade_pretrain/runs/edge_sota_v1/viz/rwtd/assets/original/rwtd_302.png,/home/galoren/Detecture/texture_kseg_ade_pretrain/runs/edge_sota_v1/viz/rwtd/assets/gt_edges/rwtd_302.png,/home/galoren/Detecture/texture_kseg_ade_pretrain/runs/edge_sota_v1/viz/rwtd/assets/pred_edges/rwtd_302.png,/home/galoren/Detecture/texture_kseg_ade_pretrain/runs/edge_sota_v1/viz/rwtd/assets/edge_overlays/rwtd_302.png
rwtd_303,/home/galoren/rwtd_miner_public_site/review/originals/rwtd_303.jpg,/home/galoren/rwtd_miner_public_site/review/masks/rwtd_303.jpg,2,2,False,,0.49560117302052786,0.09740634005763689,0.1628131021194605,0.0052032470703125,/home/galoren/Detecture/texture_kseg_ade_pretrain/runs/edge_sota_v1/viz/rwtd/rwtd_303.png,/home/galoren/Detecture/texture_kseg_ade_pretrain/runs/edge_sota_v1/viz/rwtd/assets/original/rwtd_303.png,/home/galoren/Detecture/texture_kseg_ade_pretrain/runs/edge_sota_v1/viz/rwtd/assets/gt_edges/rwtd_303.png,/home/galoren/Detecture/texture_kseg_ade_pretrain/runs/edge_sota_v1/viz/rwtd/assets/pred_edges/rwtd_303.png,/home/galoren/Detecture/texture_kseg_ade_pretrain/runs/edge_sota_v1/viz/rwtd/assets/edge_overlays/rwtd_303.png
rwtd_304,/home/galoren/rwtd_miner_public_site/review/originals/rwtd_304.jpg,/home/galoren/rwtd_miner_public_site/review/masks/rwtd_304.jpg,2,2,False,,0.15300546448087432,0.008631319358816275,0.016340822877152026,0.0027923583984375,/home/galoren/Detecture/texture_kseg_ade_pretrain/runs/edge_sota_v1/viz/rwtd/rwtd_304.png,/home/galoren/Detecture/texture_kseg_ade_pretrain/runs/edge_sota_v1/viz/rwtd/assets/original/rwtd_304.png,/home/galoren/Detecture/texture_kseg_ade_pretrain/runs/edge_sota_v1/viz/rwtd/assets/gt_edges/rwtd_304.png,/home/galoren/Detecture/texture_kseg_ade_pretrain/runs/edge_sota_v1/viz/rwtd/assets/pred_edges/rwtd_304.png,/home/galoren/Detecture/texture_kseg_ade_pretrain/runs/edge_sota_v1/viz/rwtd/assets/edge_overlays/rwtd_304.png
rwtd_308,/home/galoren/rwtd_miner_public_site/review/originals/rwtd_308.jpg,/home/galoren/rwtd_miner_public_site/review/masks/rwtd_308.jpg,2,2,False,,0.1531486648066959,0.3194762003741426,0.20704519431534993,0.15313720703125,/home/galoren/Detecture/texture_kseg_ade_pretrain/runs/edge_sota_v1/viz/rwtd/rwtd_308.png,/home/galoren/Detecture/texture_kseg_ade_pretrain/runs/edge_sota_v1/viz/rwtd/assets/original/rwtd_308.png,/home/galoren/Detecture/texture_kseg_ade_pretrain/runs/edge_sota_v1/viz/rwtd/assets/gt_edges/rwtd_308.png,/home/galoren/Detecture/texture_kseg_ade_pretrain/runs/edge_sota_v1/viz/rwtd/assets/pred_edges/rwtd_308.png,/home/galoren/Detecture/texture_kseg_ade_pretrain/runs/edge_sota_v1/viz/rwtd/assets/edge_overlays/rwtd_308.png
rwtd_310,/home/galoren/rwtd_miner_public_site/review/originals/rwtd_310.jpg,/home/galoren/rwtd_miner_public_site/review/masks/rwtd_310.jpg,2,2,False,,0.3855072463768116,0.7511093182734974,0.5095088247366261,0.073699951171875,/home/galoren/Detecture/texture_kseg_ade_pretrain/runs/edge_sota_v1/viz/rwtd/rwtd_310.png,/home/galoren/Detecture/texture_kseg_ade_pretrain/runs/edge_sota_v1/viz/rwtd/assets/original/rwtd_310.png,/home/galoren/Detecture/texture_kseg_ade_pretrain/runs/edge_sota_v1/viz/rwtd/assets/gt_edges/rwtd_310.png,/home/galoren/Detecture/texture_kseg_ade_pretrain/runs/edge_sota_v1/viz/rwtd/assets/pred_edges/rwtd_310.png,/home/galoren/Detecture/texture_kseg_ade_pretrain/runs/edge_sota_v1/viz/rwtd/assets/edge_overlays/rwtd_310.png
rwtd_311,/home/galoren/rwtd_miner_public_site/review/originals/rwtd_311.jpg,/home/galoren/rwtd_miner_public_site/review/masks/rwtd_311.jpg,2,2,False,,0.32051649928263987,0.6804751751446847,0.43577489515263823,0.106353759765625,/home/galoren/Detecture/texture_kseg_ade_pretrain/runs/edge_sota_v1/viz/rwtd/rwtd_311.png,/home/galoren/Detecture/texture_kseg_ade_pretrain/runs/edge_sota_v1/viz/rwtd/assets/original/rwtd_311.png,/home/galoren/Detecture/texture_kseg_ade_pretrain/runs/edge_sota_v1/viz/rwtd/assets/gt_edges/rwtd_311.png,/home/galoren/Detecture/texture_kseg_ade_pretrain/runs/edge_sota_v1/viz/rwtd/assets/pred_edges/rwtd_311.png,/home/galoren/Detecture/texture_kseg_ade_pretrain/runs/edge_sota_v1/viz/rwtd/assets/edge_overlays/rwtd_311.png
rwtd_315,/home/galoren/rwtd_miner_public_site/review/originals/rwtd_315.jpg,/home/galoren/rwtd_miner_public_site/review/masks/rwtd_315.jpg,2,2,False,,0.0,0.0,0.0,0.0,/home/galoren/Detecture/texture_kseg_ade_pretrain/runs/edge_sota_v1/viz/rwtd/rwtd_315.png,/home/galoren/Detecture/texture_kseg_ade_pretrain/runs/edge_sota_v1/viz/rwtd/assets/original/rwtd_315.png,/home/galoren/Detecture/texture_kseg_ade_pretrain/runs/edge_sota_v1/viz/rwtd/assets/gt_edges/rwtd_315.png,/home/galoren/Detecture/texture_kseg_ade_pretrain/runs/edge_sota_v1/viz/rwtd/assets/pred_edges/rwtd_315.png,/home/galoren/Detecture/texture_kseg_ade_pretrain/runs/edge_sota_v1/viz/rwtd/assets/edge_overlays/rwtd_315.png
rwtd_318,/home/galoren/rwtd_miner_public_site/review/originals/rwtd_318.jpg,/home/galoren/rwtd_miner_public_site/review/masks/rwtd_318.jpg,2,2,False,,0.07992106561420818,0.05079962370649106,0.06211656441717791,0.0309295654296875,/home/galoren/Detecture/texture_kseg_ade_pretrain/runs/edge_sota_v1/viz/rwtd/rwtd_318.png,/home/galoren/Detecture/texture_kseg_ade_pretrain/runs/edge_sota_v1/viz/rwtd/assets/original/rwtd_318.png,/home/galoren/Detecture/texture_kseg_ade_pretrain/runs/edge_sota_v1/viz/rwtd/assets/gt_edges/rwtd_318.png,/home/galoren/Detecture/texture_kseg_ade_pretrain/runs/edge_sota_v1/viz/rwtd/assets/pred_edges/rwtd_318.png,/home/galoren/Detecture/texture_kseg_ade_pretrain/runs/edge_sota_v1/viz/rwtd/assets/edge_overlays/rwtd_318.png
rwtd_319,/home/galoren/rwtd_miner_public_site/review/originals/rwtd_319.jpg,/home/galoren/rwtd_miner_public_site/review/masks/rwtd_319.jpg,2,2,False,,0.30482897384305835,0.2571064913025032,0.2789413118527043,0.03033447265625,/home/galoren/Detecture/texture_kseg_ade_pretrain/runs/edge_sota_v1/viz/rwtd/rwtd_319.png,/home/galoren/Detecture/texture_kseg_ade_pretrain/runs/edge_sota_v1/viz/rwtd/assets/original/rwtd_319.png,/home/galoren/Detecture/texture_kseg_ade_pretrain/runs/edge_sota_v1/viz/rwtd/assets/gt_edges/rwtd_319.png,/home/galoren/Detecture/texture_kseg_ade_pretrain/runs/edge_sota_v1/viz/rwtd/assets/pred_edges/rwtd_319.png,/home/galoren/Detecture/texture_kseg_ade_pretrain/runs/edge_sota_v1/viz/rwtd/assets/edge_overlays/rwtd_319.png
rwtd_321,/home/galoren/rwtd_miner_public_site/review/originals/rwtd_321.jpg,/home/galoren/rwtd_miner_public_site/review/masks/rwtd_321.jpg,3,3,False,,0.07498362802881467,0.2508214676889376,0.11545248298462314,0.1864013671875,/home/galoren/Detecture/texture_kseg_ade_pretrain/runs/edge_sota_v1/viz/rwtd/rwtd_321.png,/home/galoren/Detecture/texture_kseg_ade_pretrain/runs/edge_sota_v1/viz/rwtd/assets/original/rwtd_321.png,/home/galoren/Detecture/texture_kseg_ade_pretrain/runs/edge_sota_v1/viz/rwtd/assets/gt_edges/rwtd_321.png,/home/galoren/Detecture/texture_kseg_ade_pretrain/runs/edge_sota_v1/viz/rwtd/assets/pred_edges/rwtd_321.png,/home/galoren/Detecture/texture_kseg_ade_pretrain/runs/edge_sota_v1/viz/rwtd/assets/edge_overlays/rwtd_321.png
rwtd_322,/home/galoren/rwtd_miner_public_site/review/originals/rwtd_322.jpg,/home/galoren/rwtd_miner_public_site/review/masks/rwtd_322.jpg,2,2,False,,0.1864705272972133,0.4282655246252677,0.2598152424942264,0.1472930908203125,/home/galoren/Detecture/texture_kseg_ade_pretrain/runs/edge_sota_v1/viz/rwtd/rwtd_322.png,/home/galoren/Detecture/texture_kseg_ade_pretrain/runs/edge_sota_v1/viz/rwtd/assets/original/rwtd_322.png,/home/galoren/Detecture/texture_kseg_ade_pretrain/runs/edge_sota_v1/viz/rwtd/assets/gt_edges/rwtd_322.png,/home/galoren/Detecture/texture_kseg_ade_pretrain/runs/edge_sota_v1/viz/rwtd/assets/pred_edges/rwtd_322.png,/home/galoren/Detecture/texture_kseg_ade_pretrain/runs/edge_sota_v1/viz/rwtd/assets/edge_overlays/rwtd_322.png
rwtd_323,/home/galoren/rwtd_miner_public_site/review/originals/rwtd_323.jpg,/home/galoren/rwtd_miner_public_site/review/masks/rwtd_323.jpg,2,2,False,,0.3224188790560472,0.2663904460151109,0.29173895635926866,0.051727294921875,/home/galoren/Detecture/texture_kseg_ade_pretrain/runs/edge_sota_v1/viz/rwtd/rwtd_323.png,/home/galoren/Detecture/texture_kseg_ade_pretrain/runs/edge_sota_v1/viz/rwtd/assets/original/rwtd_323.png,/home/galoren/Detecture/texture_kseg_ade_pretrain/runs/edge_sota_v1/viz/rwtd/assets/gt_edges/rwtd_323.png,/home/galoren/Detecture/texture_kseg_ade_pretrain/runs/edge_sota_v1/viz/rwtd/assets/pred_edges/rwtd_323.png,/home/galoren/Detecture/texture_kseg_ade_pretrain/runs/edge_sota_v1/viz/rwtd/assets/edge_overlays/rwtd_323.png
rwtd_324,/home/galoren/rwtd_miner_public_site/review/originals/rwtd_324.jpg,/home/galoren/rwtd_miner_public_site/review/masks/rwtd_324.jpg,2,2,False,,0.6440129449838188,0.08315921437526118,0.1472982975573649,0.0047149658203125,/home/galoren/Detecture/texture_kseg_ade_pretrain/runs/edge_sota_v1/viz/rwtd/rwtd_324.png,/home/galoren/Detecture/texture_kseg_ade_pretrain/runs/edge_sota_v1/viz/rwtd/assets/original/rwtd_324.png,/home/galoren/Detecture/texture_kseg_ade_pretrain/runs/edge_sota_v1/viz/rwtd/assets/gt_edges/rwtd_324.png,/home/galoren/Detecture/texture_kseg_ade_pretrain/runs/edge_sota_v1/viz/rwtd/assets/pred_edges/rwtd_324.png,/home/galoren/Detecture/texture_kseg_ade_pretrain/runs/edge_sota_v1/viz/rwtd/assets/edge_overlays/rwtd_324.png
rwtd_325,/home/galoren/rwtd_miner_public_site/review/originals/rwtd_325.jpg,/home/galoren/rwtd_miner_public_site/review/masks/rwtd_325.jpg,3,3,False,,0.09695402298850575,0.3734779721053797,0.1539444267007346,0.2655029296875,/home/galoren/Detecture/texture_kseg_ade_pretrain/runs/edge_sota_v1/viz/rwtd/rwtd_325.png,/home/galoren/Detecture/texture_kseg_ade_pretrain/runs/edge_sota_v1/viz/rwtd/assets/original/rwtd_325.png,/home/galoren/Detecture/texture_kseg_ade_pretrain/runs/edge_sota_v1/viz/rwtd/assets/gt_edges/rwtd_325.png,/home/galoren/Detecture/texture_kseg_ade_pretrain/runs/edge_sota_v1/viz/rwtd/assets/pred_edges/rwtd_325.png,/home/galoren/Detecture/texture_kseg_ade_pretrain/runs/edge_sota_v1/viz/rwtd/assets/edge_overlays/rwtd_325.png
rwtd_327,/home/galoren/rwtd_miner_public_site/review/originals/rwtd_327.jpg,/home/galoren/rwtd_miner_public_site/review/masks/rwtd_327.jpg,2,2,False,,0.03804834377797672,0.02302898943375779,0.028691983122362867,0.034088134765625,/home/galoren/Detecture/texture_kseg_ade_pretrain/runs/edge_sota_v1/viz/rwtd/rwtd_327.png,/home/galoren/Detecture/texture_kseg_ade_pretrain/runs/edge_sota_v1/viz/rwtd/assets/original/rwtd_327.png,/home/galoren/Detecture/texture_kseg_ade_pretrain/runs/edge_sota_v1/viz/rwtd/assets/gt_edges/rwtd_327.png,/home/galoren/Detecture/texture_kseg_ade_pretrain/runs/edge_sota_v1/viz/rwtd/assets/pred_edges/rwtd_327.png,/home/galoren/Detecture/texture_kseg_ade_pretrain/runs/edge_sota_v1/viz/rwtd/assets/edge_overlays/rwtd_327.png
rwtd_328,/home/galoren/rwtd_miner_public_site/review/originals/rwtd_328.jpg,/home/galoren/rwtd_miner_public_site/review/masks/rwtd_328.jpg,2,2,False,,0.0995675349492105,0.258148631029987,0.1437073595587168,0.1517181396484375,/home/galoren/Detecture/texture_kseg_ade_pretrain/runs/edge_sota_v1/viz/rwtd/rwtd_328.png,/home/galoren/Detecture/texture_kseg_ade_pretrain/runs/edge_sota_v1/viz/rwtd/assets/original/rwtd_328.png,/home/galoren/Detecture/texture_kseg_ade_pretrain/runs/edge_sota_v1/viz/rwtd/assets/gt_edges/rwtd_328.png,/home/galoren/Detecture/texture_kseg_ade_pretrain/runs/edge_sota_v1/viz/rwtd/assets/pred_edges/rwtd_328.png,/home/galoren/Detecture/texture_kseg_ade_pretrain/runs/edge_sota_v1/viz/rwtd/assets/edge_overlays/rwtd_328.png
rwtd_329,/home/galoren/rwtd_miner_public_site/review/originals/rwtd_329.jpg,/home/galoren/rwtd_miner_public_site/review/masks/rwtd_329.jpg,2,2,False,,0.0898731455600946,0.07081145180416737,0.07921167329922305,0.0709686279296875,/home/galoren/Detecture/texture_kseg_ade_pretrain/runs/edge_sota_v1/viz/rwtd/rwtd_329.png,/home/galoren/Detecture/texture_kseg_ade_pretrain/runs/edge_sota_v1/viz/rwtd/assets/original/rwtd_329.png,/home/galoren/Detecture/texture_kseg_ade_pretrain/runs/edge_sota_v1/viz/rwtd/assets/gt_edges/rwtd_329.png,/home/galoren/Detecture/texture_kseg_ade_pretrain/runs/edge_sota_v1/viz/rwtd/assets/pred_edges/rwtd_329.png,/home/galoren/Detecture/texture_kseg_ade_pretrain/runs/edge_sota_v1/viz/rwtd/assets/edge_overlays/rwtd_329.png
rwtd_33,/home/galoren/rwtd_miner_public_site/review/originals/rwtd_33.jpg,/home/galoren/rwtd_miner_public_site/review/masks/rwtd_33.jpg,2,2,False,,0.0,0.0,0.0,0.0,/home/galoren/Detecture/texture_kseg_ade_pretrain/runs/edge_sota_v1/viz/rwtd/rwtd_33.png,/home/galoren/Detecture/texture_kseg_ade_pretrain/runs/edge_sota_v1/viz/rwtd/assets/original/rwtd_33.png,/home/galoren/Detecture/texture_kseg_ade_pretrain/runs/edge_sota_v1/viz/rwtd/assets/gt_edges/rwtd_33.png,/home/galoren/Detecture/texture_kseg_ade_pretrain/runs/edge_sota_v1/viz/rwtd/assets/pred_edges/rwtd_33.png,/home/galoren/Detecture/texture_kseg_ade_pretrain/runs/edge_sota_v1/viz/rwtd/assets/edge_overlays/rwtd_33.png
rwtd_330,/home/galoren/rwtd_miner_public_site/review/originals/rwtd_330.jpg,/home/galoren/rwtd_miner_public_site/review/masks/rwtd_330.jpg,2,2,False,,0.4596774193548387,0.04259293853913693,0.07796204479398187,0.007568359375,/home/galoren/Detecture/texture_kseg_ade_pretrain/runs/edge_sota_v1/viz/rwtd/rwtd_330.png,/home/galoren/Detecture/texture_kseg_ade_pretrain/runs/edge_sota_v1/viz/rwtd/assets/original/rwtd_330.png,/home/galoren/Detecture/texture_kseg_ade_pretrain/runs/edge_sota_v1/viz/rwtd/assets/gt_edges/rwtd_330.png,/home/galoren/Detecture/texture_kseg_ade_pretrain/runs/edge_sota_v1/viz/rwtd/assets/pred_edges/rwtd_330.png,/home/galoren/Detecture/texture_kseg_ade_pretrain/runs/edge_sota_v1/viz/rwtd/assets/edge_overlays/rwtd_330.png
rwtd_331,/home/galoren/rwtd_miner_public_site/review/originals/rwtd_331.jpg,/home/galoren/rwtd_miner_public_site/review/masks/rwtd_331.jpg,2,2,False,,0.165475213875542,0.573051948051948,0.25679730835682457,0.260406494140625,/home/galoren/Detecture/texture_kseg_ade_pretrain/runs/edge_sota_v1/viz/rwtd/rwtd_331.png,/home/galoren/Detecture/texture_kseg_ade_pretrain/runs/edge_sota_v1/viz/rwtd/assets/original/rwtd_331.png,/home/galoren/Detecture/texture_kseg_ade_pretrain/runs/edge_sota_v1/viz/rwtd/assets/gt_edges/rwtd_331.png,/home/galoren/Detecture/texture_kseg_ade_pretrain/runs/edge_sota_v1/viz/rwtd/assets/pred_edges/rwtd_331.png,/home/galoren/Detecture/texture_kseg_ade_pretrain/runs/edge_sota_v1/viz/rwtd/assets/edge_overlays/rwtd_331.png
rwtd_332,/home/galoren/rwtd_miner_public_site/review/originals/rwtd_332.jpg,/home/galoren/rwtd_miner_public_site/review/masks/rwtd_332.jpg,2,2,False,,0.0754883833105555,0.22846715328467154,0.1134811771103994,0.1898040771484375,/home/galoren/Detecture/texture_kseg_ade_pretrain/runs/edge_sota_v1/viz/rwtd/rwtd_332.png,/home/galoren/Detecture/texture_kseg_ade_pretrain/runs/edge_sota_v1/viz/rwtd/assets/original/rwtd_332.png,/home/galoren/Detecture/texture_kseg_ade_pretrain/runs/edge_sota_v1/viz/rwtd/assets/gt_edges/rwtd_332.png,/home/galoren/Detecture/texture_kseg_ade_pretrain/runs/edge_sota_v1/viz/rwtd/assets/pred_edges/rwtd_332.png,/home/galoren/Detecture/texture_kseg_ade_pretrain/runs/edge_sota_v1/viz/rwtd/assets/edge_overlays/rwtd_332.png
rwtd_334,/home/galoren/rwtd_miner_public_site/review/originals/rwtd_334.jpg,/home/galoren/rwtd_miner_public_site/review/masks/rwtd_334.jpg,2,2,False,,0.023655913978494623,0.00726672171758877,0.011118130132659507,0.02838134765625,/home/galoren/Detecture/texture_kseg_ade_pretrain/runs/edge_sota_v1/viz/rwtd/rwtd_334.png,/home/galoren/Detecture/texture_kseg_ade_pretrain/runs/edge_sota_v1/viz/rwtd/assets/original/rwtd_334.png,/home/galoren/Detecture/texture_kseg_ade_pretrain/runs/edge_sota_v1/viz/rwtd/assets/gt_edges/rwtd_334.png,/home/galoren/Detecture/texture_kseg_ade_pretrain/runs/edge_sota_v1/viz/rwtd/assets/pred_edges/rwtd_334.png,/home/galoren/Detecture/texture_kseg_ade_pretrain/runs/edge_sota_v1/viz/rwtd/assets/edge_overlays/rwtd_334.png
rwtd_337,/home/galoren/rwtd_miner_public_site/review/originals/rwtd_337.jpg,/home/galoren/rwtd_miner_public_site/review/masks/rwtd_337.jpg,2,2,False,,0.13688020877178214,0.6777824093372239,0.2277629920156885,0.1812591552734375,/home/galoren/Detecture/texture_kseg_ade_pretrain/runs/edge_sota_v1/viz/rwtd/rwtd_337.png,/home/galoren/Detecture/texture_kseg_ade_pretrain/runs/edge_sota_v1/viz/rwtd/assets/original/rwtd_337.png,/home/galoren/Detecture/texture_kseg_ade_pretrain/runs/edge_sota_v1/viz/rwtd/assets/gt_edges/rwtd_337.png,/home/galoren/Detecture/texture_kseg_ade_pretrain/runs/edge_sota_v1/viz/rwtd/assets/pred_edges/rwtd_337.png,/home/galoren/Detecture/texture_kseg_ade_pretrain/runs/edge_sota_v1/viz/rwtd/assets/edge_overlays/rwtd_337.png
rwtd_34,/home/galoren/rwtd_miner_public_site/review/originals/rwtd_34.jpg,/home/galoren/rwtd_miner_public_site/review/masks/rwtd_34.jpg,3,3,False,,0.0,0.0,0.0,0.0079345703125,/home/galoren/Detecture/texture_kseg_ade_pretrain/runs/edge_sota_v1/viz/rwtd/rwtd_34.png,/home/galoren/Detecture/texture_kseg_ade_pretrain/runs/edge_sota_v1/viz/rwtd/assets/original/rwtd_34.png,/home/galoren/Detecture/texture_kseg_ade_pretrain/runs/edge_sota_v1/viz/rwtd/assets/gt_edges/rwtd_34.png,/home/galoren/Detecture/texture_kseg_ade_pretrain/runs/edge_sota_v1/viz/rwtd/assets/pred_edges/rwtd_34.png,/home/galoren/Detecture/texture_kseg_ade_pretrain/runs/edge_sota_v1/viz/rwtd/assets/edge_overlays/rwtd_34.png
rwtd_342,/home/galoren/rwtd_miner_public_site/review/originals/rwtd_342.jpg,/home/galoren/rwtd_miner_public_site/review/masks/rwtd_342.jpg,3,3,False,,0.30823863636363635,0.04950946840063883,0.08531551012384508,0.0107421875,/home/galoren/Detecture/texture_kseg_ade_pretrain/runs/edge_sota_v1/viz/rwtd/rwtd_342.png,/home/galoren/Detecture/texture_kseg_ade_pretrain/runs/edge_sota_v1/viz/rwtd/assets/original/rwtd_342.png,/home/galoren/Detecture/texture_kseg_ade_pretrain/runs/edge_sota_v1/viz/rwtd/assets/gt_edges/rwtd_342.png,/home/galoren/Detecture/texture_kseg_ade_pretrain/runs/edge_sota_v1/viz/rwtd/assets/pred_edges/rwtd_342.png,/home/galoren/Detecture/texture_kseg_ade_pretrain/runs/edge_sota_v1/viz/rwtd/assets/edge_overlays/rwtd_342.png
rwtd_343,/home/galoren/rwtd_miner_public_site/review/originals/rwtd_343.jpg,/home/galoren/rwtd_miner_public_site/review/masks/rwtd_343.jpg,2,2,False,,0.1564625850340136,0.2799342105263158,0.20073121830404528,0.0829925537109375,/home/galoren/Detecture/texture_kseg_ade_pretrain/runs/edge_sota_v1/viz/rwtd/rwtd_343.png,/home/galoren/Detecture/texture_kseg_ade_pretrain/runs/edge_sota_v1/viz/rwtd/assets/original/rwtd_343.png,/home/galoren/Detecture/texture_kseg_ade_pretrain/runs/edge_sota_v1/viz/rwtd/assets/gt_edges/rwtd_343.png,/home/galoren/Detecture/texture_kseg_ade_pretrain/runs/edge_sota_v1/viz/rwtd/assets/pred_edges/rwtd_343.png,/home/galoren/Detecture/texture_kseg_ade_pretrain/runs/edge_sota_v1/viz/rwtd/assets/edge_overlays/rwtd_343.png
rwtd_344,/home/galoren/rwtd_miner_public_site/review/originals/rwtd_344.jpg,/home/galoren/rwtd_miner_public_site/review/masks/rwtd_344.jpg,3,3,False,,0.5681983953318746,0.31913150348217945,0.40870933892969574,0.0209197998046875,/home/galoren/Detecture/texture_kseg_ade_pretrain/runs/edge_sota_v1/viz/rwtd/rwtd_344.png,/home/galoren/Detecture/texture_kseg_ade_pretrain/runs/edge_sota_v1/viz/rwtd/assets/original/rwtd_344.png,/home/galoren/Detecture/texture_kseg_ade_pretrain/runs/edge_sota_v1/viz/rwtd/assets/gt_edges/rwtd_344.png,/home/galoren/Detecture/texture_kseg_ade_pretrain/runs/edge_sota_v1/viz/rwtd/assets/pred_edges/rwtd_344.png,/home/galoren/Detecture/texture_kseg_ade_pretrain/runs/edge_sota_v1/viz/rwtd/assets/edge_overlays/rwtd_344.png
rwtd_345,/home/galoren/rwtd_miner_public_site/review/originals/rwtd_345.jpg,/home/galoren/rwtd_miner_public_site/review/masks/rwtd_345.jpg,2,2,False,,0.26848030018761726,0.3535079051383399,0.3051823416506718,0.081329345703125,/home/galoren/Detecture/texture_kseg_ade_pretrain/runs/edge_sota_v1/viz/rwtd/rwtd_345.png,/home/galoren/Detecture/texture_kseg_ade_pretrain/runs/edge_sota_v1/viz/rwtd/assets/original/rwtd_345.png,/home/galoren/Detecture/texture_kseg_ade_pretrain/runs/edge_sota_v1/viz/rwtd/assets/gt_edges/rwtd_345.png,/home/galoren/Detecture/texture_kseg_ade_pretrain/runs/edge_sota_v1/viz/rwtd/assets/pred_edges/rwtd_345.png,/home/galoren/Detecture/texture_kseg_ade_pretrain/runs/edge_sota_v1/viz/rwtd/assets/edge_overlays/rwtd_345.png
rwtd_346,/home/galoren/rwtd_miner_public_site/review/originals/rwtd_346.jpg,/home/galoren/rwtd_miner_public_site/review/masks/rwtd_346.jpg,2,2,False,,0.01818181818181818,0.02932551319648094,0.02244668911335578,0.1007080078125,/home/galoren/Detecture/texture_kseg_ade_pretrain/runs/edge_sota_v1/viz/rwtd/rwtd_346.png,/home/galoren/Detecture/texture_kseg_ade_pretrain/runs/edge_sota_v1/viz/rwtd/assets/original/rwtd_346.png,/home/galoren/Detecture/texture_kseg_ade_pretrain/runs/edge_sota_v1/viz/rwtd/assets/gt_edges/rwtd_346.png,/home/galoren/Detecture/texture_kseg_ade_pretrain/runs/edge_sota_v1/viz/rwtd/assets/pred_edges/rwtd_346.png,/home/galoren/Detecture/texture_kseg_ade_pretrain/runs/edge_sota_v1/viz/rwtd/assets/edge_overlays/rwtd_346.png
rwtd_347,/home/galoren/rwtd_miner_public_site/review/originals/rwtd_347.jpg,/home/galoren/rwtd_miner_public_site/review/masks/rwtd_347.jpg,2,2,False,,0.11597729115977291,0.1907175246732462,0.14424046802501514,0.0940704345703125,/home/galoren/Detecture/texture_kseg_ade_pretrain/runs/edge_sota_v1/viz/rwtd/rwtd_347.png,/home/galoren/Detecture/texture_kseg_ade_pretrain/runs/edge_sota_v1/viz/rwtd/assets/original/rwtd_347.png,/home/galoren/Detecture/texture_kseg_ade_pretrain/runs/edge_sota_v1/viz/rwtd/assets/gt_edges/rwtd_347.png,/home/galoren/Detecture/texture_kseg_ade_pretrain/runs/edge_sota_v1/viz/rwtd/assets/pred_edges/rwtd_347.png,/home/galoren/Detecture/texture_kseg_ade_pretrain/runs/edge_sota_v1/viz/rwtd/assets/edge_overlays/rwtd_347.png
rwtd_348,/home/galoren/rwtd_miner_public_site/review/originals/rwtd_348.jpg,/home/galoren/rwtd_miner_public_site/review/masks/rwtd_348.jpg,3,3,False,,0.2211198277188125,0.47115699770567027,0.30098408710217756,0.198394775390625,/home/galoren/Detecture/texture_kseg_ade_pretrain/runs/edge_sota_v1/viz/rwtd/rwtd_348.png,/home/galoren/Detecture/texture_kseg_ade_pretrain/runs/edge_sota_v1/viz/rwtd/assets/original/rwtd_348.png,/home/galoren/Detecture/texture_kseg_ade_pretrain/runs/edge_sota_v1/viz/rwtd/assets/gt_edges/rwtd_348.png,/home/galoren/Detecture/texture_kseg_ade_pretrain/runs/edge_sota_v1/viz/rwtd/assets/pred_edges/rwtd_348.png,/home/galoren/Detecture/texture_kseg_ade_pretrain/runs/edge_sota_v1/viz/rwtd/assets/edge_overlays/rwtd_348.png
rwtd_349,/home/galoren/rwtd_miner_public_site/review/originals/rwtd_349.jpg,/home/galoren/rwtd_miner_public_site/review/masks/rwtd_349.jpg,2,2,False,,0.24646924829157174,0.2864707439767011,0.26496877678462105,0.066986083984375,/home/galoren/Detecture/texture_kseg_ade_pretrain/runs/edge_sota_v1/viz/rwtd/rwtd_349.png,/home/galoren/Detecture/texture_kseg_ade_pretrain/runs/edge_sota_v1/viz/rwtd/assets/original/rwtd_349.png,/home/galoren/Detecture/texture_kseg_ade_pretrain/runs/edge_sota_v1/viz/rwtd/assets/gt_edges/rwtd_349.png,/home/galoren/Detecture/texture_kseg_ade_pretrain/runs/edge_sota_v1/viz/rwtd/assets/pred_edges/rwtd_349.png,/home/galoren/Detecture/texture_kseg_ade_pretrain/runs/edge_sota_v1/viz/rwtd/assets/edge_overlays/rwtd_349.png
rwtd_350,/home/galoren/rwtd_miner_public_site/review/originals/rwtd_350.jpg,/home/galoren/rwtd_miner_public_site/review/masks/rwtd_350.jpg,2,2,False,,0.13043478260869565,0.015523932729624839,0.02774566473988439,0.0028076171875,/home/galoren/Detecture/texture_kseg_ade_pretrain/runs/edge_sota_v1/viz/rwtd/rwtd_350.png,/home/galoren/Detecture/texture_kseg_ade_pretrain/runs/edge_sota_v1/viz/rwtd/assets/original/rwtd_350.png,/home/galoren/Detecture/texture_kseg_ade_pretrain/runs/edge_sota_v1/viz/rwtd/assets/gt_edges/rwtd_350.png,/home/galoren/Detecture/texture_kseg_ade_pretrain/runs/edge_sota_v1/viz/rwtd/assets/pred_edges/rwtd_350.png,/home/galoren/Detecture/texture_kseg_ade_pretrain/runs/edge_sota_v1/viz/rwtd/assets/edge_overlays/rwtd_350.png
rwtd_351,/home/galoren/rwtd_miner_public_site/review/originals/rwtd_351.jpg,/home/galoren/rwtd_miner_public_site/review/masks/rwtd_351.jpg,2,2,False,,0.28595682755275287,0.6503033645890789,0.3972371967654987,0.0629119873046875,/home/galoren/Detecture/texture_kseg_ade_pretrain/runs/edge_sota_v1/viz/rwtd/rwtd_351.png,/home/galoren/Detecture/texture_kseg_ade_pretrain/runs/edge_sota_v1/viz/rwtd/assets/original/rwtd_351.png,/home/galoren/Detecture/texture_kseg_ade_pretrain/runs/edge_sota_v1/viz/rwtd/assets/gt_edges/rwtd_351.png,/home/galoren/Detecture/texture_kseg_ade_pretrain/runs/edge_sota_v1/viz/rwtd/assets/pred_edges/rwtd_351.png,/home/galoren/Detecture/texture_kseg_ade_pretrain/runs/edge_sota_v1/viz/rwtd/assets/edge_overlays/rwtd_351.png
rwtd_352,/home/galoren/rwtd_miner_public_site/review/originals/rwtd_352.jpg,/home/galoren/rwtd_miner_public_site/review/masks/rwtd_352.jpg,2,2,False,,0.45372460496614,0.03383838383838384,0.06297979006736645,0.0067596435546875,/home/galoren/Detecture/texture_kseg_ade_pretrain/runs/edge_sota_v1/viz/rwtd/rwtd_352.png,/home/galoren/Detecture/texture_kseg_ade_pretrain/runs/edge_sota_v1/viz/rwtd/assets/original/rwtd_352.png,/home/galoren/Detecture/texture_kseg_ade_pretrain/runs/edge_sota_v1/viz/rwtd/assets/gt_edges/rwtd_352.png,/home/galoren/Detecture/texture_kseg_ade_pretrain/runs/edge_sota_v1/viz/rwtd/assets/pred_edges/rwtd_352.png,/home/galoren/Detecture/texture_kseg_ade_pretrain/runs/edge_sota_v1/viz/rwtd/assets/edge_overlays/rwtd_352.png
rwtd_357,/home/galoren/rwtd_miner_public_site/review/originals/rwtd_357.jpg,/home/galoren/rwtd_miner_public_site/review/masks/rwtd_357.jpg,2,2,False,,0.0,0.0,0.0,0.0002593994140625,/home/galoren/Detecture/texture_kseg_ade_pretrain/runs/edge_sota_v1/viz/rwtd/rwtd_357.png,/home/galoren/Detecture/texture_kseg_ade_pretrain/runs/edge_sota_v1/viz/rwtd/assets/original/rwtd_357.png,/home/galoren/Detecture/texture_kseg_ade_pretrain/runs/edge_sota_v1/viz/rwtd/assets/gt_edges/rwtd_357.png,/home/galoren/Detecture/texture_kseg_ade_pretrain/runs/edge_sota_v1/viz/rwtd/assets/pred_edges/rwtd_357.png,/home/galoren/Detecture/texture_kseg_ade_pretrain/runs/edge_sota_v1/viz/rwtd/assets/edge_overlays/rwtd_357.png
rwtd_358,/home/galoren/rwtd_miner_public_site/review/originals/rwtd_358.jpg,/home/galoren/rwtd_miner_public_site/review/masks/rwtd_358.jpg,2,2,False,,0.46938775510204084,0.013348810214741729,0.025959367945823927,0.0007476806640625,/home/galoren/Detecture/texture_kseg_ade_pretrain/runs/edge_sota_v1/viz/rwtd/rwtd_358.png,/home/galoren/Detecture/texture_kseg_ade_pretrain/runs/edge_sota_v1/viz/rwtd/assets/original/rwtd_358.png,/home/galoren/Detecture/texture_kseg_ade_pretrain/runs/edge_sota_v1/viz/rwtd/assets/gt_edges/rwtd_358.png,/home/galoren/Detecture/texture_kseg_ade_pretrain/runs/edge_sota_v1/viz/rwtd/assets/pred_edges/rwtd_358.png,/home/galoren/Detecture/texture_kseg_ade_pretrain/runs/edge_sota_v1/viz/rwtd/assets/edge_overlays/rwtd_358.png
rwtd_359,/home/galoren/rwtd_miner_public_site/review/originals/rwtd_359.jpg,/home/galoren/rwtd_miner_public_site/review/masks/rwtd_359.jpg,2,2,False,,0.2972689075630252,0.050644237652111665,0.08654434250764526,0.0145263671875,/home/galoren/Detecture/texture_kseg_ade_pretrain/runs/edge_sota_v1/viz/rwtd/rwtd_359.png,/home/galoren/Detecture/texture_kseg_ade_pretrain/runs/edge_sota_v1/viz/rwtd/assets/original/rwtd_359.png,/home/galoren/Detecture/texture_kseg_ade_pretrain/runs/edge_sota_v1/viz/rwtd/assets/gt_edges/rwtd_359.png,/home/galoren/Detecture/texture_kseg_ade_pretrain/runs/edge_sota_v1/viz/rwtd/assets/pred_edges/rwtd_359.png,/home/galoren/Detecture/texture_kseg_ade_pretrain/runs/edge_sota_v1/viz/rwtd/assets/edge_overlays/rwtd_359.png
rwtd_36,/home/galoren/rwtd_miner_public_site/review/originals/rwtd_36.jpg,/home/galoren/rwtd_miner_public_site/review/masks/rwtd_36.jpg,2,2,False,,0.3367998811469321,0.6079377849289354,0.43346080305927337,0.1027069091796875,/home/galoren/Detecture/texture_kseg_ade_pretrain/runs/edge_sota_v1/viz/rwtd/rwtd_36.png,/home/galoren/Detecture/texture_kseg_ade_pretrain/runs/edge_sota_v1/viz/rwtd/assets/original/rwtd_36.png,/home/galoren/Detecture/texture_kseg_ade_pretrain/runs/edge_sota_v1/viz/rwtd/assets/gt_edges/rwtd_36.png,/home/galoren/Detecture/texture_kseg_ade_pretrain/runs/edge_sota_v1/viz/rwtd/assets/pred_edges/rwtd_36.png,/home/galoren/Detecture/texture_kseg_ade_pretrain/runs/edge_sota_v1/viz/rwtd/assets/edge_overlays/rwtd_36.png
rwtd_362,/home/galoren/rwtd_miner_public_site/review/originals/rwtd_362.jpg,/home/galoren/rwtd_miner_public_site/review/masks/rwtd_362.jpg,2,2,False,,0.2167076167076167,0.07674904281239123,0.11335303945508288,0.0310516357421875,/home/galoren/Detecture/texture_kseg_ade_pretrain/runs/edge_sota_v1/viz/rwtd/rwtd_362.png,/home/galoren/Detecture/texture_kseg_ade_pretrain/runs/edge_sota_v1/viz/rwtd/assets/original/rwtd_362.png,/home/galoren/Detecture/texture_kseg_ade_pretrain/runs/edge_sota_v1/viz/rwtd/assets/gt_edges/rwtd_362.png,/home/galoren/Detecture/texture_kseg_ade_pretrain/runs/edge_sota_v1/viz/rwtd/assets/pred_edges/rwtd_362.png,/home/galoren/Detecture/texture_kseg_ade_pretrain/runs/edge_sota_v1/viz/rwtd/assets/edge_overlays/rwtd_362.png
rwtd_363,/home/galoren/rwtd_miner_public_site/review/originals/rwtd_363.jpg,/home/galoren/rwtd_miner_public_site/review/masks/rwtd_363.jpg,2,2,False,,0.6944444444444444,0.013646288209606987,0.02676659528907923,0.00164794921875,/home/galoren/Detecture/texture_kseg_ade_pretrain/runs/edge_sota_v1/viz/rwtd/rwtd_363.png,/home/galoren/Detecture/texture_kseg_ade_pretrain/runs/edge_sota_v1/viz/rwtd/assets/original/rwtd_363.png,/home/galoren/Detecture/texture_kseg_ade_pretrain/runs/edge_sota_v1/viz/rwtd/assets/gt_edges/rwtd_363.png,/home/galoren/Detecture/texture_kseg_ade_pretrain/runs/edge_sota_v1/viz/rwtd/assets/pred_edges/rwtd_363.png,/home/galoren/Detecture/texture_kseg_ade_pretrain/runs/edge_sota_v1/viz/rwtd/assets/edge_overlays/rwtd_363.png
rwtd_364,/home/galoren/rwtd_miner_public_site/review/originals/rwtd_364.jpg,/home/galoren/rwtd_miner_public_site/review/masks/rwtd_364.jpg,2,2,False,,0.08488694962316541,0.09645432692307693,0.090301708980941,0.1154022216796875,/home/galoren/Detecture/texture_kseg_ade_pretrain/runs/edge_sota_v1/viz/rwtd/rwtd_364.png,/home/galoren/Detecture/texture_kseg_ade_pretrain/runs/edge_sota_v1/viz/rwtd/assets/original/rwtd_364.png,/home/galoren/Detecture/texture_kseg_ade_pretrain/runs/edge_sota_v1/viz/rwtd/assets/gt_edges/rwtd_364.png,/home/galoren/Detecture/texture_kseg_ade_pretrain/runs/edge_sota_v1/viz/rwtd/assets/pred_edges/rwtd_364.png,/home/galoren/Detecture/texture_kseg_ade_pretrain/runs/edge_sota_v1/viz/rwtd/assets/edge_overlays/rwtd_364.png
rwtd_365,/home/galoren/rwtd_miner_public_site/review/originals/rwtd_365.jpg,/home/galoren/rwtd_miner_public_site/review/masks/rwtd_365.jpg,4,4,False,,0.13335851907820173,0.09899046550757151,0.11363270561725415,0.0403900146484375,/home/galoren/Detecture/texture_kseg_ade_pretrain/runs/edge_sota_v1/viz/rwtd/rwtd_365.png,/home/galoren/Detecture/texture_kseg_ade_pretrain/runs/edge_sota_v1/viz/rwtd/assets/original/rwtd_365.png,/home/galoren/Detecture/texture_kseg_ade_pretrain/runs/edge_sota_v1/viz/rwtd/assets/gt_edges/rwtd_365.png,/home/galoren/Detecture/texture_kseg_ade_pretrain/runs/edge_sota_v1/viz/rwtd/assets/pred_edges/rwtd_365.png,/home/galoren/Detecture/texture_kseg_ade_pretrain/runs/edge_sota_v1/viz/rwtd/assets/edge_overlays/rwtd_365.png
rwtd_366,/home/galoren/rwtd_miner_public_site/review/originals/rwtd_366.jpg,/home/galoren/rwtd_miner_public_site/review/masks/rwtd_366.jpg,7,7,False,,0.14470954356846474,0.1474630021141649,0.1460732984293194,0.11767578125,/home/galoren/Detecture/texture_kseg_ade_pretrain/runs/edge_sota_v1/viz/rwtd/rwtd_366.png,/home/galoren/Detecture/texture_kseg_ade_pretrain/runs/edge_sota_v1/viz/rwtd/assets/original/rwtd_366.png,/home/galoren/Detecture/texture_kseg_ade_pretrain/runs/edge_sota_v1/viz/rwtd/assets/gt_edges/rwtd_366.png,/home/galoren/Detecture/texture_kseg_ade_pretrain/runs/edge_sota_v1/viz/rwtd/assets/pred_edges/rwtd_366.png,/home/galoren/Detecture/texture_kseg_ade_pretrain/runs/edge_sota_v1/viz/rwtd/assets/edge_overlays/rwtd_366.png
rwtd_367,/home/galoren/rwtd_miner_public_site/review/originals/rwtd_367.jpg,/home/galoren/rwtd_miner_public_site/review/masks/rwtd_367.jpg,2,2,False,,0.0,0.0,0.0,0.032501220703125,/home/galoren/Detecture/texture_kseg_ade_pretrain/runs/edge_sota_v1/viz/rwtd/rwtd_367.png,/home/galoren/Detecture/texture_kseg_ade_pretrain/runs/edge_sota_v1/viz/rwtd/assets/original/rwtd_367.png,/home/galoren/Detecture/texture_kseg_ade_pretrain/runs/edge_sota_v1/viz/rwtd/assets/gt_edges/rwtd_367.png,/home/galoren/Detecture/texture_kseg_ade_pretrain/runs/edge_sota_v1/viz/rwtd/assets/pred_edges/rwtd_367.png,/home/galoren/Detecture/texture_kseg_ade_pretrain/runs/edge_sota_v1/viz/rwtd/assets/edge_overlays/rwtd_367.png
rwtd_371,/home/galoren/rwtd_miner_public_site/review/originals/rwtd_371.jpg,/home/galoren/rwtd_miner_public_site/review/masks/rwtd_371.jpg,4,4,False,,0.08571428571428572,0.03459320948110186,0.0492925604746691,0.028839111328125,/home/galoren/Detecture/texture_kseg_ade_pretrain/runs/edge_sota_v1/viz/rwtd/rwtd_371.png,/home/galoren/Detecture/texture_kseg_ade_pretrain/runs/edge_sota_v1/viz/rwtd/assets/original/rwtd_371.png,/home/galoren/Detecture/texture_kseg_ade_pretrain/runs/edge_sota_v1/viz/rwtd/assets/gt_edges/rwtd_371.png,/home/galoren/Detecture/texture_kseg_ade_pretrain/runs/edge_sota_v1/viz/rwtd/assets/pred_edges/rwtd_371.png,/home/galoren/Detecture/texture_kseg_ade_pretrain/runs/edge_sota_v1/viz/rwtd/assets/edge_overlays/rwtd_371.png
rwtd_373,/home/galoren/rwtd_miner_public_site/review/originals/rwtd_373.jpg,/home/galoren/rwtd_miner_public_site/review/masks/rwtd_373.jpg,2,2,False,,0.1030006978367062,0.44646098003629764,0.16738489453390792,0.218658447265625,/home/galoren/Detecture/texture_kseg_ade_pretrain/runs/edge_sota_v1/viz/rwtd/rwtd_373.png,/home/galoren/Detecture/texture_kseg_ade_pretrain/runs/edge_sota_v1/viz/rwtd/assets/original/rwtd_373.png,/home/galoren/Detecture/texture_kseg_ade_pretrain/runs/edge_sota_v1/viz/rwtd/assets/gt_edges/rwtd_373.png,/home/galoren/Detecture/texture_kseg_ade_pretrain/runs/edge_sota_v1/viz/rwtd/assets/pred_edges/rwtd_373.png,/home/galoren/Detecture/texture_kseg_ade_pretrain/runs/edge_sota_v1/viz/rwtd/assets/edge_overlays/rwtd_373.png
rwtd_374,/home/galoren/rwtd_miner_public_site/review/originals/rwtd_374.jpg,/home/galoren/rwtd_miner_public_site/review/masks/rwtd_374.jpg,7,7,False,,0.6923076923076923,0.20300751879699247,0.313953488372093,0.028564453125,/home/galoren/Detecture/texture_kseg_ade_pretrain/runs/edge_sota_v1/viz/rwtd/rwtd_374.png,/home/galoren/Detecture/texture_kseg_ade_pretrain/runs/edge_sota_v1/viz/rwtd/assets/original/rwtd_374.png,/home/galoren/Detecture/texture_kseg_ade_pretrain/runs/edge_sota_v1/viz/rwtd/assets/gt_edges/rwtd_374.png,/home/galoren/Detecture/texture_kseg_ade_pretrain/runs/edge_sota_v1/viz/rwtd/assets/pred_edges/rwtd_374.png,/home/galoren/Detecture/texture_kseg_ade_pretrain/runs/edge_sota_v1/viz/rwtd/assets/edge_overlays/rwtd_374.png
rwtd_376,/home/galoren/rwtd_miner_public_site/review/originals/rwtd_376.jpg,/home/galoren/rwtd_miner_public_site/review/masks/rwtd_376.jpg,3,3,False,,0.15789473684210525,0.024759284731774415,0.04280618311533888,0.005218505859375,/home/galoren/Detecture/texture_kseg_ade_pretrain/runs/edge_sota_v1/viz/rwtd/rwtd_376.png,/home/galoren/Detecture/texture_kseg_ade_pretrain/runs/edge_sota_v1/viz/rwtd/assets/original/rwtd_376.png,/home/galoren/Detecture/texture_kseg_ade_pretrain/runs/edge_sota_v1/viz/rwtd/assets/gt_edges/rwtd_376.png,/home/galoren/Detecture/texture_kseg_ade_pretrain/runs/edge_sota_v1/viz/rwtd/assets/pred_edges/rwtd_376.png,/home/galoren/Detecture/texture_kseg_ade_pretrain/runs/edge_sota_v1/viz/rwtd/assets/edge_overlays/rwtd_376.png
rwtd_377,/home/galoren/rwtd_miner_public_site/review/originals/rwtd_377.jpg,/home/galoren/rwtd_miner_public_site/review/masks/rwtd_377.jpg,9,9,False,,0.08330220395965633,0.06611325229765787,0.07371900826446282,0.081695556640625,/home/galoren/Detecture/texture_kseg_ade_pretrain/runs/edge_sota_v1/viz/rwtd/rwtd_377.png,/home/galoren/Detecture/texture_kseg_ade_pretrain/runs/edge_sota_v1/viz/rwtd/assets/original/rwtd_377.png,/home/galoren/Detecture/texture_kseg_ade_pretrain/runs/edge_sota_v1/viz/rwtd/assets/gt_edges/rwtd_377.png,/home/galoren/Detecture/texture_kseg_ade_pretrain/runs/edge_sota_v1/viz/rwtd/assets/pred_edges/rwtd_377.png,/home/galoren/Detecture/texture_kseg_ade_pretrain/runs/edge_sota_v1/viz/rwtd/assets/edge_overlays/rwtd_377.png
rwtd_378,/home/galoren/rwtd_miner_public_site/review/originals/rwtd_378.jpg,/home/galoren/rwtd_miner_public_site/review/masks/rwtd_378.jpg,3,3,False,,0.5037503024437454,0.4179044560417503,0.4568294020844761,0.0630645751953125,/home/galoren/Detecture/texture_kseg_ade_pretrain/runs/edge_sota_v1/viz/rwtd/rwtd_378.png,/home/galoren/Detecture/texture_kseg_ade_pretrain/runs/edge_sota_v1/viz/rwtd/assets/original/rwtd_378.png,/home/galoren/Detecture/texture_kseg_ade_pretrain/runs/edge_sota_v1/viz/rwtd/assets/gt_edges/rwtd_378.png,/home/galoren/Detecture/texture_kseg_ade_pretrain/runs/edge_sota_v1/viz/rwtd/assets/pred_edges/rwtd_378.png,/home/galoren/Detecture/texture_kseg_ade_pretrain/runs/edge_sota_v1/viz/rwtd/assets/edge_overlays/rwtd_378.png
rwtd_38,/home/galoren/rwtd_miner_public_site/review/originals/rwtd_38.jpg,/home/galoren/rwtd_miner_public_site/review/masks/rwtd_38.jpg,9,9,False,,0.4333262441514249,0.4415908105765063,0.43741949334478314,0.14349365234375,/home/galoren/Detecture/texture_kseg_ade_pretrain/runs/edge_sota_v1/viz/rwtd/rwtd_38.png,/home/galoren/Detecture/texture_kseg_ade_pretrain/runs/edge_sota_v1/viz/rwtd/assets/original/rwtd_38.png,/home/galoren/Detecture/texture_kseg_ade_pretrain/runs/edge_sota_v1/viz/rwtd/assets/gt_edges/rwtd_38.png,/home/galoren/Detecture/texture_kseg_ade_pretrain/runs/edge_sota_v1/viz/rwtd/assets/pred_edges/rwtd_38.png,/home/galoren/Detecture/texture_kseg_ade_pretrain/runs/edge_sota_v1/viz/rwtd/assets/edge_overlays/rwtd_38.png
rwtd_380,/home/galoren/rwtd_miner_public_site/review/originals/rwtd_380.jpg,/home/galoren/rwtd_miner_public_site/review/masks/rwtd_380.jpg,5,5,False,,0.05114579873796081,0.09765377298668358,0.06713164777680906,0.1378326416015625,/home/galoren/Detecture/texture_kseg_ade_pretrain/runs/edge_sota_v1/viz/rwtd/rwtd_380.png,/home/galoren/Detecture/texture_kseg_ade_pretrain/runs/edge_sota_v1/viz/rwtd/assets/original/rwtd_380.png,/home/galoren/Detecture/texture_kseg_ade_pretrain/runs/edge_sota_v1/viz/rwtd/assets/gt_edges/rwtd_380.png,/home/galoren/Detecture/texture_kseg_ade_pretrain/runs/edge_sota_v1/viz/rwtd/assets/pred_edges/rwtd_380.png,/home/galoren/Detecture/texture_kseg_ade_pretrain/runs/edge_sota_v1/viz/rwtd/assets/edge_overlays/rwtd_380.png
rwtd_382,/home/galoren/rwtd_miner_public_site/review/originals/rwtd_382.jpg,/home/galoren/rwtd_miner_public_site/review/masks/rwtd_382.jpg,5,5,False,,0.008948545861297539,0.00487685930260912,0.006313131313131313,0.0341033935546875,/home/galoren/Detecture/texture_kseg_ade_pretrain/runs/edge_sota_v1/viz/rwtd/rwtd_382.png,/home/galoren/Detecture/texture_kseg_ade_pretrain/runs/edge_sota_v1/viz/rwtd/assets/original/rwtd_382.png,/home/galoren/Detecture/texture_kseg_ade_pretrain/runs/edge_sota_v1/viz/rwtd/assets/gt_edges/rwtd_382.png,/home/galoren/Detecture/texture_kseg_ade_pretrain/runs/edge_sota_v1/viz/rwtd/assets/pred_edges/rwtd_382.png,/home/galoren/Detecture/texture_kseg_ade_pretrain/runs/edge_sota_v1/viz/rwtd/assets/edge_overlays/rwtd_382.png
rwtd_383,/home/galoren/rwtd_miner_public_site/review/originals/rwtd_383.jpg,/home/galoren/rwtd_miner_public_site/review/masks/rwtd_383.jpg,2,2,False,,0.1205244578920827,0.17407137654770574,0.14243146603098927,0.12103271484375,/home/galoren/Detecture/texture_kseg_ade_pretrain/runs/edge_sota_v1/viz/rwtd/rwtd_383.png,/home/galoren/Detecture/texture_kseg_ade_pretrain/runs/edge_sota_v1/viz/rwtd/assets/original/rwtd_383.png,/home/galoren/Detecture/texture_kseg_ade_pretrain/runs/edge_sota_v1/viz/rwtd/assets/gt_edges/rwtd_383.png,/home/galoren/Detecture/texture_kseg_ade_pretrain/runs/edge_sota_v1/viz/rwtd/assets/pred_edges/rwtd_383.png,/home/galoren/Detecture/texture_kseg_ade_pretrain/runs/edge_sota_v1/viz/rwtd/assets/edge_overlays/rwtd_383.png
rwtd_387,/home/galoren/rwtd_miner_public_site/review/originals/rwtd_387.jpg,/home/galoren/rwtd_miner_public_site/review/masks/rwtd_387.jpg,3,3,False,,0.7475409836065574,0.5079365079365079,0.6048748134637705,0.0372314453125,/home/galoren/Detecture/texture_kseg_ade_pretrain/runs/edge_sota_v1/viz/rwtd/rwtd_387.png,/home/galoren/Detecture/texture_kseg_ade_pretrain/runs/edge_sota_v1/viz/rwtd/assets/original/rwtd_387.png,/home/galoren/Detecture/texture_kseg_ade_pretrain/runs/edge_sota_v1/viz/rwtd/assets/gt_edges/rwtd_387.png,/home/galoren/Detecture/texture_kseg_ade_pretrain/runs/edge_sota_v1/viz/rwtd/assets/pred_edges/rwtd_387.png,/home/galoren/Detecture/texture_kseg_ade_pretrain/runs/edge_sota_v1/viz/rwtd/assets/edge_overlays/rwtd_387.png
rwtd_388,/home/galoren/rwtd_miner_public_site/review/originals/rwtd_388.jpg,/home/galoren/rwtd_miner_public_site/review/masks/rwtd_388.jpg,2,2,False,,0.051759834368530024,0.013904338153503892,0.02192021043402017,0.0073699951171875,/home/galoren/Detecture/texture_kseg_ade_pretrain/runs/edge_sota_v1/viz/rwtd/rwtd_388.png,/home/galoren/Detecture/texture_kseg_ade_pretrain/runs/edge_sota_v1/viz/rwtd/assets/original/rwtd_388.png,/home/galoren/Detecture/texture_kseg_ade_pretrain/runs/edge_sota_v1/viz/rwtd/assets/gt_edges/rwtd_388.png,/home/galoren/Detecture/texture_kseg_ade_pretrain/runs/edge_sota_v1/viz/rwtd/assets/pred_edges/rwtd_388.png,/home/galoren/Detecture/texture_kseg_ade_pretrain/runs/edge_sota_v1/viz/rwtd/assets/edge_overlays/rwtd_388.png
rwtd_389,/home/galoren/rwtd_miner_public_site/review/originals/rwtd_389.jpg,/home/galoren/rwtd_miner_public_site/review/masks/rwtd_389.jpg,2,2,False,,0.05398457583547558,0.004133044676244833,0.007678244972577695,0.0059356689453125,/home/galoren/Detecture/texture_kseg_ade_pretrain/runs/edge_sota_v1/viz/rwtd/rwtd_389.png,/home/galoren/Detecture/texture_kseg_ade_pretrain/runs/edge_sota_v1/viz/rwtd/assets/original/rwtd_389.png,/home/galoren/Detecture/texture_kseg_ade_pretrain/runs/edge_sota_v1/viz/rwtd/assets/gt_edges/rwtd_389.png,/home/galoren/Detecture/texture_kseg_ade_pretrain/runs/edge_sota_v1/viz/rwtd/assets/pred_edges/rwtd_389.png,/home/galoren/Detecture/texture_kseg_ade_pretrain/runs/edge_sota_v1/viz/rwtd/assets/edge_overlays/rwtd_389.png
rwtd_39,/home/galoren/rwtd_miner_public_site/review/originals/rwtd_39.jpg,/home/galoren/rwtd_miner_public_site/review/masks/rwtd_39.jpg,2,2,False,,0.09666080843585237,0.1326011251004554,0.11181386943754236,0.0781402587890625,/home/galoren/Detecture/texture_kseg_ade_pretrain/runs/edge_sota_v1/viz/rwtd/rwtd_39.png,/home/galoren/Detecture/texture_kseg_ade_pretrain/runs/edge_sota_v1/viz/rwtd/assets/original/rwtd_39.png,/home/galoren/Detecture/texture_kseg_ade_pretrain/runs/edge_sota_v1/viz/rwtd/assets/gt_edges/rwtd_39.png,/home/galoren/Detecture/texture_kseg_ade_pretrain/runs/edge_sota_v1/viz/rwtd/assets/pred_edges/rwtd_39.png,/home/galoren/Detecture/texture_kseg_ade_pretrain/runs/edge_sota_v1/viz/rwtd/assets/edge_overlays/rwtd_39.png
rwtd_391,/home/galoren/rwtd_miner_public_site/review/originals/rwtd_391.jpg,/home/galoren/rwtd_miner_public_site/review/masks/rwtd_391.jpg,2,2,False,,0.0943526170798898,0.16332207430955692,0.1196071298654056,0.1329345703125,/home/galoren/Detecture/texture_kseg_ade_pretrain/runs/edge_sota_v1/viz/rwtd/rwtd_391.png,/home/galoren/Detecture/texture_kseg_ade_pretrain/runs/edge_sota_v1/viz/rwtd/assets/original/rwtd_391.png,/home/galoren/Detecture/texture_kseg_ade_pretrain/runs/edge_sota_v1/viz/rwtd/assets/gt_edges/rwtd_391.png,/home/galoren/Detecture/texture_kseg_ade_pretrain/runs/edge_sota_v1/viz/rwtd/assets/pred_edges/rwtd_391.png,/home/galoren/Detecture/texture_kseg_ade_pretrain/runs/edge_sota_v1/viz/rwtd/assets/edge_overlays/rwtd_391.png
rwtd_392,/home/galoren/rwtd_miner_public_site/review/originals/rwtd_392.jpg,/home/galoren/rwtd_miner_public_site/review/masks/rwtd_392.jpg,2,2,False,,0.5321683876092137,0.16962025316455695,0.257247072374736,0.0192108154296875,/home/galoren/Detecture/texture_kseg_ade_pretrain/runs/edge_sota_v1/viz/rwtd/rwtd_392.png,/home/galoren/Detecture/texture_kseg_ade_pretrain/runs/edge_sota_v1/viz/rwtd/assets/original/rwtd_392.png,/home/galoren/Detecture/texture_kseg_ade_pretrain/runs/edge_sota_v1/viz/rwtd/assets/gt_edges/rwtd_392.png,/home/galoren/Detecture/texture_kseg_ade_pretrain/runs/edge_sota_v1/viz/rwtd/assets/pred_edges/rwtd_392.png,/home/galoren/Detecture/texture_kseg_ade_pretrain/runs/edge_sota_v1/viz/rwtd/assets/edge_overlays/rwtd_392.png
rwtd_393,/home/galoren/rwtd_miner_public_site/review/originals/rwtd_393.jpg,/home/galoren/rwtd_miner_public_site/review/masks/rwtd_393.jpg,2,2,False,,0.17279411764705882,0.03177822853279243,0.05368360936607652,0.0166015625,/home/galoren/Detecture/texture_kseg_ade_pretrain/runs/edge_sota_v1/viz/rwtd/rwtd_393.png,/home/galoren/Detecture/texture_kseg_ade_pretrain/runs/edge_sota_v1/viz/rwtd/assets/original/rwtd_393.png,/home/galoren/Detecture/texture_kseg_ade_pretrain/runs/edge_sota_v1/viz/rwtd/assets/gt_edges/rwtd_393.png,/home/galoren/Detecture/texture_kseg_ade_pretrain/runs/edge_sota_v1/viz/rwtd/assets/pred_edges/rwtd_393.png,/home/galoren/Detecture/texture_kseg_ade_pretrain/runs/edge_sota_v1/viz/rwtd/assets/edge_overlays/rwtd_393.png
rwtd_394,/home/galoren/rwtd_miner_public_site/review/originals/rwtd_394.jpg,/home/galoren/rwtd_miner_public_site/review/masks/rwtd_394.jpg,2,2,False,,0.16443941109852775,0.1279295154185022,0.14390485629335975,0.0673675537109375,/home/galoren/Detecture/texture_kseg_ade_pretrain/runs/edge_sota_v1/viz/rwtd/rwtd_394.png,/home/galoren/Detecture/texture_kseg_ade_pretrain/runs/edge_sota_v1/viz/rwtd/assets/original/rwtd_394.png,/home/galoren/Detecture/texture_kseg_ade_pretrain/runs/edge_sota_v1/viz/rwtd/assets/gt_edges/rwtd_394.png,/home/galoren/Detecture/texture_kseg_ade_pretrain/runs/edge_sota_v1/viz/rwtd/assets/pred_edges/rwtd_394.png,/home/galoren/Detecture/texture_kseg_ade_pretrain/runs/edge_sota_v1/viz/rwtd/assets/edge_overlays/rwtd_394.png
rwtd_395,/home/galoren/rwtd_miner_public_site/review/originals/rwtd_395.jpg,/home/galoren/rwtd_miner_public_site/review/masks/rwtd_395.jpg,2,2,False,,0.20066152149944874,0.2001466275659824,0.20040374380620293,0.083038330078125,/home/galoren/Detecture/texture_kseg_ade_pretrain/runs/edge_sota_v1/viz/rwtd/rwtd_395.png,/home/galoren/Detecture/texture_kseg_ade_pretrain/runs/edge_sota_v1/viz/rwtd/assets/original/rwtd_395.png,/home/galoren/Detecture/texture_kseg_ade_pretrain/runs/edge_sota_v1/viz/rwtd/assets/gt_edges/rwtd_395.png,/home/galoren/Detecture/texture_kseg_ade_pretrain/runs/edge_sota_v1/viz/rwtd/assets/pred_edges/rwtd_395.png,/home/galoren/Detecture/texture_kseg_ade_pretrain/runs/edge_sota_v1/viz/rwtd/assets/edge_overlays/rwtd_395.png
rwtd_397,/home/galoren/rwtd_miner_public_site/review/originals/rwtd_397.jpg,/home/galoren/rwtd_miner_public_site/review/masks/rwtd_397.jpg,9,9,False,,0.7404280976786253,0.2956898627498194,0.42261034156414007,0.0506134033203125,/home/galoren/Detecture/texture_kseg_ade_pretrain/runs/edge_sota_v1/viz/rwtd/rwtd_397.png,/home/galoren/Detecture/texture_kseg_ade_pretrain/runs/edge_sota_v1/viz/rwtd/assets/original/rwtd_397.png,/home/galoren/Detecture/texture_kseg_ade_pretrain/runs/edge_sota_v1/viz/rwtd/assets/gt_edges/rwtd_397.png,/home/galoren/Detecture/texture_kseg_ade_pretrain/runs/edge_sota_v1/viz/rwtd/assets/pred_edges/rwtd_397.png,/home/galoren/Detecture/texture_kseg_ade_pretrain/runs/edge_sota_v1/viz/rwtd/assets/edge_overlays/rwtd_397.png
rwtd_398,/home/galoren/rwtd_miner_public_site/review/originals/rwtd_398.jpg,/home/galoren/rwtd_miner_public_site/review/masks/rwtd_398.jpg,2,2,False,,0.41348773841961856,0.6469835855894266,0.5045299642589977,0.11199951171875,/home/galoren/Detecture/texture_kseg_ade_pretrain/runs/edge_sota_v1/viz/rwtd/rwtd_398.png,/home/galoren/Detecture/texture_kseg_ade_pretrain/runs/edge_sota_v1/viz/rwtd/assets/original/rwtd_398.png,/home/galoren/Detecture/texture_kseg_ade_pretrain/runs/edge_sota_v1/viz/rwtd/assets/gt_edges/rwtd_398.png,/home/galoren/Detecture/texture_kseg_ade_pretrain/runs/edge_sota_v1/viz/rwtd/assets/pred_edges/rwtd_398.png,/home/galoren/Detecture/texture_kseg_ade_pretrain/runs/edge_sota_v1/viz/rwtd/assets/edge_overlays/rwtd_398.png
rwtd_399,/home/galoren/rwtd_miner_public_site/review/originals/rwtd_399.jpg,/home/galoren/rwtd_miner_public_site/review/masks/rwtd_399.jpg,2,2,False,,0.32445439283715727,0.7757559539737757,0.4575441919191919,0.1363372802734375,/home/galoren/Detecture/texture_kseg_ade_pretrain/runs/edge_sota_v1/viz/rwtd/rwtd_399.png,/home/galoren/Detecture/texture_kseg_ade_pretrain/runs/edge_sota_v1/viz/rwtd/assets/original/rwtd_399.png,/home/galoren/Detecture/texture_kseg_ade_pretrain/runs/edge_sota_v1/viz/rwtd/assets/gt_edges/rwtd_399.png,/home/galoren/Detecture/texture_kseg_ade_pretrain/runs/edge_sota_v1/viz/rwtd/assets/pred_edges/rwtd_399.png,/home/galoren/Detecture/texture_kseg_ade_pretrain/runs/edge_sota_v1/viz/rwtd/assets/edge_overlays/rwtd_399.png
rwtd_4,/home/galoren/rwtd_miner_public_site/review/originals/rwtd_4.jpg,/home/galoren/rwtd_miner_public_site/review/masks/rwtd_4.jpg,2,2,False,,0.24054871462518904,0.6323111868256672,0.3485133020344288,0.141265869140625,/home/galoren/Detecture/texture_kseg_ade_pretrain/runs/edge_sota_v1/viz/rwtd/rwtd_4.png,/home/galoren/Detecture/texture_kseg_ade_pretrain/runs/edge_sota_v1/viz/rwtd/assets/original/rwtd_4.png,/home/galoren/Detecture/texture_kseg_ade_pretrain/runs/edge_sota_v1/viz/rwtd/assets/gt_edges/rwtd_4.png,/home/galoren/Detecture/texture_kseg_ade_pretrain/runs/edge_sota_v1/viz/rwtd/assets/pred_edges/rwtd_4.png,/home/galoren/Detecture/texture_kseg_ade_pretrain/runs/edge_sota_v1/viz/rwtd/assets/edge_overlays/rwtd_4.png
rwtd_40,/home/galoren/rwtd_miner_public_site/review/originals/rwtd_40.jpg,/home/galoren/rwtd_miner_public_site/review/masks/rwtd_40.jpg,3,3,False,,0.3442622950819672,0.019924098671726755,0.03766816143497758,0.00372314453125,/home/galoren/Detecture/texture_kseg_ade_pretrain/runs/edge_sota_v1/viz/rwtd/rwtd_40.png,/home/galoren/Detecture/texture_kseg_ade_pretrain/runs/edge_sota_v1/viz/rwtd/assets/original/rwtd_40.png,/home/galoren/Detecture/texture_kseg_ade_pretrain/runs/edge_sota_v1/viz/rwtd/assets/gt_edges/rwtd_40.png,/home/galoren/Detecture/texture_kseg_ade_pretrain/runs/edge_sota_v1/viz/rwtd/assets/pred_edges/rwtd_40.png,/home/galoren/Detecture/texture_kseg_ade_pretrain/runs/edge_sota_v1/viz/rwtd/assets/edge_overlays/rwtd_40.png
rwtd_400,/home/galoren/rwtd_miner_public_site/review/originals/rwtd_400.jpg,/home/galoren/rwtd_miner_public_site/review/masks/rwtd_400.jpg,2,2,False,,0.40461694571283613,0.29964305842569977,0.34430652995143013,0.060150146484375,/home/galoren/Detecture/texture_kseg_ade_pretrain/runs/edge_sota_v1/viz/rwtd/rwtd_400.png,/home/galoren/Detecture/texture_kseg_ade_pretrain/runs/edge_sota_v1/viz/rwtd/assets/original/rwtd_400.png,/home/galoren/Detecture/texture_kseg_ade_pretrain/runs/edge_sota_v1/viz/rwtd/assets/gt_edges/rwtd_400.png,/home/galoren/Detecture/texture_kseg_ade_pretrain/runs/edge_sota_v1/viz/rwtd/assets/pred_edges/rwtd_400.png,/home/galoren/Detecture/texture_kseg_ade_pretrain/runs/edge_sota_v1/viz/rwtd/assets/edge_overlays/rwtd_400.png
rwtd_403,/home/galoren/rwtd_miner_public_site/review/originals/rwtd_403.jpg,/home/galoren/rwtd_miner_public_site/review/masks/rwtd_403.jpg,2,2,False,,0.0,0.0,0.0,0.0118408203125,/home/galoren/Detecture/texture_kseg_ade_pretrain/runs/edge_sota_v1/viz/rwtd/rwtd_403.png,/home/galoren/Detecture/texture_kseg_ade_pretrain/runs/edge_sota_v1/viz/rwtd/assets/original/rwtd_403.png,/home/galoren/Detecture/texture_kseg_ade_pretrain/runs/edge_sota_v1/viz/rwtd/assets/gt_edges/rwtd_403.png,/home/galoren/Detecture/texture_kseg_ade_pretrain/runs/edge_sota_v1/viz/rwtd/assets/pred_edges/rwtd_403.png,/home/galoren/Detecture/texture_kseg_ade_pretrain/runs/edge_sota_v1/viz/rwtd/assets/edge_overlays/rwtd_403.png
rwtd_408,/home/galoren/rwtd_miner_public_site/review/originals/rwtd_408.jpg,/home/galoren/rwtd_miner_public_site/review/masks/rwtd_408.jpg,8,8,False,,0.4420222634508349,0.2644284128745838,0.33090277777777777,0.0657958984375,/home/galoren/Detecture/texture_kseg_ade_pretrain/runs/edge_sota_v1/viz/rwtd/rwtd_408.png,/home/galoren/Detecture/texture_kseg_ade_pretrain/runs/edge_sota_v1/viz/rwtd/assets/original/rwtd_408.png,/home/galoren/Detecture/texture_kseg_ade_pretrain/runs/edge_sota_v1/viz/rwtd/assets/gt_edges/rwtd_408.png,/home/galoren/Detecture/texture_kseg_ade_pretrain/runs/edge_sota_v1/viz/rwtd/assets/pred_edges/rwtd_408.png,/home/galoren/Detecture/texture_kseg_ade_pretrain/runs/edge_sota_v1/viz/rwtd/assets/edge_overlays/rwtd_408.png
rwtd_41,/home/galoren/rwtd_miner_public_site/review/originals/rwtd_41.jpg,/home/galoren/rwtd_miner_public_site/review/masks/rwtd_41.jpg,9,9,False,,0.19430485762144054,0.03018867924528302,0.052258137177610096,0.018218994140625,/home/galoren/Detecture/texture_kseg_ade_pretrain/runs/edge_sota_v1/viz/rwtd/rwtd_41.png,/home/galoren/Detecture/texture_kseg_ade_pretrain/runs/edge_sota_v1/viz/rwtd/assets/original/rwtd_41.png,/home/galoren/Detecture/texture_kseg_ade_pretrain/runs/edge_sota_v1/viz/rwtd/assets/gt_edges/rwtd_41.png,/home/galoren/Detecture/texture_kseg_ade_pretrain/runs/edge_sota_v1/viz/rwtd/assets/pred_edges/rwtd_41.png,/home/galoren/Detecture/texture_kseg_ade_pretrain/runs/edge_sota_v1/viz/rwtd/assets/edge_overlays/rwtd_41.png
rwtd_410,/home/galoren/rwtd_miner_public_site/review/originals/rwtd_410.jpg,/home/galoren/rwtd_miner_public_site/review/masks/rwtd_410.jpg,5,5,False,,0.2494289629968022,0.11309030654515327,0.155622060709705,0.0334014892578125,/home/galoren/Detecture/texture_kseg_ade_pretrain/runs/edge_sota_v1/viz/rwtd/rwtd_410.png,/home/galoren/Detecture/texture_kseg_ade_pretrain/runs/edge_sota_v1/viz/rwtd/assets/original/rwtd_410.png,/home/galoren/Detecture/texture_kseg_ade_pretrain/runs/edge_sota_v1/viz/rwtd/assets/gt_edges/rwtd_410.png,/home/galoren/Detecture/texture_kseg_ade_pretrain/runs/edge_sota_v1/viz/rwtd/assets/pred_edges/rwtd_410.png,/home/galoren/Detecture/texture_kseg_ade_pretrain/runs/edge_sota_v1/viz/rwtd/assets/edge_overlays/rwtd_410.png
rwtd_411,/home/galoren/rwtd_miner_public_site/review/originals/rwtd_411.jpg,/home/galoren/rwtd_miner_public_site/review/masks/rwtd_411.jpg,3,3,False,,0.11179691388750622,0.1916709336064175,0.14122233400402415,0.1532745361328125,/home/galoren/Detecture/texture_kseg_ade_pretrain/runs/edge_sota_v1/viz/rwtd/rwtd_411.png,/home/galoren/Detecture/texture_kseg_ade_pretrain/runs/edge_sota_v1/viz/rwtd/assets/original/rwtd_411.png,/home/galoren/Detecture/texture_kseg_ade_pretrain/runs/edge_sota_v1/viz/rwtd/assets/gt_edges/rwtd_411.png,/home/galoren/Detecture/texture_kseg_ade_pretrain/runs/edge_sota_v1/viz/rwtd/assets/pred_edges/rwtd_411.png,/home/galoren/Detecture/texture_kseg_ade_pretrain/runs/edge_sota_v1/viz/rwtd/assets/edge_overlays/rwtd_411.png
rwtd_412,/home/galoren/rwtd_miner_public_site/review/originals/rwtd_412.jpg,/home/galoren/rwtd_miner_public_site/review/masks/rwtd_412.jpg,2,2,False,,0.3490224475018103,0.510593220338983,0.4146236559139785,0.1053619384765625,/home/galoren/Detecture/texture_kseg_ade_pretrain/runs/edge_sota_v1/viz/rwtd/rwtd_412.png,/home/galoren/Detecture/texture_kseg_ade_pretrain/runs/edge_sota_v1/viz/rwtd/assets/original/rwtd_412.png,/home/galoren/Detecture/texture_kseg_ade_pretrain/runs/edge_sota_v1/viz/rwtd/assets/gt_edges/rwtd_412.png,/home/galoren/Detecture/texture_kseg_ade_pretrain/runs/edge_sota_v1/viz/rwtd/assets/pred_edges/rwtd_412.png,/home/galoren/Detecture/texture_kseg_ade_pretrain/runs/edge_sota_v1/viz/rwtd/assets/edge_overlays/rwtd_412.png
rwtd_413,/home/galoren/rwtd_miner_public_site/review/originals/rwtd_413.jpg,/home/galoren/rwtd_miner_public_site/review/masks/rwtd_413.jpg,2,2,False,,0.6447157726180944,0.8210553148100943,0.7222782823186455,0.07623291015625,/home/galoren/Detecture/texture_kseg_ade_pretrain/runs/edge_sota_v1/viz/rwtd/rwtd_413.png,/home/galoren/Detecture/texture_kseg_ade_pretrain/runs/edge_sota_v1/viz/rwtd/assets/original/rwtd_413.png,/home/galoren/Detecture/texture_kseg_ade_pretrain/runs/edge_sota_v1/viz/rwtd/assets/gt_edges/rwtd_413.png,/home/galoren/Detecture/texture_kseg_ade_pretrain/runs/edge_sota_v1/viz/rwtd/assets/pred_edges/rwtd_413.png,/home/galoren/Detecture/texture_kseg_ade_pretrain/runs/edge_sota_v1/viz/rwtd/assets/edge_overlays/rwtd_413.png
rwtd_414,/home/galoren/rwtd_miner_public_site/review/originals/rwtd_414.jpg,/home/galoren/rwtd_miner_public_site/review/masks/rwtd_414.jpg,2,2,False,,0.08923195677344654,0.29855371900826444,0.13739822903666726,0.1976776123046875,/home/galoren/Detecture/texture_kseg_ade_pretrain/runs/edge_sota_v1/viz/rwtd/rwtd_414.png,/home/galoren/Detecture/texture_kseg_ade_pretrain/runs/edge_sota_v1/viz/rwtd/assets/original/rwtd_414.png,/home/galoren/Detecture/texture_kseg_ade_pretrain/runs/edge_sota_v1/viz/rwtd/assets/gt_edges/rwtd_414.png,/home/galoren/Detecture/texture_kseg_ade_pretrain/runs/edge_sota_v1/viz/rwtd/assets/pred_edges/rwtd_414.png,/home/galoren/Detecture/texture_kseg_ade_pretrain/runs/edge_sota_v1/viz/rwtd/assets/edge_overlays/rwtd_414.png
rwtd_416,/home/galoren/rwtd_miner_public_site/review/originals/rwtd_416.jpg,/home/galoren/rwtd_miner_public_site/review/masks/rwtd_416.jpg,5,5,False,,0.29991204925241866,0.21455536912751677,0.2501528304193667,0.0520477294921875,/home/galoren/Detecture/texture_kseg_ade_pretrain/runs/edge_sota_v1/viz/rwtd/rwtd_416.png,/home/galoren/Detecture/texture_kseg_ade_pretrain/runs/edge_sota_v1/viz/rwtd/assets/original/rwtd_416.png,/home/galoren/Detecture/texture_kseg_ade_pretrain/runs/edge_sota_v1/viz/rwtd/assets/gt_edges/rwtd_416.png,/home/galoren/Detecture/texture_kseg_ade_pretrain/runs/edge_sota_v1/viz/rwtd/assets/pred_edges/rwtd_416.png,/home/galoren/Detecture/texture_kseg_ade_pretrain/runs/edge_sota_v1/viz/rwtd/assets/edge_overlays/rwtd_416.png
rwtd_417,/home/galoren/rwtd_miner_public_site/review/originals/rwtd_417.jpg,/home/galoren/rwtd_miner_public_site/review/masks/rwtd_417.jpg,7,7,False,,0.383248730964467,0.16103803768218983,0.2267834793491865,0.03607177734375,/home/galoren/Detecture/texture_kseg_ade_pretrain/runs/edge_sota_v1/viz/rwtd/rwtd_417.png,/home/galoren/Detecture/texture_kseg_ade_pretrain/runs/edge_sota_v1/viz/rwtd/assets/original/rwtd_417.png,/home/galoren/Detecture/texture_kseg_ade_pretrain/runs/edge_sota_v1/viz/rwtd/assets/gt_edges/rwtd_417.png,/home/galoren/Detecture/texture_kseg_ade_pretrain/runs/edge_sota_v1/viz/rwtd/assets/pred_edges/rwtd_417.png,/home/galoren/Detecture/texture_kseg_ade_pretrain/runs/edge_sota_v1/viz/rwtd/assets/edge_overlays/rwtd_417.png
rwtd_418,/home/galoren/rwtd_miner_public_site/review/originals/rwtd_418.jpg,/home/galoren/rwtd_miner_public_site/review/masks/rwtd_418.jpg,2,2,False,,0.3220238876492978,0.8273478334176362,0.46360243752657176,0.232513427734375,/home/galoren/Detecture/texture_kseg_ade_pretrain/runs/edge_sota_v1/viz/rwtd/rwtd_418.png,/home/galoren/Detecture/texture_kseg_ade_pretrain/runs/edge_sota_v1/viz/rwtd/assets/original/rwtd_418.png,/home/galoren/Detecture/texture_kseg_ade_pretrain/runs/edge_sota_v1/viz/rwtd/assets/gt_edges/rwtd_418.png,/home/galoren/Detecture/texture_kseg_ade_pretrain/runs/edge_sota_v1/viz/rwtd/assets/pred_edges/rwtd_418.png,/home/galoren/Detecture/texture_kseg_ade_pretrain/runs/edge_sota_v1/viz/rwtd/assets/edge_overlays/rwtd_418.png
rwtd_422,/home/galoren/rwtd_miner_public_site/review/originals/rwtd_422.jpg,/home/galoren/rwtd_miner_public_site/review/masks/rwtd_422.jpg,2,2,False,,0.09795918367346938,0.06857142857142857,0.08067226890756303,0.01495361328125,/home/galoren/Detecture/texture_kseg_ade_pretrain/runs/edge_sota_v1/viz/rwtd/rwtd_422.png,/home/galoren/Detecture/texture_kseg_ade_pretrain/runs/edge_sota_v1/viz/rwtd/assets/original/rwtd_422.png,/home/galoren/Detecture/texture_kseg_ade_pretrain/runs/edge_sota_v1/viz/rwtd/assets/gt_edges/rwtd_422.png,/home/galoren/Detecture/texture_kseg_ade_pretrain/runs/edge_sota_v1/viz/rwtd/assets/pred_edges/rwtd_422.png,/home/galoren/Detecture/texture_kseg_ade_pretrain/runs/edge_sota_v1/viz/rwtd/assets/edge_overlays/rwtd_422.png
rwtd_423,/home/galoren/rwtd_miner_public_site/review/originals/rwtd_423.jpg,/home/galoren/rwtd_miner_public_site/review/masks/rwtd_423.jpg,2,2,False,,0.3092485549132948,0.03213213213213213,0.05821545157780197,0.005279541015625,/home/galoren/Detecture/texture_kseg_ade_pretrain/runs/edge_sota_v1/viz/rwtd/rwtd_423.png,/home/galoren/Detecture/texture_kseg_ade_pretrain/runs/edge_sota_v1/viz/rwtd/assets/original/rwtd_423.png,/home/galoren/Detecture/texture_kseg_ade_pretrain/runs/edge_sota_v1/viz/rwtd/assets/gt_edges/rwtd_423.png,/home/galoren/Detecture/texture_kseg_ade_pretrain/runs/edge_sota_v1/viz/rwtd/assets/pred_edges/rwtd_423.png,/home/galoren/Detecture/texture_kseg_ade_pretrain/runs/edge_sota_v1/viz/rwtd/assets/edge_overlays/rwtd_423.png
rwtd_424,/home/galoren/rwtd_miner_public_site/review/originals/rwtd_424.jpg,/home/galoren/rwtd_miner_public_site/review/masks/rwtd_424.jpg,3,3,False,,0.08860759493670886,0.004223227752639517,0.00806219406852865,0.002410888671875,/home/galoren/Detecture/texture_kseg_ade_pretrain/runs/edge_sota_v1/viz/rwtd/rwtd_424.png,/home/galoren/Detecture/texture_kseg_ade_pretrain/runs/edge_sota_v1/viz/rwtd/assets/original/rwtd_424.png,/home/galoren/Detecture/texture_kseg_ade_pretrain/runs/edge_sota_v1/viz/rwtd/assets/gt_edges/rwtd_424.png,/home/galoren/Detecture/texture_kseg_ade_pretrain/runs/edge_sota_v1/viz/rwtd/assets/pred_edges/rwtd_424.png,/home/galoren/Detecture/texture_kseg_ade_pretrain/runs/edge_sota_v1/viz/rwtd/assets/edge_overlays/rwtd_424.png
rwtd_425,/home/galoren/rwtd_miner_public_site/review/originals/rwtd_425.jpg,/home/galoren/rwtd_miner_public_site/review/masks/rwtd_425.jpg,2,2,False,,0.25073788784104817,0.5333843797856049,0.3411194358748348,0.2119598388671875,/home/galoren/Detecture/texture_kseg_ade_pretrain/runs/edge_sota_v1/viz/rwtd/rwtd_425.png,/home/galoren/Detecture/texture_kseg_ade_pretrain/runs/edge_sota_v1/viz/rwtd/assets/original/rwtd_425.png,/home/galoren/Detecture/texture_kseg_ade_pretrain/runs/edge_sota_v1/viz/rwtd/assets/gt_edges/rwtd_425.png,/home/galoren/Detecture/texture_kseg_ade_pretrain/runs/edge_sota_v1/viz/rwtd/assets/pred_edges/rwtd_425.png,/home/galoren/Detecture/texture_kseg_ade_pretrain/runs/edge_sota_v1/viz/rwtd/assets/edge_overlays/rwtd_425.png
rwtd_426,/home/galoren/rwtd_miner_public_site/review/originals/rwtd_426.jpg,/home/galoren/rwtd_miner_public_site/review/masks/rwtd_426.jpg,2,2,False,,0.07892416225749559,0.20166741775574584,0.11344910635061478,0.17303466796875,/home/galoren/Detecture/texture_kseg_ade_pretrain/runs/edge_sota_v1/viz/rwtd/rwtd_426.png,/home/galoren/Detecture/texture_kseg_ade_pretrain/runs/edge_sota_v1/viz/rwtd/assets/original/rwtd_426.png,/home/galoren/Detecture/texture_kseg_ade_pretrain/runs/edge_sota_v1/viz/rwtd/assets/gt_edges/rwtd_426.png,/home/galoren/Detecture/texture_kseg_ade_pretrain/runs/edge_sota_v1/viz/rwtd/assets/pred_edges/rwtd_426.png,/home/galoren/Detecture/texture_kseg_ade_pretrain/runs/edge_sota_v1/viz/rwtd/assets/edge_overlays/rwtd_426.png
rwtd_428,/home/galoren/rwtd_miner_public_site/review/originals/rwtd_428.jpg,/home/galoren/rwtd_miner_public_site/review/masks/rwtd_428.jpg,2,2,False,,0.29033760186263097,0.32255561303673047,0.30559980394559494,0.0655364990234375,/home/galoren/Detecture/texture_kseg_ade_pretrain/runs/edge_sota_v1/viz/rwtd/rwtd_428.png,/home/galoren/Detecture/texture_kseg_ade_pretrain/runs/edge_sota_v1/viz/rwtd/assets/original/rwtd_428.png,/home/galoren/Detecture/texture_kseg_ade_pretrain/runs/edge_sota_v1/viz/rwtd/assets/gt_edges/rwtd_428.png,/home/galoren/Detecture/texture_kseg_ade_pretrain/runs/edge_sota_v1/viz/rwtd/assets/pred_edges/rwtd_428.png,/home/galoren/Detecture/texture_kseg_ade_pretrain/runs/edge_sota_v1/viz/rwtd/assets/edge_overlays/rwtd_428.png
rwtd_429,/home/galoren/rwtd_miner_public_site/review/originals/rwtd_429.jpg,/home/galoren/rwtd_miner_public_site/review/masks/rwtd_429.jpg,3,3,False,,0.2687296416938111,0.0915310650887574,0.13655172413793104,0.028106689453125,/home/galoren/Detecture/texture_kseg_ade_pretrain/runs/edge_sota_v1/viz/rwtd/rwtd_429.png,/home/galoren/Detecture/texture_kseg_ade_pretrain/runs/edge_sota_v1/viz/rwtd/assets/original/rwtd_429.png,/home/galoren/Detecture/texture_kseg_ade_pretrain/runs/edge_sota_v1/viz/rwtd/assets/gt_edges/rwtd_429.png,/home/galoren/Detecture/texture_kseg_ade_pretrain/runs/edge_sota_v1/viz/rwtd/assets/pred_edges/rwtd_429.png,/home/galoren/Detecture/texture_kseg_ade_pretrain/runs/edge_sota_v1/viz/rwtd/assets/edge_overlays/rwtd_429.png
rwtd_431,/home/galoren/rwtd_miner_public_site/review/originals/rwtd_431.jpg,/home/galoren/rwtd_miner_public_site/review/masks/rwtd_431.jpg,3,3,False,,0.2045065601825442,0.14105843006098762,0.16695773663988825,0.053497314453125,/home/galoren/Detecture/texture_kseg_ade_pretrain/runs/edge_sota_v1/viz/rwtd/rwtd_431.png,/home/galoren/Detecture/texture_kseg_ade_pretrain/runs/edge_sota_v1/viz/rwtd/assets/original/rwtd_431.png,/home/galoren/Detecture/texture_kseg_ade_pretrain/runs/edge_sota_v1/viz/rwtd/assets/gt_edges/rwtd_431.png,/home/galoren/Detecture/texture_kseg_ade_pretrain/runs/edge_sota_v1/viz/rwtd/assets/pred_edges/rwtd_431.png,/home/galoren/Detecture/texture_kseg_ade_pretrain/runs/edge_sota_v1/viz/rwtd/assets/edge_overlays/rwtd_431.png
rwtd_432,/home/galoren/rwtd_miner_public_site/review/originals/rwtd_432.jpg,/home/galoren/rwtd_miner_public_site/review/masks/rwtd_432.jpg,8,8,False,,0.16064981949458484,0.02088711570053978,0.036967808930425755,0.008453369140625,/home/galoren/Detecture/texture_kseg_ade_pretrain/runs/edge_sota_v1/viz/rwtd/rwtd_432.png,/home/galoren/Detecture/texture_kseg_ade_pretrain/runs/edge_sota_v1/viz/rwtd/assets/original/rwtd_432.png,/home/galoren/Detecture/texture_kseg_ade_pretrain/runs/edge_sota_v1/viz/rwtd/assets/gt_edges/rwtd_432.png,/home/galoren/Detecture/texture_kseg_ade_pretrain/runs/edge_sota_v1/viz/rwtd/assets/pred_edges/rwtd_432.png,/home/galoren/Detecture/texture_kseg_ade_pretrain/runs/edge_sota_v1/viz/rwtd/assets/edge_overlays/rwtd_432.png
rwtd_434,/home/galoren/rwtd_miner_public_site/review/originals/rwtd_434.jpg,/home/galoren/rwtd_miner_public_site/review/masks/rwtd_434.jpg,3,3,False,,0.1852189781021898,0.05300261096605744,0.08241981323589119,0.0167236328125,/home/galoren/Detecture/texture_kseg_ade_pretrain/runs/edge_sota_v1/viz/rwtd/rwtd_434.png,/home/galoren/Detecture/texture_kseg_ade_pretrain/runs/edge_sota_v1/viz/rwtd/assets/original/rwtd_434.png,/home/galoren/Detecture/texture_kseg_ade_pretrain/runs/edge_sota_v1/viz/rwtd/assets/gt_edges/rwtd_434.png,/home/galoren/Detecture/texture_kseg_ade_pretrain/runs/edge_sota_v1/viz/rwtd/assets/pred_edges/rwtd_434.png,/home/galoren/Detecture/texture_kseg_ade_pretrain/runs/edge_sota_v1/viz/rwtd/assets/edge_overlays/rwtd_434.png
rwtd_436,/home/galoren/rwtd_miner_public_site/review/originals/rwtd_436.jpg,/home/galoren/rwtd_miner_public_site/review/masks/rwtd_436.jpg,2,2,False,,0.2793542074363992,0.3402860548271752,0.3068242880171951,0.0623779296875,/home/galoren/Detecture/texture_kseg_ade_pretrain/runs/edge_sota_v1/viz/rwtd/rwtd_436.png,/home/galoren/Detecture/texture_kseg_ade_pretrain/runs/edge_sota_v1/viz/rwtd/assets/original/rwtd_436.png,/home/galoren/Detecture/texture_kseg_ade_pretrain/runs/edge_sota_v1/viz/rwtd/assets/gt_edges/rwtd_436.png,/home/galoren/Detecture/texture_kseg_ade_pretrain/runs/edge_sota_v1/viz/rwtd/assets/pred_edges/rwtd_436.png,/home/galoren/Detecture/texture_kseg_ade_pretrain/runs/edge_sota_v1/viz/rwtd/assets/edge_overlays/rwtd_436.png
rwtd_437,/home/galoren/rwtd_miner_public_site/review/originals/rwtd_437.jpg,/home/galoren/rwtd_miner_public_site/review/masks/rwtd_437.jpg,2,2,False,,0.10151515151515152,0.018054432767448128,0.03065660032029284,0.01007080078125,/home/galoren/Detecture/texture_kseg_ade_pretrain/runs/edge_sota_v1/viz/rwtd/rwtd_437.png,/home/galoren/Detecture/texture_kseg_ade_pretrain/runs/edge_sota_v1/viz/rwtd/assets/original/rwtd_437.png,/home/galoren/Detecture/texture_kseg_ade_pretrain/runs/edge_sota_v1/viz/rwtd/assets/gt_edges/rwtd_437.png,/home/galoren/Detecture/texture_kseg_ade_pretrain/runs/edge_sota_v1/viz/rwtd/assets/pred_edges/rwtd_437.png,/home/galoren/Detecture/texture_kseg_ade_pretrain/runs/edge_sota_v1/viz/rwtd/assets/edge_overlays/rwtd_437.png
rwtd_44,/home/galoren/rwtd_miner_public_site/review/originals/rwtd_44.jpg,/home/galoren/rwtd_miner_public_site/review/masks/rwtd_44.jpg,2,2,False,,0.5646766169154229,0.05768742058449809,0.104680654830528,0.006134033203125,/home/galoren/Detecture/texture_kseg_ade_pretrain/runs/edge_sota_v1/viz/rwtd/rwtd_44.png,/home/galoren/Detecture/texture_kseg_ade_pretrain/runs/edge_sota_v1/viz/rwtd/assets/original/rwtd_44.png,/home/galoren/Detecture/texture_kseg_ade_pretrain/runs/edge_sota_v1/viz/rwtd/assets/gt_edges/rwtd_44.png,/home/galoren/Detecture/texture_kseg_ade_pretrain/runs/edge_sota_v1/viz/rwtd/assets/pred_edges/rwtd_44.png,/home/galoren/Detecture/texture_kseg_ade_pretrain/runs/edge_sota_v1/viz/rwtd/assets/edge_overlays/rwtd_44.png
rwtd_440,/home/galoren/rwtd_miner_public_site/review/originals/rwtd_440.jpg,/home/galoren/rwtd_miner_public_site/review/masks/rwtd_440.jpg,2,2,False,,0.06264204545454545,0.16641509433962265,0.09102167182662539,0.107421875,/home/galoren/Detecture/texture_kseg_ade_pretrain/runs/edge_sota_v1/viz/rwtd/rwtd_440.png,/home/galoren/Detecture/texture_kseg_ade_pretrain/runs/edge_sota_v1/viz/rwtd/assets/original/rwtd_440.png,/home/galoren/Detecture/texture_kseg_ade_pretrain/runs/edge_sota_v1/viz/rwtd/assets/gt_edges/rwtd_440.png,/home/galoren/Detecture/texture_kseg_ade_pretrain/runs/edge_sota_v1/viz/rwtd/assets/pred_edges/rwtd_440.png,/home/galoren/Detecture/texture_kseg_ade_pretrain/runs/edge_sota_v1/viz/rwtd/assets/edge_overlays/rwtd_440.png
rwtd_441,/home/galoren/rwtd_miner_public_site/review/originals/rwtd_441.jpg,/home/galoren/rwtd_miner_public_site/review/masks/rwtd_441.jpg,2,2,False,,0.22270965109161395,0.6641314268329784,0.33356253342501335,0.149566650390625,/home/galoren/Detecture/texture_kseg_ade_pretrain/runs/edge_sota_v1/viz/rwtd/rwtd_441.png,/home/galoren/Detecture/texture_kseg_ade_pretrain/runs/edge_sota_v1/viz/rwtd/assets/original/rwtd_441.png,/home/galoren/Detecture/texture_kseg_ade_pretrain/runs/edge_sota_v1/viz/rwtd/assets/gt_edges/rwtd_441.png,/home/galoren/Detecture/texture_kseg_ade_pretrain/runs/edge_sota_v1/viz/rwtd/assets/pred_edges/rwtd_441.png,/home/galoren/Detecture/texture_kseg_ade_pretrain/runs/edge_sota_v1/viz/rwtd/assets/edge_overlays/rwtd_441.png
rwtd_442,/home/galoren/rwtd_miner_public_site/review/originals/rwtd_442.jpg,/home/galoren/rwtd_miner_public_site/review/masks/rwtd_442.jpg,2,2,False,,0.1905781584582441,0.37046580773042614,0.2516832749798007,0.1496429443359375,/home/galoren/Detecture/texture_kseg_ade_pretrain/runs/edge_sota_v1/viz/rwtd/rwtd_442.png,/home/galoren/Detecture/texture_kseg_ade_pretrain/runs/edge_sota_v1/viz/rwtd/assets/original/rwtd_442.png,/home/galoren/Detecture/texture_kseg_ade_pretrain/runs/edge_sota_v1/viz/rwtd/assets/gt_edges/rwtd_442.png,/home/galoren/Detecture/texture_kseg_ade_pretrain/runs/edge_sota_v1/viz/rwtd/assets/pred_edges/rwtd_442.png,/home/galoren/Detecture/texture_kseg_ade_pretrain/runs/edge_sota_v1/viz/rwtd/assets/edge_overlays/rwtd_442.png
rwtd_443,/home/galoren/rwtd_miner_public_site/review/originals/rwtd_443.jpg,/home/galoren/rwtd_miner_public_site/review/masks/rwtd_443.jpg,5,5,False,,0.23371848739495799,0.10169104204753199,0.14171974522292993,0.029052734375,/home/galoren/Detecture/texture_kseg_ade_pretrain/runs/edge_sota_v1/viz/rwtd/rwtd_443.png,/home/galoren/Detecture/texture_kseg_ade_pretrain/runs/edge_sota_v1/viz/rwtd/assets/original/rwtd_443.png,/home/galoren/Detecture/texture_kseg_ade_pretrain/runs/edge_sota_v1/viz/rwtd/assets/gt_edges/rwtd_443.png,/home/galoren/Detecture/texture_kseg_ade_pretrain/runs/edge_sota_v1/viz/rwtd/assets/pred_edges/rwtd_443.png,/home/galoren/Detecture/texture_kseg_ade_pretrain/runs/edge_sota_v1/viz/rwtd/assets/edge_overlays/rwtd_443.png
rwtd_444,/home/galoren/rwtd_miner_public_site/review/originals/rwtd_444.jpg,/home/galoren/rwtd_miner_public_site/review/masks/rwtd_444.jpg,2,2,False,,0.12454212454212454,0.3329376854599407,0.18127473947814848,0.1374664306640625,/home/galoren/Detecture/texture_kseg_ade_pretrain/runs/edge_sota_v1/viz/rwtd/rwtd_444.png,/home/galoren/Detecture/texture_kseg_ade_pretrain/runs/edge_sota_v1/viz/rwtd/assets/original/rwtd_444.png,/home/galoren/Detecture/texture_kseg_ade_pretrain/runs/edge_sota_v1/viz/rwtd/assets/gt_edges/rwtd_444.png,/home/galoren/Detecture/texture_kseg_ade_pretrain/runs/edge_sota_v1/viz/rwtd/assets/pred_edges/rwtd_444.png,/home/galoren/Detecture/texture_kseg_ade_pretrain/runs/edge_sota_v1/viz/rwtd/assets/edge_overlays/rwtd_444.png
rwtd_447,/home/galoren/rwtd_miner_public_site/review/originals/rwtd_447.jpg,/home/galoren/rwtd_miner_public_site/review/masks/rwtd_447.jpg,3,3,False,,0.42857142857142855,0.018154311649016642,0.03483309143686503,0.00299072265625,/home/galoren/Detecture/texture_kseg_ade_pretrain/runs/edge_sota_v1/viz/rwtd/rwtd_447.png,/home/galoren/Detecture/texture_kseg_ade_pretrain/runs/edge_sota_v1/viz/rwtd/assets/original/rwtd_447.png,/home/galoren/Detecture/texture_kseg_ade_pretrain/runs/edge_sota_v1/viz/rwtd/assets/gt_edges/rwtd_447.png,/home/galoren/Detecture/texture_kseg_ade_pretrain/runs/edge_sota_v1/viz/rwtd/assets/pred_edges/rwtd_447.png,/home/galoren/Detecture/texture_kseg_ade_pretrain/runs/edge_sota_v1/viz/rwtd/assets/edge_overlays/rwtd_447.png
rwtd_448,/home/galoren/rwtd_miner_public_site/review/originals/rwtd_448.jpg,/home/galoren/rwtd_miner_public_site/review/masks/rwtd_448.jpg,2,2,False,,0.6943671766342142,0.5480241492864983,0.6125766871165644,0.04388427734375,/home/galoren/Detecture/texture_kseg_ade_pretrain/runs/edge_sota_v1/viz/rwtd/rwtd_448.png,/home/galoren/Detecture/texture_kseg_ade_pretrain/runs/edge_sota_v1/viz/rwtd/assets/original/rwtd_448.png,/home/galoren/Detecture/texture_kseg_ade_pretrain/runs/edge_sota_v1/viz/rwtd/assets/gt_edges/rwtd_448.png,/home/galoren/Detecture/texture_kseg_ade_pretrain/runs/edge_sota_v1/viz/rwtd/assets/pred_edges/rwtd_448.png,/home/galoren/Detecture/texture_kseg_ade_pretrain/runs/edge_sota_v1/viz/rwtd/assets/edge_overlays/rwtd_448.png
rwtd_449,/home/galoren/rwtd_miner_public_site/review/originals/rwtd_449.jpg,/home/galoren/rwtd_miner_public_site/review/masks/rwtd_449.jpg,2,2,False,,0.49343506032647266,0.730880420499343,0.5891325071496664,0.08599853515625,/home/galoren/Detecture/texture_kseg_ade_pretrain/runs/edge_sota_v1/viz/rwtd/rwtd_449.png,/home/galoren/Detecture/texture_kseg_ade_pretrain/runs/edge_sota_v1/viz/rwtd/assets/original/rwtd_449.png,/home/galoren/Detecture/texture_kseg_ade_pretrain/runs/edge_sota_v1/viz/rwtd/assets/gt_edges/rwtd_449.png,/home/galoren/Detecture/texture_kseg_ade_pretrain/runs/edge_sota_v1/viz/rwtd/assets/pred_edges/rwtd_449.png,/home/galoren/Detecture/texture_kseg_ade_pretrain/runs/edge_sota_v1/viz/rwtd/assets/edge_overlays/rwtd_449.png
rwtd_45,/home/galoren/rwtd_miner_public_site/review/originals/rwtd_45.jpg,/home/galoren/rwtd_miner_public_site/review/masks/rwtd_45.jpg,2,2,False,,0.10181704260651629,0.22138964577656675,0.13948497854077255,0.0487060546875,/home/galoren/Detecture/texture_kseg_ade_pretrain/runs/edge_sota_v1/viz/rwtd/rwtd_45.png,/home/galoren/Detecture/texture_kseg_ade_pretrain/runs/edge_sota_v1/viz/rwtd/assets/original/rwtd_45.png,/home/galoren/Detecture/texture_kseg_ade_pretrain/runs/edge_sota_v1/viz/rwtd/assets/gt_edges/rwtd_45.png,/home/galoren/Detecture/texture_kseg_ade_pretrain/runs/edge_sota_v1/viz/rwtd/assets/pred_edges/rwtd_45.png,/home/galoren/Detecture/texture_kseg_ade_pretrain/runs/edge_sota_v1/viz/rwtd/assets/edge_overlays/rwtd_45.png
rwtd_450,/home/galoren/rwtd_miner_public_site/review/originals/rwtd_450.jpg,/home/galoren/rwtd_miner_public_site/review/masks/rwtd_450.jpg,2,2,False,,0.43584822087701164,0.5784832451499118,0.49713708319299427,0.1033477783203125,/home/galoren/Detecture/texture_kseg_ade_pretrain/runs/edge_sota_v1/viz/rwtd/rwtd_450.png,/home/galoren/Detecture/texture_kseg_ade_pretrain/runs/edge_sota_v1/viz/rwtd/assets/original/rwtd_450.png,/home/galoren/Detecture/texture_kseg_ade_pretrain/runs/edge_sota_v1/viz/rwtd/assets/gt_edges/rwtd_450.png,/home/galoren/Detecture/texture_kseg_ade_pretrain/runs/edge_sota_v1/viz/rwtd/assets/pred_edges/rwtd_450.png,/home/galoren/Detecture/texture_kseg_ade_pretrain/runs/edge_sota_v1/viz/rwtd/assets/edge_overlays/rwtd_450.png
rwtd_451,/home/galoren/rwtd_miner_public_site/review/originals/rwtd_451.jpg,/home/galoren/rwtd_miner_public_site/review/masks/rwtd_451.jpg,2,2,False,,0.5162185232607768,0.5810713427816478,0.5467284438919652,0.071502685546875,/home/galoren/Detecture/texture_kseg_ade_pretrain/runs/edge_sota_v1/viz/rwtd/rwtd_451.png,/home/galoren/Detecture/texture_kseg_ade_pretrain/runs/edge_sota_v1/viz/rwtd/assets/original/rwtd_451.png,/home/galoren/Detecture/texture_kseg_ade_pretrain/runs/edge_sota_v1/viz/rwtd/assets/gt_edges/rwtd_451.png,/home/galoren/Detecture/texture_kseg_ade_pretrain/runs/edge_sota_v1/viz/rwtd/assets/pred_edges/rwtd_451.png,/home/galoren/Detecture/texture_kseg_ade_pretrain/runs/edge_sota_v1/viz/rwtd/assets/edge_overlays/rwtd_451.png
rwtd_452,/home/galoren/rwtd_miner_public_site/review/originals/rwtd_452.jpg,/home/galoren/rwtd_miner_public_site/review/masks/rwtd_452.jpg,2,2,False,,0.21428571428571427,0.05235429700362199,0.08414924583223073,0.011322021484375,/home/galoren/Detecture/texture_kseg_ade_pretrain/runs/edge_sota_v1/viz/rwtd/rwtd_452.png,/home/galoren/Detecture/texture_kseg_ade_pretrain/runs/edge_sota_v1/viz/rwtd/assets/original/rwtd_452.png,/home/galoren/Detecture/texture_kseg_ade_pretrain/runs/edge_sota_v1/viz/rwtd/assets/gt_edges/rwtd_452.png,/home/galoren/Detecture/texture_kseg_ade_pretrain/runs/edge_sota_v1/viz/rwtd/assets/pred_edges/rwtd_452.png,/home/galoren/Detecture/texture_kseg_ade_pretrain/runs/edge_sota_v1/viz/rwtd/assets/edge_overlays/rwtd_452.png
rwtd_453,/home/galoren/rwtd_miner_public_site/review/originals/rwtd_453.jpg,/home/galoren/rwtd_miner_public_site/review/masks/rwtd_453.jpg,3,3,False,,0.413818359375,0.2526456998062304,0.31374363720499765,0.0625,/home/galoren/Detecture/texture_kseg_ade_pretrain/runs/edge_sota_v1/viz/rwtd/rwtd_453.png,/home/galoren/Detecture/texture_kseg_ade_pretrain/runs/edge_sota_v1/viz/rwtd/assets/original/rwtd_453.png,/home/galoren/Detecture/texture_kseg_ade_pretrain/runs/edge_sota_v1/viz/rwtd/assets/gt_edges/rwtd_453.png,/home/galoren/Detecture/texture_kseg_ade_pretrain/runs/edge_sota_v1/viz/rwtd/assets/pred_edges/rwtd_453.png,/home/galoren/Detecture/texture_kseg_ade_pretrain/runs/edge_sota_v1/viz/rwtd/assets/edge_overlays/rwtd_453.png
rwtd_455,/home/galoren/rwtd_miner_public_site/review/originals/rwtd_455.jpg,/home/galoren/rwtd_miner_public_site/review/masks/rwtd_455.jpg,2,2,False,,0.11041548093340922,0.07753796962430055,0.09110119746419346,0.0268096923828125,/home/galoren/Detecture/texture_kseg_ade_pretrain/runs/edge_sota_v1/viz/rwtd/rwtd_455.png,/home/galoren/Detecture/texture_kseg_ade_pretrain/runs/edge_sota_v1/viz/rwtd/assets/original/rwtd_455.png,/home/galoren/Detecture/texture_kseg_ade_pretrain/runs/edge_sota_v1/viz/rwtd/assets/gt_edges/rwtd_455.png,/home/galoren/Detecture/texture_kseg_ade_pretrain/runs/edge_sota_v1/viz/rwtd/assets/pred_edges/rwtd_455.png,/home/galoren/Detecture/texture_kseg_ade_pretrain/runs/edge_sota_v1/viz/rwtd/assets/edge_overlays/rwtd_455.png
rwtd_456,/home/galoren/rwtd_miner_public_site/review/originals/rwtd_456.jpg,/home/galoren/rwtd_miner_public_site/review/masks/rwtd_456.jpg,5,5,False,,0.11363358964970097,0.30986853053752705,0.166287117660192,0.250030517578125,/home/galoren/Detecture/texture_kseg_ade_pretrain/runs/edge_sota_v1/viz/rwtd/rwtd_456.png,/home/galoren/Detecture/texture_kseg_ade_pretrain/runs/edge_sota_v1/viz/rwtd/assets/original/rwtd_456.png,/home/galoren/Detecture/texture_kseg_ade_pretrain/runs/edge_sota_v1/viz/rwtd/assets/gt_edges/rwtd_456.png,/home/galoren/Detecture/texture_kseg_ade_pretrain/runs/edge_sota_v1/viz/rwtd/assets/pred_edges/rwtd_456.png,/home/galoren/Detecture/texture_kseg_ade_pretrain/runs/edge_sota_v1/viz/rwtd/assets/edge_overlays/rwtd_456.png
rwtd_457,/home/galoren/rwtd_miner_public_site/review/originals/rwtd_457.jpg,/home/galoren/rwtd_miner_public_site/review/masks/rwtd_457.jpg,2,2,False,,0.07044337891434321,0.38850799869409075,0.11926237722990579,0.2577667236328125,/home/galoren/Detecture/texture_kseg_ade_pretrain/runs/edge_sota_v1/viz/rwtd/rwtd_457.png,/home/galoren/Detecture/texture_kseg_ade_pretrain/runs/edge_sota_v1/viz/rwtd/assets/original/rwtd_457.png,/home/galoren/Detecture/texture_kseg_ade_pretrain/runs/edge_sota_v1/viz/rwtd/assets/gt_edges/rwtd_457.png,/home/galoren/Detecture/texture_kseg_ade_pretrain/runs/edge_sota_v1/viz/rwtd/assets/pred_edges/rwtd_457.png,/home/galoren/Detecture/texture_kseg_ade_pretrain/runs/edge_sota_v1/viz/rwtd/assets/edge_overlays/rwtd_457.png
rwtd_461,/home/galoren/rwtd_miner_public_site/review/originals/rwtd_461.jpg,/home/galoren/rwtd_miner_public_site/review/masks/rwtd_461.jpg,2,2,False,,0.0,0.0,0.0,0.00030517578125,/home/galoren/Detecture/texture_kseg_ade_pretrain/runs/edge_sota_v1/viz/rwtd/rwtd_461.png,/home/galoren/Detecture/texture_kseg_ade_pretrain/runs/edge_sota_v1/viz/rwtd/assets/original/rwtd_461.png,/home/galoren/Detecture/texture_kseg_ade_pretrain/runs/edge_sota_v1/viz/rwtd/assets/gt_edges/rwtd_461.png,/home/galoren/Detecture/texture_kseg_ade_pretrain/runs/edge_sota_v1/viz/rwtd/assets/pred_edges/rwtd_461.png,/home/galoren/Detecture/texture_kseg_ade_pretrain/runs/edge_sota_v1/viz/rwtd/assets/edge_overlays/rwtd_461.png
rwtd_463,/home/galoren/rwtd_miner_public_site/review/originals/rwtd_463.jpg,/home/galoren/rwtd_miner_public_site/review/masks/rwtd_463.jpg,3,3,False,,0.19458762886597938,0.09224190592547343,0.12515540820555326,0.023681640625,/home/galoren/Detecture/texture_kseg_ade_pretrain/runs/edge_sota_v1/viz/rwtd/rwtd_463.png,/home/galoren/Detecture/texture_kseg_ade_pretrain/runs/edge_sota_v1/viz/rwtd/assets/original/rwtd_463.png,/home/galoren/Detecture/texture_kseg_ade_pretrain/runs/edge_sota_v1/viz/rwtd/assets/gt_edges/rwtd_463.png,/home/galoren/Detecture/texture_kseg_ade_pretrain/runs/edge_sota_v1/viz/rwtd/assets/pred_edges/rwtd_463.png,/home/galoren/Detecture/texture_kseg_ade_pretrain/runs/edge_sota_v1/viz/rwtd/assets/edge_overlays/rwtd_463.png
rwtd_464,/home/galoren/rwtd_miner_public_site/review/originals/rwtd_464.jpg,/home/galoren/rwtd_miner_public_site/review/masks/rwtd_464.jpg,2,2,False,,0.07621776504297995,0.259461568474444,0.11782423812898654,0.1331329345703125,/home/galoren/Detecture/texture_kseg_ade_pretrain/runs/edge_sota_v1/viz/rwtd/rwtd_464.png,/home/galoren/Detecture/texture_kseg_ade_pretrain/runs/edge_sota_v1/viz/rwtd/assets/original/rwtd_464.png,/home/galoren/Detecture/texture_kseg_ade_pretrain/runs/edge_sota_v1/viz/rwtd/assets/gt_edges/rwtd_464.png,/home/galoren/Detecture/texture_kseg_ade_pretrain/runs/edge_sota_v1/viz/rwtd/assets/pred_edges/rwtd_464.png,/home/galoren/Detecture/texture_kseg_ade_pretrain/runs/edge_sota_v1/viz/rwtd/assets/edge_overlays/rwtd_464.png
rwtd_465,/home/galoren/rwtd_miner_public_site/review/originals/rwtd_465.jpg,/home/galoren/rwtd_miner_public_site/review/masks/rwtd_465.jpg,2,2,False,,0.0871316514733941,0.13305276788604725,0.10530361260568794,0.0719757080078125,/home/galoren/Detecture/texture_kseg_ade_pretrain/runs/edge_sota_v1/viz/rwtd/rwtd_465.png,/home/galoren/Detecture/texture_kseg_ade_pretrain/runs/edge_sota_v1/viz/rwtd/assets/original/rwtd_465.png,/home/galoren/Detecture/texture_kseg_ade_pretrain/runs/edge_sota_v1/viz/rwtd/assets/gt_edges/rwtd_465.png,/home/galoren/Detecture/texture_kseg_ade_pretrain/runs/edge_sota_v1/viz/rwtd/assets/pred_edges/rwtd_465.png,/home/galoren/Detecture/texture_kseg_ade_pretrain/runs/edge_sota_v1/viz/rwtd/assets/edge_overlays/rwtd_465.png
rwtd_466,/home/galoren/rwtd_miner_public_site/review/originals/rwtd_466.jpg,/home/galoren/rwtd_miner_public_site/review/masks/rwtd_466.jpg,2,2,False,,0.0,0.0,0.0,0.0,/home/galoren/Detecture/texture_kseg_ade_pretrain/runs/edge_sota_v1/viz/rwtd/rwtd_466.png,/home/galoren/Detecture/texture_kseg_ade_pretrain/runs/edge_sota_v1/viz/rwtd/assets/original/rwtd_466.png,/home/galoren/Detecture/texture_kseg_ade_pretrain/runs/edge_sota_v1/viz/rwtd/assets/gt_edges/rwtd_466.png,/home/galoren/Detecture/texture_kseg_ade_pretrain/runs/edge_sota_v1/viz/rwtd/assets/pred_edges/rwtd_466.png,/home/galoren/Detecture/texture_kseg_ade_pretrain/runs/edge_sota_v1/viz/rwtd/assets/edge_overlays/rwtd_466.png
rwtd_467,/home/galoren/rwtd_miner_public_site/review/originals/rwtd_467.jpg,/home/galoren/rwtd_miner_public_site/review/masks/rwtd_467.jpg,4,4,False,,0.08823529411764706,0.002171552660152009,0.0042387848816672555,0.00311279296875,/home/galoren/Detecture/texture_kseg_ade_pretrain/runs/edge_sota_v1/viz/rwtd/rwtd_467.png,/home/galoren/Detecture/texture_kseg_ade_pretrain/runs/edge_sota_v1/viz/rwtd/assets/original/rwtd_467.png,/home/galoren/Detecture/texture_kseg_ade_pretrain/runs/edge_sota_v1/viz/rwtd/assets/gt_edges/rwtd_467.png,/home/galoren/Detecture/texture_kseg_ade_pretrain/runs/edge_sota_v1/viz/rwtd/assets/pred_edges/rwtd_467.png,/home/galoren/Detecture/texture_kseg_ade_pretrain/runs/edge_sota_v1/viz/rwtd/assets/edge_overlays/rwtd_467.png
rwtd_468,/home/galoren/rwtd_miner_public_site/review/originals/rwtd_468.jpg,/home/galoren/rwtd_miner_public_site/review/masks/rwtd_468.jpg,2,2,False,,0.3371975806451613,0.3407181054239878,0.338948701709943,0.060546875,/home/galoren/Detecture/texture_kseg_ade_pretrain/runs/edge_sota_v1/viz/rwtd/rwtd_468.png,/home/galoren/Detecture/texture_kseg_ade_pretrain/runs/edge_sota_v1/viz/rwtd/assets/original/rwtd_468.png,/home/galoren/Detecture/texture_kseg_ade_pretrain/runs/edge_sota_v1/viz/rwtd/assets/gt_edges/rwtd_468.png,/home/galoren/Detecture/texture_kseg_ade_pretrain/runs/edge_sota_v1/viz/rwtd/assets/pred_edges/rwtd_468.png,/home/galoren/Detecture/texture_kseg_ade_pretrain/runs/edge_sota_v1/viz/rwtd/assets/edge_overlays/rwtd_468.png
rwtd_469,/home/galoren/rwtd_miner_public_site/review/originals/rwtd_469.jpg,/home/galoren/rwtd_miner_public_site/review/masks/rwtd_469.jpg,2,2,False,,0.24024661410956136,0.709128878281623,0.3589008002415824,0.150970458984375,/home/galoren/Detecture/texture_kseg_ade_pretrain/runs/edge_sota_v1/viz/rwtd/rwtd_469.png,/home/galoren/Detecture/texture_kseg_ade_pretrain/runs/edge_sota_v1/viz/rwtd/assets/original/rwtd_469.png,/home/galoren/Detecture/texture_kseg_ade_pretrain/runs/edge_sota_v1/viz/rwtd/assets/gt_edges/rwtd_469.png,/home/galoren/Detecture/texture_kseg_ade_pretrain/runs/edge_sota_v1/viz/rwtd/assets/pred_edges/rwtd_469.png,/home/galoren/Detecture/texture_kseg_ade_pretrain/runs/edge_sota_v1/viz/rwtd/assets/edge_overlays/rwtd_469.png
rwtd_47,/home/galoren/rwtd_miner_public_site/review/originals/rwtd_47.jpg,/home/galoren/rwtd_miner_public_site/review/masks/rwtd_47.jpg,3,3,False,,0.03337041156840934,0.02877697841726619,0.03090394025238218,0.05487060546875,/home/galoren/Detecture/texture_kseg_ade_pretrain/runs/edge_sota_v1/viz/rwtd/rwtd_47.png,/home/galoren/Detecture/texture_kseg_ade_pretrain/runs/edge_sota_v1/viz/rwtd/assets/original/rwtd_47.png,/home/galoren/Detecture/texture_kseg_ade_pretrain/runs/edge_sota_v1/viz/rwtd/assets/gt_edges/rwtd_47.png,/home/galoren/Detecture/texture_kseg_ade_pretrain/runs/edge_sota_v1/viz/rwtd/assets/pred_edges/rwtd_47.png,/home/galoren/Detecture/texture_kseg_ade_pretrain/runs/edge_sota_v1/viz/rwtd/assets/edge_overlays/rwtd_47.png
rwtd_471,/home/galoren/rwtd_miner_public_site/review/originals/rwtd_471.jpg,/home/galoren/rwtd_miner_public_site/review/masks/rwtd_471.jpg,3,3,False,,0.14674735249621784,0.16409774436090224,0.1549383263821102,0.0907745361328125,/home/galoren/Detecture/texture_kseg_ade_pretrain/runs/edge_sota_v1/viz/rwtd/rwtd_471.png,/home/galoren/Detecture/texture_kseg_ade_pretrain/runs/edge_sota_v1/viz/rwtd/assets/original/rwtd_471.png,/home/galoren/Detecture/texture_kseg_ade_pretrain/runs/edge_sota_v1/viz/rwtd/assets/gt_edges/rwtd_471.png,/home/galoren/Detecture/texture_kseg_ade_pretrain/runs/edge_sota_v1/viz/rwtd/assets/pred_edges/rwtd_471.png,/home/galoren/Detecture/texture_kseg_ade_pretrain/runs/edge_sota_v1/viz/rwtd/assets/edge_overlays/rwtd_471.png
rwtd_472,/home/galoren/rwtd_miner_public_site/review/originals/rwtd_472.jpg,/home/galoren/rwtd_miner_public_site/review/masks/rwtd_472.jpg,2,2,False,,0.3567748350357046,0.6907595379768988,0.4705251236812303,0.1688079833984375,/home/galoren/Detecture/texture_kseg_ade_pretrain/runs/edge_sota_v1/viz/rwtd/rwtd_472.png,/home/galoren/Detecture/texture_kseg_ade_pretrain/runs/edge_sota_v1/viz/rwtd/assets/original/rwtd_472.png,/home/galoren/Detecture/texture_kseg_ade_pretrain/runs/edge_sota_v1/viz/rwtd/assets/gt_edges/rwtd_472.png,/home/galoren/Detecture/texture_kseg_ade_pretrain/runs/edge_sota_v1/viz/rwtd/assets/pred_edges/rwtd_472.png,/home/galoren/Detecture/texture_kseg_ade_pretrain/runs/edge_sota_v1/viz/rwtd/assets/edge_overlays/rwtd_472.png
rwtd_473,/home/galoren/rwtd_miner_public_site/review/originals/rwtd_473.jpg,/home/galoren/rwtd_miner_public_site/review/masks/rwtd_473.jpg,4,4,False,,0.015898617511520736,0.019810508182601206,0.01764029144829349,0.06622314453125,/home/galoren/Detecture/texture_kseg_ade_pretrain/runs/edge_sota_v1/viz/rwtd/rwtd_473.png,/home/galoren/Detecture/texture_kseg_ade_pretrain/runs/edge_sota_v1/viz/rwtd/assets/original/rwtd_473.png,/home/galoren/Detecture/texture_kseg_ade_pretrain/runs/edge_sota_v1/viz/rwtd/assets/gt_edges/rwtd_473.png,/home/galoren/Detecture/texture_kseg_ade_pretrain/runs/edge_sota_v1/viz/rwtd/assets/pred_edges/rwtd_473.png,/home/galoren/Detecture/texture_kseg_ade_pretrain/runs/edge_sota_v1/viz/rwtd/assets/edge_overlays/rwtd_473.png
rwtd_474,/home/galoren/rwtd_miner_public_site/review/originals/rwtd_474.jpg,/home/galoren/rwtd_miner_public_site/review/masks/rwtd_474.jpg,5,5,False,,0.4391642769356821,0.37686763930391987,0.40563806640809763,0.074493408203125,/home/galoren/Detecture/texture_kseg_ade_pretrain/runs/edge_sota_v1/viz/rwtd/rwtd_474.png,/home/galoren/Detecture/texture_kseg_ade_pretrain/runs/edge_sota_v1/viz/rwtd/assets/original/rwtd_474.png,/home/galoren/Detecture/texture_kseg_ade_pretrain/runs/edge_sota_v1/viz/rwtd/assets/gt_edges/rwtd_474.png,/home/galoren/Detecture/texture_kseg_ade_pretrain/runs/edge_sota_v1/viz/rwtd/assets/pred_edges/rwtd_474.png,/home/galoren/Detecture/texture_kseg_ade_pretrain/runs/edge_sota_v1/viz/rwtd/assets/edge_overlays/rwtd_474.png
rwtd_475,/home/galoren/rwtd_miner_public_site/review/originals/rwtd_475.jpg,/home/galoren/rwtd_miner_public_site/review/masks/rwtd_475.jpg,2,2,False,,0.7037037037037037,0.01349911190053286,0.02649006622516556,0.00164794921875,/home/galoren/Detecture/texture_kseg_ade_pretrain/runs/edge_sota_v1/viz/rwtd/rwtd_475.png,/home/galoren/Detecture/texture_kseg_ade_pretrain/runs/edge_sota_v1/viz/rwtd/assets/original/rwtd_475.png,/home/galoren/Detecture/texture_kseg_ade_pretrain/runs/edge_sota_v1/viz/rwtd/assets/gt_edges/rwtd_475.png,/home/galoren/Detecture/texture_kseg_ade_pretrain/runs/edge_sota_v1/viz/rwtd/assets/pred_edges/rwtd_475.png,/home/galoren/Detecture/texture_kseg_ade_pretrain/runs/edge_sota_v1/viz/rwtd/assets/edge_overlays/rwtd_475.png
rwtd_476,/home/galoren/rwtd_miner_public_site/review/originals/rwtd_476.jpg,/home/galoren/rwtd_miner_public_site/review/masks/rwtd_476.jpg,2,2,False,,0.00816326530612245,0.0023014959723820483,0.0035906642728904844,0.0186920166015625,/home/galoren/Detecture/texture_kseg_ade_pretrain/runs/edge_sota_v1/viz/rwtd/rwtd_476.png,/home/galoren/Detecture/texture_kseg_ade_pretrain/runs/edge_sota_v1/viz/rwtd/assets/original/rwtd_476.png,/home/galoren/Detecture/texture_kseg_ade_pretrain/runs/edge_sota_v1/viz/rwtd/assets/gt_edges/rwtd_476.png,/home/galoren/Detecture/texture_kseg_ade_pretrain/runs/edge_sota_v1/viz/rwtd/assets/pred_edges/rwtd_476.png,/home/galoren/Detecture/texture_kseg_ade_pretrain/runs/edge_sota_v1/viz/rwtd/assets/edge_overlays/rwtd_476.png
rwtd_478,/home/galoren/rwtd_miner_public_site/review/originals/rwtd_478.jpg,/home/galoren/rwtd_miner_public_site/review/masks/rwtd_478.jpg,2,2,False,,0.1423833975181857,0.21614160441701852,0.1716754804591771,0.14263916015625,/home/galoren/Detecture/texture_kseg_ade_pretrain/runs/edge_sota_v1/viz/rwtd/rwtd_478.png,/home/galoren/Detecture/texture_kseg_ade_pretrain/runs/edge_sota_v1/viz/rwtd/assets/original/rwtd_478.png,/home/galoren/Detecture/texture_kseg_ade_pretrain/runs/edge_sota_v1/viz/rwtd/assets/gt_edges/rwtd_478.png,/home/galoren/Detecture/texture_kseg_ade_pretrain/runs/edge_sota_v1/viz/rwtd/assets/pred_edges/rwtd_478.png,/home/galoren/Detecture/texture_kseg_ade_pretrain/runs/edge_sota_v1/viz/rwtd/assets/edge_overlays/rwtd_478.png
rwtd_479,/home/galoren/rwtd_miner_public_site/review/originals/rwtd_479.jpg,/home/galoren/rwtd_miner_public_site/review/masks/rwtd_479.jpg,2,2,False,,0.41368337311058073,0.20933977455716588,0.2780005346164128,0.0191802978515625,/home/galoren/Detecture/texture_kseg_ade_pretrain/runs/edge_sota_v1/viz/rwtd/rwtd_479.png,/home/galoren/Detecture/texture_kseg_ade_pretrain/runs/edge_sota_v1/viz/rwtd/assets/original/rwtd_479.png,/home/galoren/Detecture/texture_kseg_ade_pretrain/runs/edge_sota_v1/viz/rwtd/assets/gt_edges/rwtd_479.png,/home/galoren/Detecture/texture_kseg_ade_pretrain/runs/edge_sota_v1/viz/rwtd/assets/pred_edges/rwtd_479.png,/home/galoren/Detecture/texture_kseg_ade_pretrain/runs/edge_sota_v1/viz/rwtd/assets/edge_overlays/rwtd_479.png
rwtd_48,/home/galoren/rwtd_miner_public_site/review/originals/rwtd_48.jpg,/home/galoren/rwtd_miner_public_site/review/masks/rwtd_48.jpg,2,2,False,,0.13322417386126822,0.3900631945957725,0.1986130374479889,0.20501708984375,/home/galoren/Detecture/texture_kseg_ade_pretrain/runs/edge_sota_v1/viz/rwtd/rwtd_48.png,/home/galoren/Detecture/texture_kseg_ade_pretrain/runs/edge_sota_v1/viz/rwtd/assets/original/rwtd_48.png,/home/galoren/Detecture/texture_kseg_ade_pretrain/runs/edge_sota_v1/viz/rwtd/assets/gt_edges/rwtd_48.png,/home/galoren/Detecture/texture_kseg_ade_pretrain/runs/edge_sota_v1/viz/rwtd/assets/pred_edges/rwtd_48.png,/home/galoren/Detecture/texture_kseg_ade_pretrain/runs/edge_sota_v1/viz/rwtd/assets/edge_overlays/rwtd_48.png
rwtd_485,/home/galoren/rwtd_miner_public_site/review/originals/rwtd_485.jpg,/home/galoren/rwtd_miner_public_site/review/masks/rwtd_485.jpg,2,2,False,,0.4919397463002114,0.7114465889547105,0.5816733067729083,0.115478515625,/home/galoren/Detecture/texture_kseg_ade_pretrain/runs/edge_sota_v1/viz/rwtd/rwtd_485.png,/home/galoren/Detecture/texture_kseg_ade_pretrain/runs/edge_sota_v1/viz/rwtd/assets/original/rwtd_485.png,/home/galoren/Detecture/texture_kseg_ade_pretrain/runs/edge_sota_v1/viz/rwtd/assets/gt_edges/rwtd_485.png,/home/galoren/Detecture/texture_kseg_ade_pretrain/runs/edge_sota_v1/viz/rwtd/assets/pred_edges/rwtd_485.png,/home/galoren/Detecture/texture_kseg_ade_pretrain/runs/edge_sota_v1/viz/rwtd/assets/edge_overlays/rwtd_485.png
rwtd_492,/home/galoren/rwtd_miner_public_site/review/originals/rwtd_492.jpg,/home/galoren/rwtd_miner_public_site/review/masks/rwtd_492.jpg,2,2,False,,0.04757785467128028,0.18824871648602395,0.07595810795258373,0.1058349609375,/home/galoren/Detecture/texture_kseg_ade_pretrain/runs/edge_sota_v1/viz/rwtd/rwtd_492.png,/home/galoren/Detecture/texture_kseg_ade_pretrain/runs/edge_sota_v1/viz/rwtd/assets/original/rwtd_492.png,/home/galoren/Detecture/texture_kseg_ade_pretrain/runs/edge_sota_v1/viz/rwtd/assets/gt_edges/rwtd_492.png,/home/galoren/Detecture/texture_kseg_ade_pretrain/runs/edge_sota_v1/viz/rwtd/assets/pred_edges/rwtd_492.png,/home/galoren/Detecture/texture_kseg_ade_pretrain/runs/edge_sota_v1/viz/rwtd/assets/edge_overlays/rwtd_492.png
rwtd_5,/home/galoren/rwtd_miner_public_site/review/originals/rwtd_5.jpg,/home/galoren/rwtd_miner_public_site/review/masks/rwtd_5.jpg,2,2,False,,0.00847457627118644,0.013053348467650397,0.010277033065236819,0.041412353515625,/home/galoren/Detecture/texture_kseg_ade_pretrain/runs/edge_sota_v1/viz/rwtd/rwtd_5.png,/home/galoren/Detecture/texture_kseg_ade_pretrain/runs/edge_sota_v1/viz/rwtd/assets/original/rwtd_5.png,/home/galoren/Detecture/texture_kseg_ade_pretrain/runs/edge_sota_v1/viz/rwtd/assets/gt_edges/rwtd_5.png,/home/galoren/Detecture/texture_kseg_ade_pretrain/runs/edge_sota_v1/viz/rwtd/assets/pred_edges/rwtd_5.png,/home/galoren/Detecture/texture_kseg_ade_pretrain/runs/edge_sota_v1/viz/rwtd/assets/edge_overlays/rwtd_5.png
rwtd_51,/home/galoren/rwtd_miner_public_site/review/originals/rwtd_51.jpg,/home/galoren/rwtd_miner_public_site/review/masks/rwtd_51.jpg,2,2,False,,0.47066895368782163,0.7626459143968871,0.5820958845990666,0.0444793701171875,/home/galoren/Detecture/texture_kseg_ade_pretrain/runs/edge_sota_v1/viz/rwtd/rwtd_51.png,/home/galoren/Detecture/texture_kseg_ade_pretrain/runs/edge_sota_v1/viz/rwtd/assets/original/rwtd_51.png,/home/galoren/Detecture/texture_kseg_ade_pretrain/runs/edge_sota_v1/viz/rwtd/assets/gt_edges/rwtd_51.png,/home/galoren/Detecture/texture_kseg_ade_pretrain/runs/edge_sota_v1/viz/rwtd/assets/pred_edges/rwtd_51.png,/home/galoren/Detecture/texture_kseg_ade_pretrain/runs/edge_sota_v1/viz/rwtd/assets/edge_overlays/rwtd_51.png
rwtd_54,/home/galoren/rwtd_miner_public_site/review/originals/rwtd_54.jpg,/home/galoren/rwtd_miner_public_site/review/masks/rwtd_54.jpg,2,2,False,,0.38760806916426516,0.0544865302815475,0.09554253240987391,0.010589599609375,/home/galoren/Detecture/texture_kseg_ade_pretrain/runs/edge_sota_v1/viz/rwtd/rwtd_54.png,/home/galoren/Detecture/texture_kseg_ade_pretrain/runs/edge_sota_v1/viz/rwtd/assets/original/rwtd_54.png,/home/galoren/Detecture/texture_kseg_ade_pretrain/runs/edge_sota_v1/viz/rwtd/assets/gt_edges/rwtd_54.png,/home/galoren/Detecture/texture_kseg_ade_pretrain/runs/edge_sota_v1/viz/rwtd/assets/pred_edges/rwtd_54.png,/home/galoren/Detecture/texture_kseg_ade_pretrain/runs/edge_sota_v1/viz/rwtd/assets/edge_overlays/rwtd_54.png
rwtd_56,/home/galoren/rwtd_miner_public_site/review/originals/rwtd_56.jpg,/home/galoren/rwtd_miner_public_site/review/masks/rwtd_56.jpg,3,3,False,,0.26480836236933797,0.012414243711205489,0.02371664846309877,0.0043792724609375,/home/galoren/Detecture/texture_kseg_ade_pretrain/runs/edge_sota_v1/viz/rwtd/rwtd_56.png,/home/galoren/Detecture/texture_kseg_ade_pretrain/runs/edge_sota_v1/viz/rwtd/assets/original/rwtd_56.png,/home/galoren/Detecture/texture_kseg_ade_pretrain/runs/edge_sota_v1/viz/rwtd/assets/gt_edges/rwtd_56.png,/home/galoren/Detecture/texture_kseg_ade_pretrain/runs/edge_sota_v1/viz/rwtd/assets/pred_edges/rwtd_56.png,/home/galoren/Detecture/texture_kseg_ade_pretrain/runs/edge_sota_v1/viz/rwtd/assets/edge_overlays/rwtd_56.png
rwtd_58,/home/galoren/rwtd_miner_public_site/review/originals/rwtd_58.jpg,/home/galoren/rwtd_miner_public_site/review/masks/rwtd_58.jpg,2,2,False,,0.06302521008403361,0.006036217303822937,0.011017260374586852,0.003631591796875,/home/galoren/Detecture/texture_kseg_ade_pretrain/runs/edge_sota_v1/viz/rwtd/rwtd_58.png,/home/galoren/Detecture/texture_kseg_ade_pretrain/runs/edge_sota_v1/viz/rwtd/assets/original/rwtd_58.png,/home/galoren/Detecture/texture_kseg_ade_pretrain/runs/edge_sota_v1/viz/rwtd/assets/gt_edges/rwtd_58.png,/home/galoren/Detecture/texture_kseg_ade_pretrain/runs/edge_sota_v1/viz/rwtd/assets/pred_edges/rwtd_58.png,/home/galoren/Detecture/texture_kseg_ade_pretrain/runs/edge_sota_v1/viz/rwtd/assets/edge_overlays/rwtd_58.png
rwtd_59,/home/galoren/rwtd_miner_public_site/review/originals/rwtd_59.jpg,/home/galoren/rwtd_miner_public_site/review/masks/rwtd_59.jpg,2,2,False,,0.09409799554565701,0.03849658314350797,0.05463950856773359,0.02740478515625,/home/galoren/Detecture/texture_kseg_ade_pretrain/runs/edge_sota_v1/viz/rwtd/rwtd_59.png,/home/galoren/Detecture/texture_kseg_ade_pretrain/runs/edge_sota_v1/viz/rwtd/assets/original/rwtd_59.png,/home/galoren/Detecture/texture_kseg_ade_pretrain/runs/edge_sota_v1/viz/rwtd/assets/gt_edges/rwtd_59.png,/home/galoren/Detecture/texture_kseg_ade_pretrain/runs/edge_sota_v1/viz/rwtd/assets/pred_edges/rwtd_59.png,/home/galoren/Detecture/texture_kseg_ade_pretrain/runs/edge_sota_v1/viz/rwtd/assets/edge_overlays/rwtd_59.png
rwtd_60,/home/galoren/rwtd_miner_public_site/review/originals/rwtd_60.jpg,/home/galoren/rwtd_miner_public_site/review/masks/rwtd_60.jpg,2,2,False,,0.4852216748768473,0.4030690537084399,0.4403464654931545,0.0247802734375,/home/galoren/Detecture/texture_kseg_ade_pretrain/runs/edge_sota_v1/viz/rwtd/rwtd_60.png,/home/galoren/Detecture/texture_kseg_ade_pretrain/runs/edge_sota_v1/viz/rwtd/assets/original/rwtd_60.png,/home/galoren/Detecture/texture_kseg_ade_pretrain/runs/edge_sota_v1/viz/rwtd/assets/gt_edges/rwtd_60.png,/home/galoren/Detecture/texture_kseg_ade_pretrain/runs/edge_sota_v1/viz/rwtd/assets/pred_edges/rwtd_60.png,/home/galoren/Detecture/texture_kseg_ade_pretrain/runs/edge_sota_v1/viz/rwtd/assets/edge_overlays/rwtd_60.png
rwtd_63,/home/galoren/rwtd_miner_public_site/review/originals/rwtd_63.jpg,/home/galoren/rwtd_miner_public_site/review/masks/rwtd_63.jpg,2,2,False,,0.0,0.0,0.0,0.00244140625,/home/galoren/Detecture/texture_kseg_ade_pretrain/runs/edge_sota_v1/viz/rwtd/rwtd_63.png,/home/galoren/Detecture/texture_kseg_ade_pretrain/runs/edge_sota_v1/viz/rwtd/assets/original/rwtd_63.png,/home/galoren/Detecture/texture_kseg_ade_pretrain/runs/edge_sota_v1/viz/rwtd/assets/gt_edges/rwtd_63.png,/home/galoren/Detecture/texture_kseg_ade_pretrain/runs/edge_sota_v1/viz/rwtd/assets/pred_edges/rwtd_63.png,/home/galoren/Detecture/texture_kseg_ade_pretrain/runs/edge_sota_v1/viz/rwtd/assets/edge_overlays/rwtd_63.png
rwtd_67,/home/galoren/rwtd_miner_public_site/review/originals/rwtd_67.jpg,/home/galoren/rwtd_miner_public_site/review/masks/rwtd_67.jpg,6,6,False,,0.0,0.0,0.0,0.0,/home/galoren/Detecture/texture_kseg_ade_pretrain/runs/edge_sota_v1/viz/rwtd/rwtd_67.png,/home/galoren/Detecture/texture_kseg_ade_pretrain/runs/edge_sota_v1/viz/rwtd/assets/original/rwtd_67.png,/home/galoren/Detecture/texture_kseg_ade_pretrain/runs/edge_sota_v1/viz/rwtd/assets/gt_edges/rwtd_67.png,/home/galoren/Detecture/texture_kseg_ade_pretrain/runs/edge_sota_v1/viz/rwtd/assets/pred_edges/rwtd_67.png,/home/galoren/Detecture/texture_kseg_ade_pretrain/runs/edge_sota_v1/viz/rwtd/assets/edge_overlays/rwtd_67.png
rwtd_69,/home/galoren/rwtd_miner_public_site/review/originals/rwtd_69.jpg,/home/galoren/rwtd_miner_public_site/review/masks/rwtd_69.jpg,2,2,False,,0.2751396648044693,0.22862669245647968,0.24973589689414746,0.03277587890625,/home/galoren/Detecture/texture_kseg_ade_pretrain/runs/edge_sota_v1/viz/rwtd/rwtd_69.png,/home/galoren/Detecture/texture_kseg_ade_pretrain/runs/edge_sota_v1/viz/rwtd/assets/original/rwtd_69.png,/home/galoren/Detecture/texture_kseg_ade_pretrain/runs/edge_sota_v1/viz/rwtd/assets/gt_edges/rwtd_69.png,/home/galoren/Detecture/texture_kseg_ade_pretrain/runs/edge_sota_v1/viz/rwtd/assets/pred_edges/rwtd_69.png,/home/galoren/Detecture/texture_kseg_ade_pretrain/runs/edge_sota_v1/viz/rwtd/assets/edge_overlays/rwtd_69.png
rwtd_70,/home/galoren/rwtd_miner_public_site/review/originals/rwtd_70.jpg,/home/galoren/rwtd_miner_public_site/review/masks/rwtd_70.jpg,2,2,False,,0.0,0.0,0.0,0.0025482177734375,/home/galoren/Detecture/texture_kseg_ade_pretrain/runs/edge_sota_v1/viz/rwtd/rwtd_70.png,/home/galoren/Detecture/texture_kseg_ade_pretrain/runs/edge_sota_v1/viz/rwtd/assets/original/rwtd_70.png,/home/galoren/Detecture/texture_kseg_ade_pretrain/runs/edge_sota_v1/viz/rwtd/assets/gt_edges/rwtd_70.png,/home/galoren/Detecture/texture_kseg_ade_pretrain/runs/edge_sota_v1/viz/rwtd/assets/pred_edges/rwtd_70.png,/home/galoren/Detecture/texture_kseg_ade_pretrain/runs/edge_sota_v1/viz/rwtd/assets/edge_overlays/rwtd_70.png
rwtd_71,/home/galoren/rwtd_miner_public_site/review/originals/rwtd_71.jpg,/home/galoren/rwtd_miner_public_site/review/masks/rwtd_71.jpg,2,2,False,,0.15838357503666287,0.4347048300536673,0.23217484772482982,0.0936431884765625,/home/galoren/Detecture/texture_kseg_ade_pretrain/runs/edge_sota_v1/viz/rwtd/rwtd_71.png,/home/galoren/Detecture/texture_kseg_ade_pretrain/runs/edge_sota_v1/viz/rwtd/assets/original/rwtd_71.png,/home/galoren/Detecture/texture_kseg_ade_pretrain/runs/edge_sota_v1/viz/rwtd/assets/gt_edges/rwtd_71.png,/home/galoren/Detecture/texture_kseg_ade_pretrain/runs/edge_sota_v1/viz/rwtd/assets/pred_edges/rwtd_71.png,/home/galoren/Detecture/texture_kseg_ade_pretrain/runs/edge_sota_v1/viz/rwtd/assets/edge_overlays/rwtd_71.png
rwtd_73,/home/galoren/rwtd_miner_public_site/review/originals/rwtd_73.jpg,/home/galoren/rwtd_miner_public_site/review/masks/rwtd_73.jpg,2,2,False,,0.34004024144869216,0.19020821609454136,0.24395525081198122,0.015167236328125,/home/galoren/Detecture/texture_kseg_ade_pretrain/runs/edge_sota_v1/viz/rwtd/rwtd_73.png,/home/galoren/Detecture/texture_kseg_ade_pretrain/runs/edge_sota_v1/viz/rwtd/assets/original/rwtd_73.png,/home/galoren/Detecture/texture_kseg_ade_pretrain/runs/edge_sota_v1/viz/rwtd/assets/gt_edges/rwtd_73.png,/home/galoren/Detecture/texture_kseg_ade_pretrain/runs/edge_sota_v1/viz/rwtd/assets/pred_edges/rwtd_73.png,/home/galoren/Detecture/texture_kseg_ade_pretrain/runs/edge_sota_v1/viz/rwtd/assets/edge_overlays/rwtd_73.png
rwtd_74,/home/galoren/rwtd_miner_public_site/review/originals/rwtd_74.jpg,/home/galoren/rwtd_miner_public_site/review/masks/rwtd_74.jpg,3,3,False,,0.2898183354457119,0.15050460728389645,0.19812274368231045,0.0361175537109375,/home/galoren/Detecture/texture_kseg_ade_pretrain/runs/edge_sota_v1/viz/rwtd/rwtd_74.png,/home/galoren/Detecture/texture_kseg_ade_pretrain/runs/edge_sota_v1/viz/rwtd/assets/original/rwtd_74.png,/home/galoren/Detecture/texture_kseg_ade_pretrain/runs/edge_sota_v1/viz/rwtd/assets/gt_edges/rwtd_74.png,/home/galoren/Detecture/texture_kseg_ade_pretrain/runs/edge_sota_v1/viz/rwtd/assets/pred_edges/rwtd_74.png,/home/galoren/Detecture/texture_kseg_ade_pretrain/runs/edge_sota_v1/viz/rwtd/assets/edge_overlays/rwtd_74.png
rwtd_76,/home/galoren/rwtd_miner_public_site/review/originals/rwtd_76.jpg,/home/galoren/rwtd_miner_public_site/review/masks/rwtd_76.jpg,2,2,False,,0.2892561983471074,0.022208121827411168,0.04124926340601061,0.0018463134765625,/home/galoren/Detecture/texture_kseg_ade_pretrain/runs/edge_sota_v1/viz/rwtd/rwtd_76.png,/home/galoren/Detecture/texture_kseg_ade_pretrain/runs/edge_sota_v1/viz/rwtd/assets/original/rwtd_76.png,/home/galoren/Detecture/texture_kseg_ade_pretrain/runs/edge_sota_v1/viz/rwtd/assets/gt_edges/rwtd_76.png,/home/galoren/Detecture/texture_kseg_ade_pretrain/runs/edge_sota_v1/viz/rwtd/assets/pred_edges/rwtd_76.png,/home/galoren/Detecture/texture_kseg_ade_pretrain/runs/edge_sota_v1/viz/rwtd/assets/edge_overlays/rwtd_76.png
rwtd_77,/home/galoren/rwtd_miner_public_site/review/originals/rwtd_77.jpg,/home/galoren/rwtd_miner_public_site/review/masks/rwtd_77.jpg,4,4,False,,0.0,0.0,0.0,0.00018310546875,/home/galoren/Detecture/texture_kseg_ade_pretrain/runs/edge_sota_v1/viz/rwtd/rwtd_77.png,/home/galoren/Detecture/texture_kseg_ade_pretrain/runs/edge_sota_v1/viz/rwtd/assets/original/rwtd_77.png,/home/galoren/Detecture/texture_kseg_ade_pretrain/runs/edge_sota_v1/viz/rwtd/assets/gt_edges/rwtd_77.png,/home/galoren/Detecture/texture_kseg_ade_pretrain/runs/edge_sota_v1/viz/rwtd/assets/pred_edges/rwtd_77.png,/home/galoren/Detecture/texture_kseg_ade_pretrain/runs/edge_sota_v1/viz/rwtd/assets/edge_overlays/rwtd_77.png
rwtd_78,/home/galoren/rwtd_miner_public_site/review/originals/rwtd_78.jpg,/home/galoren/rwtd_miner_public_site/review/masks/rwtd_78.jpg,3,3,False,,0.019490254872563718,0.038748137108792845,0.02593516209476309,0.142486572265625,/home/galoren/Detecture/texture_kseg_ade_pretrain/runs/edge_sota_v1/viz/rwtd/rwtd_78.png,/home/galoren/Detecture/texture_kseg_ade_pretrain/runs/edge_sota_v1/viz/rwtd/assets/original/rwtd_78.png,/home/galoren/Detecture/texture_kseg_ade_pretrain/runs/edge_sota_v1/viz/rwtd/assets/gt_edges/rwtd_78.png,/home/galoren/Detecture/texture_kseg_ade_pretrain/runs/edge_sota_v1/viz/rwtd/assets/pred_edges/rwtd_78.png,/home/galoren/Detecture/texture_kseg_ade_pretrain/runs/edge_sota_v1/viz/rwtd/assets/edge_overlays/rwtd_78.png
rwtd_79,/home/galoren/rwtd_miner_public_site/review/originals/rwtd_79.jpg,/home/galoren/rwtd_miner_public_site/review/masks/rwtd_79.jpg,2,2,False,,0.2386700068321567,0.14103081684833804,0.17729656572491964,0.0670013427734375,/home/galoren/Detecture/texture_kseg_ade_pretrain/runs/edge_sota_v1/viz/rwtd/rwtd_79.png,/home/galoren/Detecture/texture_kseg_ade_pretrain/runs/edge_sota_v1/viz/rwtd/assets/original/rwtd_79.png,/home/galoren/Detecture/texture_kseg_ade_pretrain/runs/edge_sota_v1/viz/rwtd/assets/gt_edges/rwtd_79.png,/home/galoren/Detecture/texture_kseg_ade_pretrain/runs/edge_sota_v1/viz/rwtd/assets/pred_edges/rwtd_79.png,/home/galoren/Detecture/texture_kseg_ade_pretrain/runs/edge_sota_v1/viz/rwtd/assets/edge_overlays/rwtd_79.png
rwtd_8,/home/galoren/rwtd_miner_public_site/review/originals/rwtd_8.jpg,/home/galoren/rwtd_miner_public_site/review/masks/rwtd_8.jpg,2,2,False,,0.01586362022019652,0.027708850289495452,0.02017616502296168,0.1288909912109375,/home/galoren/Detecture/texture_kseg_ade_pretrain/runs/edge_sota_v1/viz/rwtd/rwtd_8.png,/home/galoren/Detecture/texture_kseg_ade_pretrain/runs/edge_sota_v1/viz/rwtd/assets/original/rwtd_8.png,/home/galoren/Detecture/texture_kseg_ade_pretrain/runs/edge_sota_v1/viz/rwtd/assets/gt_edges/rwtd_8.png,/home/galoren/Detecture/texture_kseg_ade_pretrain/runs/edge_sota_v1/viz/rwtd/assets/pred_edges/rwtd_8.png,/home/galoren/Detecture/texture_kseg_ade_pretrain/runs/edge_sota_v1/viz/rwtd/assets/edge_overlays/rwtd_8.png
rwtd_84,/home/galoren/rwtd_miner_public_site/review/originals/rwtd_84.jpg,/home/galoren/rwtd_miner_public_site/review/masks/rwtd_84.jpg,2,2,False,,0.25045815516188147,0.15705803485922237,0.19305473808122425,0.049957275390625,/home/galoren/Detecture/texture_kseg_ade_pretrain/runs/edge_sota_v1/viz/rwtd/rwtd_84.png,/home/galoren/Detecture/texture_kseg_ade_pretrain/runs/edge_sota_v1/viz/rwtd/assets/original/rwtd_84.png,/home/galoren/Detecture/texture_kseg_ade_pretrain/runs/edge_sota_v1/viz/rwtd/assets/gt_edges/rwtd_84.png,/home/galoren/Detecture/texture_kseg_ade_pretrain/runs/edge_sota_v1/viz/rwtd/assets/pred_edges/rwtd_84.png,/home/galoren/Detecture/texture_kseg_ade_pretrain/runs/edge_sota_v1/viz/rwtd/assets/edge_overlays/rwtd_84.png
rwtd_85,/home/galoren/rwtd_miner_public_site/review/originals/rwtd_85.jpg,/home/galoren/rwtd_miner_public_site/review/masks/rwtd_85.jpg,2,2,False,,0.34618834080717487,0.42960489705064,0.383411969207847,0.034027099609375,/home/galoren/Detecture/texture_kseg_ade_pretrain/runs/edge_sota_v1/viz/rwtd/rwtd_85.png,/home/galoren/Detecture/texture_kseg_ade_pretrain/runs/edge_sota_v1/viz/rwtd/assets/original/rwtd_85.png,/home/galoren/Detecture/texture_kseg_ade_pretrain/runs/edge_sota_v1/viz/rwtd/assets/gt_edges/rwtd_85.png,/home/galoren/Detecture/texture_kseg_ade_pretrain/runs/edge_sota_v1/viz/rwtd/assets/pred_edges/rwtd_85.png,/home/galoren/Detecture/texture_kseg_ade_pretrain/runs/edge_sota_v1/viz/rwtd/assets/edge_overlays/rwtd_85.png
rwtd_86,/home/galoren/rwtd_miner_public_site/review/originals/rwtd_86.jpg,/home/galoren/rwtd_miner_public_site/review/masks/rwtd_86.jpg,5,5,False,,0.6950092421441775,0.08580556823368325,0.15275238675604305,0.016510009765625,/home/galoren/Detecture/texture_kseg_ade_pretrain/runs/edge_sota_v1/viz/rwtd/rwtd_86.png,/home/galoren/Detecture/texture_kseg_ade_pretrain/runs/edge_sota_v1/viz/rwtd/assets/original/rwtd_86.png,/home/galoren/Detecture/texture_kseg_ade_pretrain/runs/edge_sota_v1/viz/rwtd/assets/gt_edges/rwtd_86.png,/home/galoren/Detecture/texture_kseg_ade_pretrain/runs/edge_sota_v1/viz/rwtd/assets/pred_edges/rwtd_86.png,/home/galoren/Detecture/texture_kseg_ade_pretrain/runs/edge_sota_v1/viz/rwtd/assets/edge_overlays/rwtd_86.png
rwtd_88,/home/galoren/rwtd_miner_public_site/review/originals/rwtd_88.jpg,/home/galoren/rwtd_miner_public_site/review/masks/rwtd_88.jpg,2,2,False,,0.0047169811320754715,0.00031279324366593683,0.0005866823115283074,0.00323486328125,/home/galoren/Detecture/texture_kseg_ade_pretrain/runs/edge_sota_v1/viz/rwtd/rwtd_88.png,/home/galoren/Detecture/texture_kseg_ade_pretrain/runs/edge_sota_v1/viz/rwtd/assets/original/rwtd_88.png,/home/galoren/Detecture/texture_kseg_ade_pretrain/runs/edge_sota_v1/viz/rwtd/assets/gt_edges/rwtd_88.png,/home/galoren/Detecture/texture_kseg_ade_pretrain/runs/edge_sota_v1/viz/rwtd/assets/pred_edges/rwtd_88.png,/home/galoren/Detecture/texture_kseg_ade_pretrain/runs/edge_sota_v1/viz/rwtd/assets/edge_overlays/rwtd_88.png
rwtd_91,/home/galoren/rwtd_miner_public_site/review/originals/rwtd_91.jpg,/home/galoren/rwtd_miner_public_site/review/masks/rwtd_91.jpg,2,2,False,,0.0437246963562753,0.021897810218978103,0.02918130235071603,0.037689208984375,/home/galoren/Detecture/texture_kseg_ade_pretrain/runs/edge_sota_v1/viz/rwtd/rwtd_91.png,/home/galoren/Detecture/texture_kseg_ade_pretrain/runs/edge_sota_v1/viz/rwtd/assets/original/rwtd_91.png,/home/galoren/Detecture/texture_kseg_ade_pretrain/runs/edge_sota_v1/viz/rwtd/assets/gt_edges/rwtd_91.png,/home/galoren/Detecture/texture_kseg_ade_pretrain/runs/edge_sota_v1/viz/rwtd/assets/pred_edges/rwtd_91.png,/home/galoren/Detecture/texture_kseg_ade_pretrain/runs/edge_sota_v1/viz/rwtd/assets/edge_overlays/rwtd_91.png
rwtd_93,/home/galoren/rwtd_miner_public_site/review/originals/rwtd_93.jpg,/home/galoren/rwtd_miner_public_site/review/masks/rwtd_93.jpg,2,2,False,,0.09856646781230523,0.4098482043687523,0.15891472868217055,0.1713714599609375,/home/galoren/Detecture/texture_kseg_ade_pretrain/runs/edge_sota_v1/viz/rwtd/rwtd_93.png,/home/galoren/Detecture/texture_kseg_ade_pretrain/runs/edge_sota_v1/viz/rwtd/assets/original/rwtd_93.png,/home/galoren/Detecture/texture_kseg_ade_pretrain/runs/edge_sota_v1/viz/rwtd/assets/gt_edges/rwtd_93.png,/home/galoren/Detecture/texture_kseg_ade_pretrain/runs/edge_sota_v1/viz/rwtd/assets/pred_edges/rwtd_93.png,/home/galoren/Detecture/texture_kseg_ade_pretrain/runs/edge_sota_v1/viz/rwtd/assets/edge_overlays/rwtd_93.png
rwtd_95,/home/galoren/rwtd_miner_public_site/review/originals/rwtd_95.jpg,/home/galoren/rwtd_miner_public_site/review/masks/rwtd_95.jpg,2,2,False,,0.06077658975801913,0.029900332225913623,0.040081647801076266,0.0271148681640625,/home/galoren/Detecture/texture_kseg_ade_pretrain/runs/edge_sota_v1/viz/rwtd/rwtd_95.png,/home/galoren/Detecture/texture_kseg_ade_pretrain/runs/edge_sota_v1/viz/rwtd/assets/original/rwtd_95.png,/home/galoren/Detecture/texture_kseg_ade_pretrain/runs/edge_sota_v1/viz/rwtd/assets/gt_edges/rwtd_95.png,/home/galoren/Detecture/texture_kseg_ade_pretrain/runs/edge_sota_v1/viz/rwtd/assets/pred_edges/rwtd_95.png,/home/galoren/Detecture/texture_kseg_ade_pretrain/runs/edge_sota_v1/viz/rwtd/assets/edge_overlays/rwtd_95.png
rwtd_96,/home/galoren/rwtd_miner_public_site/review/originals/rwtd_96.jpg,/home/galoren/rwtd_miner_public_site/review/masks/rwtd_96.jpg,2,2,False,,0.15193370165745856,0.06117908787541713,0.08723235527359238,0.016571044921875,/home/galoren/Detecture/texture_kseg_ade_pretrain/runs/edge_sota_v1/viz/rwtd/rwtd_96.png,/home/galoren/Detecture/texture_kseg_ade_pretrain/runs/edge_sota_v1/viz/rwtd/assets/original/rwtd_96.png,/home/galoren/Detecture/texture_kseg_ade_pretrain/runs/edge_sota_v1/viz/rwtd/assets/gt_edges/rwtd_96.png,/home/galoren/Detecture/texture_kseg_ade_pretrain/runs/edge_sota_v1/viz/rwtd/assets/pred_edges/rwtd_96.png,/home/galoren/Detecture/texture_kseg_ade_pretrain/runs/edge_sota_v1/viz/rwtd/assets/edge_overlays/rwtd_96.png
