sample_id,image_path,mask_path,gt_num_regions,gt_num_regions_raw,gt_decode_warning,gt_decode_warning_text,edge_precision,edge_recall,edge_f1,edge_pred_density,viz_panel_path,viz_original_path,viz_gt_edge_path,viz_pred_edge_path,viz_edge_overlay_path
rwtd_1,/home/galoren/rwtd_miner_public_site/review/originals/rwtd_1.jpg,/home/galoren/rwtd_miner_public_site/review/masks/rwtd_1.jpg,2,2,False,,0.07259646827992151,0.17425431711145997,0.10249307479224376,0.09332275390625,/home/galoren/Detecture/texture_kseg_ade_pretrain/runs/edge_sota_v1/viz/rwtd/rwtd_1.png,/home/galoren/Detecture/texture_kseg_ade_pretrain/runs/edge_sota_v1/viz/rwtd/assets/original/rwtd_1.png,/home/galoren/Detecture/texture_kseg_ade_pretrain/runs/edge_sota_v1/viz/rwtd/assets/gt_edges/rwtd_1.png,/home/galoren/Detecture/texture_kseg_ade_pretrain/runs/edge_sota_v1/viz/rwtd/assets/pred_edges/rwtd_1.png,/home/galoren/Detecture/texture_kseg_ade_pretrain/runs/edge_sota_v1/viz/rwtd/assets/edge_overlays/rwtd_1.png
rwtd_101,/home/galoren/rwtd_miner_public_site/review/originals/rwtd_101.jpg,/home/galoren/rwtd_miner_public_site/review/masks/rwtd_101.jpg,2,2,False,,0.14078653963105614,0.31618483951741405,0.19482432148116977,0.150543212890625,/home/galoren/Detecture/texture_kseg_ade_pretrain/runs/edge_sota_v1/viz/rwtd/rwtd_101.png,/home/galoren/Detecture/texture_kseg_ade_pretrain/runs/edge_sota_v1/viz/rwtd/assets/original/rwtd_101.png,/home/galoren/Detecture/texture_kseg_ade_pretrain/runs/edge_sota_v1/viz/rwtd/assets/gt_edges/rwtd_101.png,/home/galoren/Detecture/texture_kseg_ade_pretrain/runs/edge_sota_v1/viz/rwtd/assets/pred_edges/rwtd_101.png,/home/galoren/Detecture/texture_kseg_ade_pretrain/runs/edge_sota_v1/viz/rwtd/assets/edge_overlays/rwtd_101.png
rwtd_102,/home/galoren/rwtd_miner_public_site/review/originals/rwtd_102.jpg,/home/galoren/rwtd_miner_public_site/review/masks/rwtd_102.jpg,2,2,False,,0.12912183269698022,0.181021897810219,0.15072933549432738,0.087921142578125,/home/galoren/Detecture/texture_kseg_ade_pretrain/runs/edge_sota_v1/viz/rwtd/rwtd_102.png,/home/galoren/Detecture/texture_kseg_ade_pretrain/runs/edge_sota_v1/viz/rwtd/assets/original/rwtd_102.png,/home/galoren/Detecture/texture_kseg_ade_pretrain/runs/edge_sota_v1/viz/rwtd/assets/gt_edges/rwtd_102.png,/home/galoren/Detecture/texture_kseg_ade_pretrain/runs/edge_sota_v1/viz/rwtd/assets/pred_edges/rwtd_102.png,/home/galoren/Detecture/texture_kseg_ade_pretrain/runs/edge_sota_v1/viz/rwtd/assets/edge_overlays/rwtd_102.png
rwtd_103,/home/galoren/rwtd_miner_public_site/review/originals/rwtd_103.jpg,/home/galoren/rwtd_miner_public_site/review/masks/rwtd_103.jpg,2,2,False,,0.16466766616691655,0.18285238623751388,0.17328424927688668,0.061065673828125,/home/galoren/Detecture/texture_kseg_ade_pretrain/runs/edge_sota_v1/viz/rwtd/rwtd_103.png,/home/galoren/Detecture/texture_kseg_ade_pretrain/runs/edge_sota_v1/viz/rwtd/assets/original/rwtd_103.png,/home/galoren/Detecture/texture_kseg_ade_pretrain/runs/edge_sota_v1/viz/rwtd/assets/gt_edges/rwtd_103.png,/home/galoren/Detecture/texture_kseg_ade_pretrain/runs/edge_sota_v1/viz/rwtd/assets/pred_edges/rwtd_103.png,/home/galoren/Detecture/texture_kseg_ade_pretrain/runs/edge_sota_v1/viz/rwtd/assets/edge_overlays/rwtd_103.png
rwtd_104,/home/galoren/rwtd_miner_public_site/review/originals/rwtd_104.jpg,/home/galoren/rwtd_miner_public_site/review/masks/rwtd_104.jpg,4,4,False,,0.49713155291790306,0.8051906440243511,0.6147260273972602,0.0771331787109375,/home/galoren/Detecture/texture_kseg_ade_pretrain/runs/edge_sota_v1/viz/rwtd/rwtd_104.png,/home/galoren/Detecture/texture_kseg_ade_pretrain/runs/edge_sota_v1/viz/rwtd/assets/original/rwtd_104.png,/home/galoren/Detecture/texture_kseg_ade_pretrain/runs/edge_sota_v1/viz/rwtd/assets/gt_edges/rwtd_104.png,/home/galoren/Detecture/texture_kseg_ade_pretrain/runs/edge_sota_v1/viz/rwtd/assets/pred_edges/rwtd_104.png,/home/galoren/Detecture/texture_kseg_ade_pretrain/runs/edge_sota_v1/viz/rwtd/assets/edge_overlays/rwtd_104.png
rwtd_106,/home/galoren/rwtd_miner_public_site/review/originals/rwtd_106.jpg,/home/galoren/rwtd_miner_public_site/review/masks/rwtd_106.jpg,2,2,False,,0.16666666666666666,0.013013013013013013,0.024141132776230267,0.00238037109375,/home/galoren/Detecture/texture_kseg_ade_pretrain/runs/edge_sota_v1/viz/rwtd/rwtd_106.png,/home/galoren/Detecture/texture_kseg_ade_pretrain/runs/edge_sota_v1/viz/rwtd/assets/original/rwtd_106.png,/home/galoren/Detecture/texture_kseg_ade_pretrain/runs/edge_sota_v1/viz/rwtd/assets/gt_edges/rwtd_106.png,/home/galoren/Detecture/texture_kseg_ade_pretrain/runs/edge_sota_v1/viz/rwtd/assets/pred_edges/rwtd_106.png,/home/galoren/Detecture/texture_kseg_ade_pretrain/runs/edge_sota_v1/viz/rwtd/assets/edge_overlays/rwtd_106.png
rwtd_107,/home/galoren/rwtd_miner_public_site/review/originals/rwtd_107.jpg,/home/galoren/rwtd_miner_public_site/review/masks/rwtd_107.jpg,8,8,False,,0.06913996627318718,0.015285674340572281,0.02503625677429204,0.03619384765625,/home/galoren/Detecture/texture_kseg_ade_pretrain/runs/edge_sota_v1/viz/rwtd/rwtd_107.png,/home/galoren/Detecture/texture_kseg_ade_pretrain/runs/edge_sota_v1/viz/rwtd/assets/original/rwtd_107.png,/home/galoren/Detecture/texture_kseg_ade_pretrain/runs/edge_sota_v1/viz/rwtd/assets/gt_edges/rwtd_107.png,/home/galoren/Detecture/texture_kseg_ade_pretrain/runs/edge_sota_v1/viz/rwtd/assets/pred_edges/rwtd_107.png,/home/galoren/Detecture/texture_kseg_ade_pretrain/runs/edge_sota_v1/viz/rwtd/assets/edge_overlays/rwtd_107.png
rwtd_109,/home/galoren/rwtd_miner_public_site/review/originals/rwtd_109.jpg,/home/galoren/rwtd_miner_public_site/review/masks/rwtd_109.jpg,2,2,False,,0.03485952133194589,0.012655836796373252,0.018569844789356985,0.029327392578125,/home/galoren/Detecture/texture_kseg_ade_pretrain/runs/edge_sota_v1/viz/rwtd/rwtd_109.png,/home/galoren/Detecture/texture_kseg_ade_pretrain/runs/edge_sota_v1/viz/rwtd/assets/original/rwtd_109.png,/home/galoren/Detecture/texture_kseg_ade_pretrain/runs/edge_sota_v1/viz/rwtd/assets/gt_edges/rwtd_109.png,/home/galoren/Detecture/texture_kseg_ade_pretrain/runs/edge_sota_v1/viz/rwtd/assets/pred_edges/rwtd_109.png,/home/galoren/Detecture/texture_kseg_ade_pretrain/runs/edge_sota_v1/viz/rwtd/assets/edge_overlays/rwtd_109.png
rwtd_118,/home/galoren/rwtd_miner_public_site/review/originals/rwtd_118.jpg,/home/galoren/rwtd_miner_public_site/review/masks/rwtd_118.jpg,2,2,False,,0.24800607671857197,0.4849009900990099,0.3281681882904766,0.1205291748046875,/home/galoren/Detecture/texture_kseg_ade_pretrain/runs/edge_sota_v1/viz/rwtd/rwtd_118.png,/home/galoren/Detecture/texture_kseg_ade_pretrain/runs/edge_sota_v1/viz/rwtd/assets/original/rwtd_118.png,/home/galoren/Detecture/texture_kseg_ade_pretrain/runs/edge_sota_v1/viz/rwtd/assets/gt_edges/rwtd_118.png,/home/galoren/Detecture/texture_kseg_ade_pretrain/runs/edge_sota_v1/viz/rwtd/assets/pred_edges/rwtd_118.png,/home/galoren/Detecture/texture_kseg_ade_pretrain/runs/edge_sota_v1/viz/rwtd/assets/edge_overlays/rwtd_118.png
rwtd_12,/home/galoren/rwtd_miner_public_site/review/originals/rwtd_12.jpg,/home/galoren/rwtd_miner_public_site/review/masks/rwtd_12.jpg,2,2,False,,0.08667529107373868,0.025084238113066266,0.038908246225319396,0.0117950439453125,/home/galoren/Detecture/texture_kseg_ade_pretrain/runs/edge_sota_v1/viz/rwtd/rwtd_12.png,/home/galoren/Detecture/texture_kseg_ade_pretrain/runs/edge_sota_v1/viz/rwtd/assets/original/rwtd_12.png,/home/galoren/Detecture/texture_kseg_ade_pretrain/runs/edge_sota_v1/viz/rwtd/assets/gt_edges/rwtd_12.png,/home/galoren/Detecture/texture_kseg_ade_pretrain/runs/edge_sota_v1/viz/rwtd/assets/pred_edges/rwtd_12.png,/home/galoren/Detecture/texture_kseg_ade_pretrain/runs/edge_sota_v1/viz/rwtd/assets/edge_overlays/rwtd_12.png
rwtd_121,/home/galoren/rwtd_miner_public_site/review/originals/rwtd_121.jpg,/home/galoren/rwtd_miner_public_site/review/masks/rwtd_121.jpg,2,2,False,,0.121741621311945,0.6266126059712496,0.2038735983690112,0.21307373046875,/home/galoren/Detecture/texture_kseg_ade_pretrain/runs/edge_sota_v1/viz/rwtd/rwtd_121.png,/home/galoren/Detecture/texture_kseg_ade_pretrain/runs/edge_sota_v1/viz/rwtd/assets/original/rwtd_121.png,/home/galoren/Detecture/texture_kseg_ade_pretrain/runs/edge_sota_v1/viz/rwtd/assets/gt_edges/rwtd_121.png,/home/galoren/Detecture/texture_kseg_ade_pretrain/runs/edge_sota_v1/viz/rwtd/assets/pred_edges/rwtd_121.png,/home/galoren/Detecture/texture_kseg_ade_pretrain/runs/edge_sota_v1/viz/rwtd/assets/edge_overlays/rwtd_121.png
rwtd_122,/home/galoren/rwtd_miner_public_site/review/originals/rwtd_122.jpg,/home/galoren/rwtd_miner_public_site/review/masks/rwtd_122.jpg,2,2,False,,0.19825072886297376,0.35328665010164895,0.2539785644689834,0.1203765869140625,/home/galoren/Detecture/texture_kseg_ade_pretrain/runs/edge_sota_v1/viz/rwtd/rwtd_122.png,/home/galoren/Detecture/texture_kseg_ade_pretrain/runs/edge_sota_v1/viz/rwtd/assets/original/rwtd_122.png,/home/galoren/Detecture/texture_kseg_ade_pretrain/runs/edge_sota_v1/viz/rwtd/assets/gt_edges/rwtd_122.png,/home/galoren/Detecture/texture_kseg_ade_pretrain/runs/edge_sota_v1/viz/rwtd/assets/pred_edges/rwtd_122.png,/home/galoren/Detecture/texture_kseg_ade_pretrain/runs/edge_sota_v1/viz/rwtd/assets/edge_overlays/rwtd_122.png
rwtd_125,/home/galoren/rwtd_miner_public_site/review/originals/rwtd_125.jpg,/home/galoren/rwtd_miner_public_site/review/masks/rwtd_125.jpg,2,2,False,,0.108915870392988,0.5258411377037808,0.1804547077728842,0.2123870849609375,/home/galoren/Detecture/texture_kseg_ade_pretrain/runs/edge_sota_v1/viz/rwtd/rwtd_125.png,/home/galoren/Detecture/texture_kseg_ade_pretrain/runs/edge_sota_v1/viz/rwtd/assets/original/rwtd_125.png,/home/galoren/Detecture/texture_kseg_ade_pretrain/runs/edge_sota_v1/viz/rwtd/assets/gt_edges/rwtd_125.png,/home/galoren/Detecture/texture_kseg_ade_pretrain/runs/edge_sota_v1/viz/rwtd/assets/pred_edges/rwtd_125.png,/home/galoren/Detecture/texture_kseg_ade_pretrain/runs/edge_sota_v1/viz/rwtd/assets/edge_overlays/rwtd_125.png
rwtd_128,/home/galoren/rwtd_miner_public_site/review/originals/rwtd_128.jpg,/home/galoren/rwtd_miner_public_site/review/masks/rwtd_128.jpg,2,2,False,,0.018292682926829267,0.00253592561284869,0.004454342984409799,0.0050048828125,/home/galoren/Detecture/texture_kseg_ade_pretrain/runs/edge_sota_v1/viz/rwtd/rwtd_128.png,/home/galoren/Detecture/texture_kseg_ade_pretrain/runs/edge_sota_v1/viz/rwtd/assets/original/rwtd_128.png,/home/galoren/Detecture/texture_kseg_ade_pretrain/runs/edge_sota_v1/viz/rwtd/assets/gt_edges/rwtd_128.png,/home/galoren/Detecture/texture_kseg_ade_pretrain/runs/edge_sota_v1/viz/rwtd/assets/pred_edges/rwtd_128.png,/home/galoren/Detecture/texture_kseg_ade_pretrain/runs/edge_sota_v1/viz/rwtd/assets/edge_overlays/rwtd_128.png
rwtd_129,/home/galoren/rwtd_miner_public_site/review/originals/rwtd_129.jpg,/home/galoren/rwtd_miner_public_site/review/masks/rwtd_129.jpg,2,2,False,,0.06465418418035919,0.17702448210922786,0.0947156291983878,0.1996612548828125,/home/galoren/Detecture/texture_kseg_ade_pretrain/runs/edge_sota_v1/viz/rwtd/rwtd_129.png,/home/galoren/Detecture/texture_kseg_ade_pretrain/runs/edge_sota_v1/viz/rwtd/assets/original/rwtd_129.png,/home/galoren/Detecture/texture_kseg_ade_pretrain/runs/edge_sota_v1/viz/rwtd/assets/gt_edges/rwtd_129.png,/home/galoren/Detecture/texture_kseg_ade_pretrain/runs/edge_sota_v1/viz/rwtd/assets/pred_edges/rwtd_129.png,/home/galoren/Detecture/texture_kseg_ade_pretrain/runs/edge_sota_v1/viz/rwtd/assets/edge_overlays/rwtd_129.png
rwtd_13,/home/galoren/rwtd_miner_public_site/review/originals/rwtd_13.jpg,/home/galoren/rwtd_miner_public_site/review/masks/rwtd_13.jpg,2,2,False,,0.0,0.0,0.0,0.001953125,/home/galoren/Detecture/texture_kseg_ade_pretrain/runs/edge_sota_v1/viz/rwtd/rwtd_13.png,/home/galoren/Detecture/texture_kseg_ade_pretrain/runs/edge_sota_v1/viz/rwtd/assets/original/rwtd_13.png,/home/galoren/Detecture/texture_kseg_ade_pretrain/runs/edge_sota_v1/viz/rwtd/assets/gt_edges/rwtd_13.png,/home/galoren/Detecture/texture_kseg_ade_pretrain/runs/edge_sota_v1/viz/rwtd/assets/pred_edges/rwtd_13.png,/home/galoren/Detecture/texture_kseg_ade_pretrain/runs/edge_sota_v1/viz/rwtd/assets/edge_overlays/rwtd_13.png
rwtd_134,/home/galoren/rwtd_miner_public_site/review/originals/rwtd_134.jpg,/home/galoren/rwtd_miner_public_site/review/masks/rwtd_134.jpg,2,2,False,,0.01567489114658926,0.011187072715972654,0.013056092843326888,0.0525665283203125,/home/galoren/Detecture/texture_kseg_ade_pretrain/runs/edge_sota_v1/viz/rwtd/rwtd_134.png,/home/galoren/Detecture/texture_kseg_ade_pretrain/runs/edge_sota_v1/viz/rwtd/assets/original/rwtd_134.png,/home/galoren/Detecture/texture_kseg_ade_pretrain/runs/edge_sota_v1/viz/rwtd/assets/gt_edges/rwtd_134.png,/home/galoren/Detecture/texture_kseg_ade_pretrain/runs/edge_sota_v1/viz/rwtd/assets/pred_edges/rwtd_134.png,/home/galoren/Detecture/texture_kseg_ade_pretrain/runs/edge_sota_v1/viz/rwtd/assets/edge_overlays/rwtd_134.png
rwtd_139,/home/galoren/rwtd_miner_public_site/review/originals/rwtd_139.jpg,/home/galoren/rwtd_miner_public_site/review/masks/rwtd_139.jpg,4,4,False,,0.03783231083844581,0.012961989840602558,0.019308545335942597,0.02984619140625,/home/galoren/Detecture/texture_kseg_ade_pretrain/runs/edge_sota_v1/viz/rwtd/rwtd_139.png,/home/galoren/Detecture/texture_kseg_ade_pretrain/runs/edge_sota_v1/viz/rwtd/assets/original/rwtd_139.png,/home/galoren/Detecture/texture_kseg_ade_pretrain/runs/edge_sota_v1/viz/rwtd/assets/gt_edges/rwtd_139.png,/home/galoren/Detecture/texture_kseg_ade_pretrain/runs/edge_sota_v1/viz/rwtd/assets/pred_edges/rwtd_139.png,/home/galoren/Detecture/texture_kseg_ade_pretrain/runs/edge_sota_v1/viz/rwtd/assets/edge_overlays/rwtd_139.png
rwtd_14,/home/galoren/rwtd_miner_public_site/review/originals/rwtd_14.jpg,/home/galoren/rwtd_miner_public_site/review/masks/rwtd_14.jpg,2,2,False,,0.0,0.0,0.0,0.0001983642578125,/home/galoren/Detecture/texture_kseg_ade_pretrain/runs/edge_sota_v1/viz/rwtd/rwtd_14.png,/home/galoren/Detecture/texture_kseg_ade_pretrain/runs/edge_sota_v1/viz/rwtd/assets/original/rwtd_14.png,/home/galoren/Detecture/texture_kseg_ade_pretrain/runs/edge_sota_v1/viz/rwtd/assets/gt_edges/rwtd_14.png,/home/galoren/Detecture/texture_kseg_ade_pretrain/runs/edge_sota_v1/viz/rwtd/assets/pred_edges/rwtd_14.png,/home/galoren/Detecture/texture_kseg_ade_pretrain/runs/edge_sota_v1/viz/rwtd/assets/edge_overlays/rwtd_14.png
rwtd_142,/home/galoren/rwtd_miner_public_site/review/originals/rwtd_142.jpg,/home/galoren/rwtd_miner_public_site/review/masks/rwtd_142.jpg,2,2,False,,0.46127281697089295,0.2878694581280788,0.35450236966824644,0.0309295654296875,/home/galoren/Detecture/texture_kseg_ade_pretrain/runs/edge_sota_v1/viz/rwtd/rwtd_142.png,/home/galoren/Detecture/texture_kseg_ade_pretrain/runs/edge_sota_v1/viz/rwtd/assets/original/rwtd_142.png,/home/galoren/Detecture/texture_kseg_ade_pretrain/runs/edge_sota_v1/viz/rwtd/assets/gt_edges/rwtd_142.png,/home/galoren/Detecture/texture_kseg_ade_pretrain/runs/edge_sota_v1/viz/rwtd/assets/pred_edges/rwtd_142.png,/home/galoren/Detecture/texture_kseg_ade_pretrain/runs/edge_sota_v1/viz/rwtd/assets/edge_overlays/rwtd_142.png
rwtd_149,/home/galoren/rwtd_miner_public_site/review/originals/rwtd_149.jpg,/home/galoren/rwtd_miner_public_site/review/masks/rwtd_149.jpg,2,2,False,,0.0,0.0,0.0,0.001129150390625,/home/galoren/Detecture/texture_kseg_ade_pretrain/runs/edge_sota_v1/viz/rwtd/rwtd_149.png,/home/galoren/Detecture/texture_kseg_ade_pretrain/runs/edge_sota_v1/viz/rwtd/assets/original/rwtd_149.png,/home/galoren/Detecture/texture_kseg_ade_pretrain/runs/edge_sota_v1/viz/rwtd/assets/gt_edges/rwtd_149.png,/home/galoren/Detecture/texture_kseg_ade_pretrain/runs/edge_sota_v1/viz/rwtd/assets/pred_edges/rwtd_149.png,/home/galoren/Detecture/texture_kseg_ade_pretrain/runs/edge_sota_v1/viz/rwtd/assets/edge_overlays/rwtd_149.png
rwtd_15,/home/galoren/rwtd_miner_public_site/review/originals/rwtd_15.jpg,/home/galoren/rwtd_miner_public_site/review/masks/rwtd_15.jpg,2,2,False,,0.0,0.0,0.0,0.01593017578125,/home/galoren/Detecture/texture_kseg_ade_pretrain/runs/edge_sota_v1/viz/rwtd/rwtd_15.png,/home/galoren/Detecture/texture_kseg_ade_pretrain/runs/edge_sota_v1/viz/rwtd/assets/original/rwtd_15.png,/home/galoren/Detecture/texture_kseg_ade_pretrain/runs/edge_sota_v1/viz/rwtd/assets/gt_edges/rwtd_15.png,/home/galoren/Detecture/texture_kseg_ade_pretrain/runs/edge_sota_v1/viz/rwtd/assets/pred_edges/rwtd_15.png,/home/galoren/Detecture/texture_kseg_ade_pretrain/runs/edge_sota_v1/viz/rwtd/assets/edge_overlays/rwtd_15.png
rwtd_16,/home/galoren/rwtd_miner_public_site/review/originals/rwtd_16.jpg,/home/galoren/rwtd_miner_public_site/review/masks/rwtd_16.jpg,4,4,False,,0.0,0.0,0.0,0.000946044921875,/home/galoren/Detecture/texture_kseg_ade_pretrain/runs/edge_sota_v1/viz/rwtd/rwtd_16.png,/home/galoren/Detecture/texture_kseg_ade_pretrain/runs/edge_sota_v1/viz/rwtd/assets/original/rwtd_16.png,/home/galoren/Detecture/texture_kseg_ade_pretrain/runs/edge_sota_v1/viz/rwtd/assets/gt_edges/rwtd_16.png,/home/galoren/Detecture/texture_kseg_ade_pretrain/runs/edge_sota_v1/viz/rwtd/assets/pred_edges/rwtd_16.png,/home/galoren/Detecture/texture_kseg_ade_pretrain/runs/edge_sota_v1/viz/rwtd/assets/edge_overlays/rwtd_16.png
rwtd_17,/home/galoren/rwtd_miner_public_site/review/originals/rwtd_17.jpg,/home/galoren/rwtd_miner_public_site/review/masks/rwtd_17.jpg,3,3,False,,0.44023668639053254,0.09609919917334023,0.1577608142493639,0.0128936767578125,/home/galoren/Detecture/texture_kseg_ade_pretrain/runs/edge_sota_v1/viz/rwtd/rwtd_17.png,/home/galoren/Detecture/texture_kseg_ade_pretrain/runs/edge_sota_v1/viz/rwtd/assets/original/rwtd_17.png,/home/galoren/Detecture/texture_kseg_ade_pretrain/runs/edge_sota_v1/viz/rwtd/assets/gt_edges/rwtd_17.png,/home/galoren/Detecture/texture_kseg_ade_pretrain/runs/edge_sota_v1/viz/rwtd/assets/pred_edges/rwtd_17.png,/home/galoren/Detecture/texture_kseg_ade_pretrain/runs/edge_sota_v1/viz/rwtd/assets/edge_overlays/rwtd_17.png
rwtd_175,/home/galoren/rwtd_miner_public_site/review/originals/rwtd_175.jpg,/home/galoren/rwtd_miner_public_site/review/masks/rwtd_175.jpg,2,2,False,,0.09138054363376252,0.11561085972850679,0.10207750699161007,0.170654296875,/home/galoren/Detecture/texture_kseg_ade_pretrain/runs/edge_sota_v1/viz/rwtd/rwtd_175.png,/home/galoren/Detecture/texture_kseg_ade_pretrain/runs/edge_sota_v1/viz/rwtd/assets/original/rwtd_175.png,/home/galoren/Detecture/texture_kseg_ade_pretrain/runs/edge_sota_v1/viz/rwtd/assets/gt_edges/rwtd_175.png,/home/galoren/Detecture/texture_kseg_ade_pretrain/runs/edge_sota_v1/viz/rwtd/assets/pred_edges/rwtd_175.png,/home/galoren/Detecture/texture_kseg_ade_pretrain/runs/edge_sota_v1/viz/rwtd/assets/edge_overlays/rwtd_175.png
rwtd_176,/home/galoren/rwtd_miner_public_site/review/originals/rwtd_176.jpg,/home/galoren/rwtd_miner_public_site/review/masks/rwtd_176.jpg,2,2,False,,0.42150815758058097,0.789159992549823,0.5495104078853511,0.15338134765625,/home/galoren/Detecture/texture_kseg_ade_pretrain/runs/edge_sota_v1/viz/rwtd/rwtd_176.png,/home/galoren/Detecture/texture_kseg_ade_pretrain/runs/edge_sota_v1/viz/rwtd/assets/original/rwtd_176.png,/home/galoren/Detecture/texture_kseg_ade_pretrain/runs/edge_sota_v1/viz/rwtd/assets/gt_edges/rwtd_176.png,/home/galoren/Detecture/texture_kseg_ade_pretrain/runs/edge_sota_v1/viz/rwtd/assets/pred_edges/rwtd_176.png,/home/galoren/Detecture/texture_kseg_ade_pretrain/runs/edge_sota_v1/viz/rwtd/assets/edge_overlays/rwtd_176.png
rwtd_178,/home/galoren/rwtd_miner_public_site/review/originals/rwtd_178.jpg,/home/galoren/rwtd_miner_public_site/review/masks/rwtd_178.jpg,2,2,False,,0.08004683263495194,0.4385550303848751,0.13538301198540909,0.24761962890625,/home/galoren/Detecture/texture_kseg_ade_pretrain/runs/edge_sota_v1/viz/rwtd/rwtd_178.png,/home/galoren/Detecture/texture_kseg_ade_pretrain/runs/edge_sota_v1/viz/rwtd/assets/original/rwtd_178.png,/home/galoren/Detecture/texture_kseg_ade_pretrain/runs/edge_sota_v1/viz/rwtd/assets/gt_edges/rwtd_178.png,/home/galoren/Detecture/texture_kseg_ade_pretrain/runs/edge_sota_v1/viz/rwtd/assets/pred_edges/rwtd_178.png,/home/galoren/Detecture/texture_kseg_ade_pretrain/runs/edge_sota_v1/viz/rwtd/assets/edge_overlays/rwtd_178.png
rwtd_18,/home/galoren/rwtd_miner_public_site/review/originals/rwtd_18.jpg,/home/galoren/rwtd_miner_public_site/review/masks/rwtd_18.jpg,2,2,False,,0.1296042487579236,0.44369501466275657,0.20060991779368867,0.178131103515625,/home/galoren/Detecture/texture_kseg_ade_pretrain/runs/edge_sota_v1/viz/rwtd/rwtd_18.png,/home/galoren/Detecture/texture_kseg_ade_pretrain/runs/edge_sota_v1/viz/rwtd/assets/original/rwtd_18.png,/home/galoren/Detecture/texture_kseg_ade_pretrain/runs/edge_sota_v1/viz/rwtd/assets/gt_edges/rwtd_18.png,/home/galoren/Detecture/texture_kseg_ade_pretrain/runs/edge_sota_v1/viz/rwtd/assets/pred_edges/rwtd_18.png,/home/galoren/Detecture/texture_kseg_ade_pretrain/runs/edge_sota_v1/viz/rwtd/assets/edge_overlays/rwtd_18.png
rwtd_180,/home/galoren/rwtd_miner_public_site/review/originals/rwtd_180.jpg,/home/galoren/rwtd_miner_public_site/review/masks/rwtd_180.jpg,2,2,False,,0.12974683544303797,0.0435244161358811,0.06518282988871224,0.019287109375,/home/galoren/Detecture/texture_kseg_ade_pretrain/runs/edge_sota_v1/viz/rwtd/rwtd_180.png,/home/galoren/Detecture/texture_kseg_ade_pretrain/runs/edge_sota_v1/viz/rwtd/assets/original/rwtd_180.png,/home/galoren/Detecture/texture_kseg_ade_pretrain/runs/edge_sota_v1/viz/rwtd/assets/gt_edges/rwtd_180.png,/home/galoren/Detecture/texture_kseg_ade_pretrain/runs/edge_sota_v1/viz/rwtd/assets/pred_edges/rwtd_180.png,/home/galoren/Detecture/texture_kseg_ade_pretrain/runs/edge_sota_v1/viz/rwtd/assets/edge_overlays/rwtd_180.png
rwtd_181,/home/galoren/rwtd_miner_public_site/review/originals/rwtd_181.jpg,/home/galoren/rwtd_miner_public_site/review/masks/rwtd_181.jpg,1,1,True,single_region_after_edge_decode,0.04794520547945205,0.012999071494893221,0.02045288531775018,0.00445556640625,/home/galoren/Detecture/texture_kseg_ade_pretrain/runs/edge_sota_v1/viz/rwtd/rwtd_181.png,/home/galoren/Detecture/texture_kseg_ade_pretrain/runs/edge_sota_v1/viz/rwtd/assets/original/rwtd_181.png,/home/galoren/Detecture/texture_kseg_ade_pretrain/runs/edge_sota_v1/viz/rwtd/assets/gt_edges/rwtd_181.png,/home/galoren/Detecture/texture_kseg_ade_pretrain/runs/edge_sota_v1/viz/rwtd/assets/pred_edges/rwtd_181.png,/home/galoren/Detecture/texture_kseg_ade_pretrain/runs/edge_sota_v1/viz/rwtd/assets/edge_overlays/rwtd_181.png
rwtd_182,/home/galoren/rwtd_miner_public_site/review/originals/rwtd_182.jpg,/home/galoren/rwtd_miner_public_site/review/masks/rwtd_182.jpg,2,2,False,,0.0,0.0,0.0,0.0303192138671875,/home/galoren/Detecture/texture_kseg_ade_pretrain/runs/edge_sota_v1/viz/rwtd/rwtd_182.png,/home/galoren/Detecture/texture_kseg_ade_pretrain/runs/edge_sota_v1/viz/rwtd/assets/original/rwtd_182.png,/home/galoren/Detecture/texture_kseg_ade_pretrain/runs/edge_sota_v1/viz/rwtd/assets/gt_edges/rwtd_182.png,/home/galoren/Detecture/texture_kseg_ade_pretrain/runs/edge_sota_v1/viz/rwtd/assets/pred_edges/rwtd_182.png,/home/galoren/Detecture/texture_kseg_ade_pretrain/runs/edge_sota_v1/viz/rwtd/assets/edge_overlays/rwtd_182.png
rwtd_183,/home/galoren/rwtd_miner_public_site/review/originals/rwtd_183.jpg,/home/galoren/rwtd_miner_public_site/review/masks/rwtd_183.jpg,2,2,False,,0.0,0.0,0.0,0.004241943359375,/home/galoren/Detecture/texture_kseg_ade_pretrain/runs/edge_sota_v1/viz/rwtd/rwtd_183.png,/home/galoren/Detecture/texture_kseg_ade_pretrain/runs/edge_sota_v1/viz/rwtd/assets/original/rwtd_183.png,/home/galoren/Detecture/texture_kseg_ade_pretrain/runs/edge_sota_v1/viz/rwtd/assets/gt_edges/rwtd_183.png,/home/galoren/Detecture/texture_kseg_ade_pretrain/runs/edge_sota_v1/viz/rwtd/assets/pred_edges/rwtd_183.png,/home/galoren/Detecture/texture_kseg_ade_pretrain/runs/edge_sota_v1/viz/rwtd/assets/edge_overlays/rwtd_183.png
rwtd_184,/home/galoren/rwtd_miner_public_site/review/originals/rwtd_184.jpg,/home/galoren/rwtd_miner_public_site/review/masks/rwtd_184.jpg,1,1,True,single_region_after_edge_decode,0.32168587896253603,0.8177655677655677,0.46173733195449845,0.0423583984375,/home/galoren/Detecture/texture_kseg_ade_pretrain/runs/edge_sota_v1/viz/rwtd/rwtd_184.png,/home/galoren/Detecture/texture_kseg_ade_pretrain/runs/edge_sota_v1/viz/rwtd/assets/original/rwtd_184.png,/home/galoren/Detecture/texture_kseg_ade_pretrain/runs/edge_sota_v1/viz/rwtd/assets/gt_edges/rwtd_184.png,/home/galoren/Detecture/texture_kseg_ade_pretrain/runs/edge_sota_v1/viz/rwtd/assets/pred_edges/rwtd_184.png,/home/galoren/Detecture/texture_kseg_ade_pretrain/runs/edge_sota_v1/viz/rwtd/assets/edge_overlays/rwtd_184.png
rwtd_185,/home/galoren/rwtd_miner_public_site/review/originals/rwtd_185.jpg,/home/galoren/rwtd_miner_public_site/review/masks/rwtd_185.jpg,2,2,False,,0.49440918706557874,0.9003852504127683,0.6383144752243465,0.0504913330078125,/home/galoren/Detecture/texture_kseg_ade_pretrain/runs/edge_sota_v1/viz/rwtd/rwtd_185.png,/home/galoren/Detecture/texture_kseg_ade_pretrain/runs/edge_sota_v1/viz/rwtd/assets/original/rwtd_185.png,/home/galoren/Detecture/texture_kseg_ade_pretrain/runs/edge_sota_v1/viz/rwtd/assets/gt_edges/rwtd_185.png,/home/galoren/Detecture/texture_kseg_ade_pretrain/runs/edge_sota_v1/viz/rwtd/assets/pred_edges/rwtd_185.png,/home/galoren/Detecture/texture_kseg_ade_pretrain/runs/edge_sota_v1/viz/rwtd/assets/edge_overlays/rwtd_185.png
rwtd_186,/home/galoren/rwtd_miner_public_site/review/originals/rwtd_186.jpg,/home/galoren/rwtd_miner_public_site/review/masks/rwtd_186.jpg,2,2,False,,0.23945578231292516,0.06599175103112111,0.10346854791299236,0.0112152099609375,/home/galoren/Detecture/texture_kseg_ade_pretrain/runs/edge_sota_v1/viz/rwtd/rwtd_186.png,/home/galoren/Detecture/texture_kseg_ade_pretrain/runs/edge_sota_v1/viz/rwtd/assets/original/rwtd_186.png,/home/galoren/Detecture/texture_kseg_ade_pretrain/runs/edge_sota_v1/viz/rwtd/assets/gt_edges/rwtd_186.png,/home/galoren/Detecture/texture_kseg_ade_pretrain/runs/edge_sota_v1/viz/rwtd/assets/pred_edges/rwtd_186.png,/home/galoren/Detecture/texture_kseg_ade_pretrain/runs/edge_sota_v1/viz/rwtd/assets/edge_overlays/rwtd_186.png
rwtd_188,/home/galoren/rwtd_miner_public_site/review/originals/rwtd_188.jpg,/home/galoren/rwtd_miner_public_site/review/masks/rwtd_188.jpg,2,2,False,,0.22151898734177214,0.03292568203198495,0.057330057330057325,0.00482177734375,/home/galoren/Detecture/texture_kseg_ade_pretrain/runs/edge_sota_v1/viz/rwtd/rwtd_188.png,/home/galoren/Detecture/texture_kseg_ade_pretrain/runs/edge_sota_v1/viz/rwtd/assets/original/rwtd_188.png,/home/galoren/Detecture/texture_kseg_ade_pretrain/runs/edge_sota_v1/viz/rwtd/assets/gt_edges/rwtd_188.png,/home/galoren/Detecture/texture_kseg_ade_pretrain/runs/edge_sota_v1/viz/rwtd/assets/pred_edges/rwtd_188.png,/home/galoren/Detecture/texture_kseg_ade_pretrain/runs/edge_sota_v1/viz/rwtd/assets/edge_overlays/rwtd_188.png
rwtd_189,/home/galoren/rwtd_miner_public_site/review/originals/rwtd_189.jpg,/home/galoren/rwtd_miner_public_site/review/masks/rwtd_189.jpg,2,2,False,,0.2727272727272727,0.47884615384615387,0.34752267969295175,0.0417938232421875,/home/galoren/Detecture/texture_kseg_ade_pretrain/runs/edge_sota_v1/viz/rwtd/rwtd_189.png,/home/galoren/Detecture/texture_kseg_ade_pretrain/runs/edge_sota_v1/viz/rwtd/assets/original/rwtd_189.png,/home/galoren/Detecture/texture_kseg_ade_pretrain/runs/edge_sota_v1/viz/rwtd/assets/gt_edges/rwtd_189.png,/home/galoren/Detecture/texture_kseg_ade_pretrain/runs/edge_sota_v1/viz/rwtd/assets/pred_edges/rwtd_189.png,/home/galoren/Detecture/texture_kseg_ade_pretrain/runs/edge_sota_v1/viz/rwtd/assets/edge_overlays/rwtd_189.png
rwtd_194,/home/galoren/rwtd_miner_public_site/review/originals/rwtd_194.jpg,/home/galoren/rwtd_miner_public_site/review/masks/rwtd_194.jpg,2,2,False,,0.2587108013937282,0.15301391035548687,0.19229524117837485,0.01751708984375,/home/galoren/Detecture/texture_kseg_ade_pretrain/runs/edge_sota_v1/viz/rwtd/rwtd_194.png,/home/galoren/Detecture/texture_kseg_ade_pretrain/runs/edge_sota_v1/viz/rwtd/assets/original/rwtd_194.png,/home/galoren/Detecture/texture_kseg_ade_pretrain/runs/edge_sota_v1/viz/rwtd/assets/gt_edges/rwtd_194.png,/home/galoren/Detecture/texture_kseg_ade_pretrain/runs/edge_sota_v1/viz/rwtd/assets/pred_edges/rwtd_194.png,/home/galoren/Detecture/texture_kseg_ade_pretrain/runs/edge_sota_v1/viz/rwtd/assets/edge_overlays/rwtd_194.png
rwtd_197,/home/galoren/rwtd_miner_public_site/review/originals/rwtd_197.jpg,/home/galoren/rwtd_miner_public_site/review/masks/rwtd_197.jpg,2,2,False,,0.024594453165881738,0.013099219620958752,0.017094017094017092,0.0291595458984375,/home/galoren/Detecture/texture_kseg_ade_pretrain/runs/edge_sota_v1/viz/rwtd/rwtd_197.png,/home/galoren/Detecture/texture_kseg_ade_pretrain/runs/edge_sota_v1/viz/rwtd/assets/original/rwtd_197.png,/home/galoren/Detecture/texture_kseg_ade_pretrain/runs/edge_sota_v1/viz/rwtd/assets/gt_edges/rwtd_197.png,/home/galoren/Detecture/texture_kseg_ade_pretrain/runs/edge_sota_v1/viz/rwtd/assets/pred_edges/rwtd_197.png,/home/galoren/Detecture/texture_kseg_ade_pretrain/runs/edge_sota_v1/viz/rwtd/assets/edge_overlays/rwtd_197.png
rwtd_2,/home/galoren/rwtd_miner_public_site/review/originals/rwtd_2.jpg,/home/galoren/rwtd_miner_public_site/review/masks/rwtd_2.jpg,2,2,False,,0.01689347724073205,0.021251475796930343,0.018823529411764704,0.0325164794921875,/home/galoren/Detecture/texture_kseg_ade_pretrain/runs/edge_sota_v1/viz/rwtd/rwtd_2.png,/home/galoren/Detecture/texture_kseg_ade_pretrain/runs/edge_sota_v1/viz/rwtd/assets/original/rwtd_2.png,/home/galoren/Detecture/texture_kseg_ade_pretrain/runs/edge_sota_v1/viz/rwtd/assets/gt_edges/rwtd_2.png,/home/galoren/Detecture/texture_kseg_ade_pretrain/runs/edge_sota_v1/viz/rwtd/assets/pred_edges/rwtd_2.png,/home/galoren/Detecture/texture_kseg_ade_pretrain/runs/edge_sota_v1/viz/rwtd/assets/edge_overlays/rwtd_2.png
rwtd_200,/home/galoren/rwtd_miner_public_site/review/originals/rwtd_200.jpg,/home/galoren/rwtd_miner_public_site/review/masks/rwtd_200.jpg,2,2,False,,0.2416288308740068,0.8767052767052768,0.3788443356876703,0.215087890625,/home/galoren/Detecture/texture_kseg_ade_pretrain/runs/edge_sota_v1/viz/rwtd/rwtd_200.png,/home/galoren/Detecture/texture_kseg_ade_pretrain/runs/edge_sota_v1/viz/rwtd/assets/original/rwtd_200.png,/home/galoren/Detecture/texture_kseg_ade_pretrain/runs/edge_sota_v1/viz/rwtd/assets/gt_edges/rwtd_200.png,/home/galoren/Detecture/texture_kseg_ade_pretrain/runs/edge_sota_v1/viz/rwtd/assets/pred_edges/rwtd_200.png,/home/galoren/Detecture/texture_kseg_ade_pretrain/runs/edge_sota_v1/viz/rwtd/assets/edge_overlays/rwtd_200.png
rwtd_201,/home/galoren/rwtd_miner_public_site/review/originals/rwtd_201.jpg,/home/galoren/rwtd_miner_public_site/review/masks/rwtd_201.jpg,2,2,False,,0.20883838383838385,0.4371035940803383,0.2826384142173616,0.0604248046875,/home/galoren/Detecture/texture_kseg_ade_pretrain/runs/edge_sota_v1/viz/rwtd/rwtd_201.png,/home/galoren/Detecture/texture_kseg_ade_pretrain/runs/edge_sota_v1/viz/rwtd/assets/original/rwtd_201.png,/home/galoren/Detecture/texture_kseg_ade_pretrain/runs/edge_sota_v1/viz/rwtd/assets/gt_edges/rwtd_201.png,/home/galoren/Detecture/texture_kseg_ade_pretrain/runs/edge_sota_v1/viz/rwtd/assets/pred_edges/rwtd_201.png,/home/galoren/Detecture/texture_kseg_ade_pretrain/runs/edge_sota_v1/viz/rwtd/assets/edge_overlays/rwtd_201.png
rwtd_202,/home/galoren/rwtd_miner_public_site/review/originals/rwtd_202.jpg,/home/galoren/rwtd_miner_public_site/review/masks/rwtd_202.jpg,2,2,False,,0.39751552795031053,0.17827298050139276,0.24615384615384614,0.0221099853515625,/home/galoren/Detecture/texture_kseg_ade_pretrain/runs/edge_sota_v1/viz/rwtd/rwtd_202.png,/home/galoren/Detecture/texture_kseg_ade_pretrain/runs/edge_sota_v1/viz/rwtd/assets/original/rwtd_202.png,/home/galoren/Detecture/texture_kseg_ade_pretrain/runs/edge_sota_v1/viz/rwtd/assets/gt_edges/rwtd_202.png,/home/galoren/Detecture/texture_kseg_ade_pretrain/runs/edge_sota_v1/viz/rwtd/assets/pred_edges/rwtd_202.png,/home/galoren/Detecture/texture_kseg_ade_pretrain/runs/edge_sota_v1/viz/rwtd/assets/edge_overlays/rwtd_202.png
rwtd_205,/home/galoren/rwtd_miner_public_site/review/originals/rwtd_205.jpg,/home/galoren/rwtd_miner_public_site/review/masks/rwtd_205.jpg,2,2,False,,0.0019442644199611147,0.001729106628242075,0.001830384380719951,0.0235443115234375,/home/galoren/Detecture/texture_kseg_ade_pretrain/runs/edge_sota_v1/viz/rwtd/rwtd_205.png,/home/galoren/Detecture/texture_kseg_ade_pretrain/runs/edge_sota_v1/viz/rwtd/assets/original/rwtd_205.png,/home/galoren/Detecture/texture_kseg_ade_pretrain/runs/edge_sota_v1/viz/rwtd/assets/gt_edges/rwtd_205.png,/home/galoren/Detecture/texture_kseg_ade_pretrain/runs/edge_sota_v1/viz/rwtd/assets/pred_edges/rwtd_205.png,/home/galoren/Detecture/texture_kseg_ade_pretrain/runs/edge_sota_v1/viz/rwtd/assets/edge_overlays/rwtd_205.png
rwtd_207,/home/galoren/rwtd_miner_public_site/review/originals/rwtd_207.jpg,/home/galoren/rwtd_miner_public_site/review/masks/rwtd_207.jpg,2,2,False,,0.7435344827586207,0.6855439642324889,0.7133626260015509,0.0283203125,/home/galoren/Detecture/texture_kseg_ade_pretrain/runs/edge_sota_v1/viz/rwtd/rwtd_207.png,/home/galoren/Detecture/texture_kseg_ade_pretrain/runs/edge_sota_v1/viz/rwtd/assets/original/rwtd_207.png,/home/galoren/Detecture/texture_kseg_ade_pretrain/runs/edge_sota_v1/viz/rwtd/assets/gt_edges/rwtd_207.png,/home/galoren/Detecture/texture_kseg_ade_pretrain/runs/edge_sota_v1/viz/rwtd/assets/pred_edges/rwtd_207.png,/home/galoren/Detecture/texture_kseg_ade_pretrain/runs/edge_sota_v1/viz/rwtd/assets/edge_overlays/rwtd_207.png
rwtd_210,/home/galoren/rwtd_miner_public_site/review/originals/rwtd_210.jpg,/home/galoren/rwtd_miner_public_site/review/masks/rwtd_210.jpg,2,2,False,,0.0,0.0,0.0,0.0007476806640625,/home/galoren/Detecture/texture_kseg_ade_pretrain/runs/edge_sota_v1/viz/rwtd/rwtd_210.png,/home/galoren/Detecture/texture_kseg_ade_pretrain/runs/edge_sota_v1/viz/rwtd/assets/original/rwtd_210.png,/home/galoren/Detecture/texture_kseg_ade_pretrain/runs/edge_sota_v1/viz/rwtd/assets/gt_edges/rwtd_210.png,/home/galoren/Detecture/texture_kseg_ade_pretrain/runs/edge_sota_v1/viz/rwtd/assets/pred_edges/rwtd_210.png,/home/galoren/Detecture/texture_kseg_ade_pretrain/runs/edge_sota_v1/viz/rwtd/assets/edge_overlays/rwtd_210.png
rwtd_213,/home/galoren/rwtd_miner_public_site/review/originals/rwtd_213.jpg,/home/galoren/rwtd_miner_public_site/review/masks/rwtd_213.jpg,2,2,False,,0.43217247097844114,0.8331202046035806,0.5691198951736187,0.0460052490234375,/home/galoren/Detecture/texture_kseg_ade_pretrain/runs/edge_sota_v1/viz/rwtd/rwtd_213.png,/home/galoren/Detecture/texture_kseg_ade_pretrain/runs/edge_sota_v1/viz/rwtd/assets/original/rwtd_213.png,/home/galoren/Detecture/texture_kseg_ade_pretrain/runs/edge_sota_v1/viz/rwtd/assets/gt_edges/rwtd_213.png,/home/galoren/Detecture/texture_kseg_ade_pretrain/runs/edge_sota_v1/viz/rwtd/assets/pred_edges/rwtd_213.png,/home/galoren/Detecture/texture_kseg_ade_pretrain/runs/edge_sota_v1/viz/rwtd/assets/edge_overlays/rwtd_213.png
rwtd_214,/home/galoren/rwtd_miner_public_site/review/originals/rwtd_214.jpg,/home/galoren/rwtd_miner_public_site/review/masks/rwtd_214.jpg,2,2,False,,0.03389830508474576,0.001924001924001924,0.0036413290851160674,0.001800537109375,/home/galoren/Detecture/texture_kseg_ade_pretrain/runs/edge_sota_v1/viz/rwtd/rwtd_214.png,/home/galoren/Detecture/texture_kseg_ade_pretrain/runs/edge_sota_v1/viz/rwtd/assets/original/rwtd_214.png,/home/galoren/Detecture/texture_kseg_ade_pretrain/runs/edge_sota_v1/viz/rwtd/assets/gt_edges/rwtd_214.png,/home/galoren/Detecture/texture_kseg_ade_pretrain/runs/edge_sota_v1/viz/rwtd/assets/pred_edges/rwtd_214.png,/home/galoren/Detecture/texture_kseg_ade_pretrain/runs/edge_sota_v1/viz/rwtd/assets/edge_overlays/rwtd_214.png
rwtd_215,/home/galoren/rwtd_miner_public_site/review/originals/rwtd_215.jpg,/home/galoren/rwtd_miner_public_site/review/masks/rwtd_215.jpg,2,2,False,,0.0,0.0,0.0,7.62939453125e-05,/home/galoren/Detecture/texture_kseg_ade_pretrain/runs/edge_sota_v1/viz/rwtd/rwtd_215.png,/home/galoren/Detecture/texture_kseg_ade_pretrain/runs/edge_sota_v1/viz/rwtd/assets/original/rwtd_215.png,/home/galoren/Detecture/texture_kseg_ade_pretrain/runs/edge_sota_v1/viz/rwtd/assets/gt_edges/rwtd_215.png,/home/galoren/Detecture/texture_kseg_ade_pretrain/runs/edge_sota_v1/viz/rwtd/assets/pred_edges/rwtd_215.png,/home/galoren/Detecture/texture_kseg_ade_pretrain/runs/edge_sota_v1/viz/rwtd/assets/edge_overlays/rwtd_215.png
rwtd_216,/home/galoren/rwtd_miner_public_site/review/originals/rwtd_216.jpg,/home/galoren/rwtd_miner_public_site/review/masks/rwtd_216.jpg,2,2,False,,0.0,0.0,0.0,0.14794921875,/home/galoren/Detecture/texture_kseg_ade_pretrain/runs/edge_sota_v1/viz/rwtd/rwtd_216.png,/home/galoren/Detecture/texture_kseg_ade_pretrain/runs/edge_sota_v1/viz/rwtd/assets/original/rwtd_216.png,/home/galoren/Detecture/texture_kseg_ade_pretrain/runs/edge_sota_v1/viz/rwtd/assets/gt_edges/rwtd_216.png,/home/galoren/Detecture/texture_kseg_ade_pretrain/runs/edge_sota_v1/viz/rwtd/assets/pred_edges/rwtd_216.png,/home/galoren/Detecture/texture_kseg_ade_pretrain/runs/edge_sota_v1/viz/rwtd/assets/edge_overlays/rwtd_216.png
rwtd_219,/home/galoren/rwtd_miner_public_site/review/originals/rwtd_219.jpg,/home/galoren/rwtd_miner_public_site/review/masks/rwtd_219.jpg,2,2,False,,0.7067415730337079,0.27709251101321586,0.3981012658227848,0.013580322265625,/home/galoren/Detecture/texture_kseg_ade_pretrain/runs/edge_sota_v1/viz/rwtd/rwtd_219.png,/home/galoren/Detecture/texture_kseg_ade_pretrain/runs/edge_sota_v1/viz/rwtd/assets/original/rwtd_219.png,/home/galoren/Detecture/texture_kseg_ade_pretrain/runs/edge_sota_v1/viz/rwtd/assets/gt_edges/rwtd_219.png,/home/galoren/Detecture/texture_kseg_ade_pretrain/runs/edge_sota_v1/viz/rwtd/assets/pred_edges/rwtd_219.png,/home/galoren/Detecture/texture_kseg_ade_pretrain/runs/edge_sota_v1/viz/rwtd/assets/edge_overlays/rwtd_219.png
rwtd_22,/home/galoren/rwtd_miner_public_site/review/originals/rwtd_22.jpg,/home/galoren/rwtd_miner_public_site/review/masks/rwtd_22.jpg,2,2,False,,0.0,0.0,0.0,0.001220703125,/home/galoren/Detecture/texture_kseg_ade_pretrain/runs/edge_sota_v1/viz/rwtd/rwtd_22.png,/home/galoren/Detecture/texture_kseg_ade_pretrain/runs/edge_sota_v1/viz/rwtd/assets/original/rwtd_22.png,/home/galoren/Detecture/texture_kseg_ade_pretrain/runs/edge_sota_v1/viz/rwtd/assets/gt_edges/rwtd_22.png,/home/galoren/Detecture/texture_kseg_ade_pretrain/runs/edge_sota_v1/viz/rwtd/assets/pred_edges/rwtd_22.png,/home/galoren/Detecture/texture_kseg_ade_pretrain/runs/edge_sota_v1/viz/rwtd/assets/edge_overlays/rwtd_22.png
rwtd_221,/home/galoren/rwtd_miner_public_site/review/originals/rwtd_221.jpg,/home/galoren/rwtd_miner_public_site/review/masks/rwtd_221.jpg,2,2,False,,0.9190311418685121,0.7170626349892009,0.805580831058538,0.0220489501953125,/home/galoren/Detecture/texture_kseg_ade_pretrain/runs/edge_sota_v1/viz/rwtd/rwtd_221.png,/home/galoren/Detecture/texture_kseg_ade_pretrain/runs/edge_sota_v1/viz/rwtd/assets/original/rwtd_221.png,/home/galoren/Detecture/texture_kseg_ade_pretrain/runs/edge_sota_v1/viz/rwtd/assets/gt_edges/rwtd_221.png,/home/galoren/Detecture/texture_kseg_ade_pretrain/runs/edge_sota_v1/viz/rwtd/assets/pred_edges/rwtd_221.png,/home/galoren/Detecture/texture_kseg_ade_pretrain/runs/edge_sota_v1/viz/rwtd/assets/edge_overlays/rwtd_221.png
rwtd_222,/home/galoren/rwtd_miner_public_site/review/originals/rwtd_222.jpg,/home/galoren/rwtd_miner_public_site/review/masks/rwtd_222.jpg,2,2,False,,0.8531468531468531,0.03446327683615819,0.06625033939723052,0.0021820068359375,/home/galoren/Detecture/texture_kseg_ade_pretrain/runs/edge_sota_v1/viz/rwtd/rwtd_222.png,/home/galoren/Detecture/texture_kseg_ade_pretrain/runs/edge_sota_v1/viz/rwtd/assets/original/rwtd_222.png,/home/galoren/Detecture/texture_kseg_ade_pretrain/runs/edge_sota_v1/viz/rwtd/assets/gt_edges/rwtd_222.png,/home/galoren/Detecture/texture_kseg_ade_pretrain/runs/edge_sota_v1/viz/rwtd/assets/pred_edges/rwtd_222.png,/home/galoren/Detecture/texture_kseg_ade_pretrain/runs/edge_sota_v1/viz/rwtd/assets/edge_overlays/rwtd_222.png
rwtd_224,/home/galoren/rwtd_miner_public_site/review/originals/rwtd_224.jpg,/home/galoren/rwtd_miner_public_site/review/masks/rwtd_224.jpg,2,2,False,,0.04920894708128751,0.29927007299270075,0.08452023988005998,0.1398468017578125,/home/galoren/Detecture/texture_kseg_ade_pretrain/runs/edge_sota_v1/viz/rwtd/rwtd_224.png,/home/galoren/Detecture/texture_kseg_ade_pretrain/runs/edge_sota_v1/viz/rwtd/assets/original/rwtd_224.png,/home/galoren/Detecture/texture_kseg_ade_pretrain/runs/edge_sota_v1/viz/rwtd/assets/gt_edges/rwtd_224.png,/home/galoren/Detecture/texture_kseg_ade_pretrain/runs/edge_sota_v1/viz/rwtd/assets/pred_edges/rwtd_224.png,/home/galoren/Detecture/texture_kseg_ade_pretrain/runs/edge_sota_v1/viz/rwtd/assets/edge_overlays/rwtd_224.png
rwtd_228,/home/galoren/rwtd_miner_public_site/review/originals/rwtd_228.jpg,/home/galoren/rwtd_miner_public_site/review/masks/rwtd_228.jpg,2,2,False,,0.07027397260273972,0.28373893805309736,0.11264822134387352,0.11138916015625,/home/galoren/Detecture/texture_kseg_ade_pretrain/runs/edge_sota_v1/viz/rwtd/rwtd_228.png,/home/galoren/Detecture/texture_kseg_ade_pretrain/runs/edge_sota_v1/viz/rwtd/assets/original/rwtd_228.png,/home/galoren/Detecture/texture_kseg_ade_pretrain/runs/edge_sota_v1/viz/rwtd/assets/gt_edges/rwtd_228.png,/home/galoren/Detecture/texture_kseg_ade_pretrain/runs/edge_sota_v1/viz/rwtd/assets/pred_edges/rwtd_228.png,/home/galoren/Detecture/texture_kseg_ade_pretrain/runs/edge_sota_v1/viz/rwtd/assets/edge_overlays/rwtd_228.png
rwtd_229,/home/galoren/rwtd_miner_public_site/review/originals/rwtd_229.jpg,/home/galoren/rwtd_miner_public_site/review/masks/rwtd_229.jpg,2,2,False,,0.08899335386610471,0.6242183058555998,0.15577782506916363,0.188262939453125,/home/galoren/Detecture/texture_kseg_ade_pretrain/runs/edge_sota_v1/viz/rwtd/rwtd_229.png,/home/galoren/Detecture/texture_kseg_ade_pretrain/runs/edge_sota_v1/viz/rwtd/assets/original/rwtd_229.png,/home/galoren/Detecture/texture_kseg_ade_pretrain/runs/edge_sota_v1/viz/rwtd/assets/gt_edges/rwtd_229.png,/home/galoren/Detecture/texture_kseg_ade_pretrain/runs/edge_sota_v1/viz/rwtd/assets/pred_edges/rwtd_229.png,/home/galoren/Detecture/texture_kseg_ade_pretrain/runs/edge_sota_v1/viz/rwtd/assets/edge_overlays/rwtd_229.png
rwtd_236,/home/galoren/rwtd_miner_public_site/review/originals/rwtd_236.jpg,/home/galoren/rwtd_miner_public_site/review/masks/rwtd_236.jpg,2,2,False,,0.0,0.0,0.0,0.0,/home/galoren/Detecture/texture_kseg_ade_pretrain/runs/edge_sota_v1/viz/rwtd/rwtd_236.png,/home/galoren/Detecture/texture_kseg_ade_pretrain/runs/edge_sota_v1/viz/rwtd/assets/original/rwtd_236.png,/home/galoren/Detecture/texture_kseg_ade_pretrain/runs/edge_sota_v1/viz/rwtd/assets/gt_edges/rwtd_236.png,/home/galoren/Detecture/texture_kseg_ade_pretrain/runs/edge_sota_v1/viz/rwtd/assets/pred_edges/rwtd_236.png,/home/galoren/Detecture/texture_kseg_ade_pretrain/runs/edge_sota_v1/viz/rwtd/assets/edge_overlays/rwtd_236.png
rwtd_237,/home/galoren/rwtd_miner_public_site/review/originals/rwtd_237.jpg,/home/galoren/rwtd_miner_public_site/review/masks/rwtd_237.jpg,2,2,False,,0.42592592592592593,0.015042511445389144,0.029058749210360075,0.000823974609375,/home/galoren/Detecture/texture_kseg_ade_pretrain/runs/edge_sota_v1/viz/rwtd/rwtd_237.png,/home/galoren/Detecture/texture_kseg_ade_pretrain/runs/edge_sota_v1/viz/rwtd/assets/original/rwtd_237.png,/home/galoren/Detecture/texture_kseg_ade_pretrain/runs/edge_sota_v1/viz/rwtd/assets/gt_edges/rwtd_237.png,/home/galoren/Detecture/texture_kseg_ade_pretrain/runs/edge_sota_v1/viz/rwtd/assets/pred_edges/rwtd_237.png,/home/galoren/Detecture/texture_kseg_ade_pretrain/runs/edge_sota_v1/viz/rwtd/assets/edge_overlays/rwtd_237.png
rwtd_238,/home/galoren/rwtd_miner_public_site/review/originals/rwtd_238.jpg,/home/galoren/rwtd_miner_public_site/review/masks/rwtd_238.jpg,2,2,False,,0.0,0.0,0.0,0.0,/home/galoren/Detecture/texture_kseg_ade_pretrain/runs/edge_sota_v1/viz/rwtd/rwtd_238.png,/home/galoren/Detecture/texture_kseg_ade_pretrain/runs/edge_sota_v1/viz/rwtd/assets/original/rwtd_238.png,/home/galoren/Detecture/texture_kseg_ade_pretrain/runs/edge_sota_v1/viz/rwtd/assets/gt_edges/rwtd_238.png,/home/galoren/Detecture/texture_kseg_ade_pretrain/runs/edge_sota_v1/viz/rwtd/assets/pred_edges/rwtd_238.png,/home/galoren/Detecture/texture_kseg_ade_pretrain/runs/edge_sota_v1/viz/rwtd/assets/edge_overlays/rwtd_238.png
rwtd_24,/home/galoren/rwtd_miner_public_site/review/originals/rwtd_24.jpg,/home/galoren/rwtd_miner_public_site/review/masks/rwtd_24.jpg,2,2,False,,0.18218905472636815,0.5209103840682788,0.26995945447843717,0.153350830078125,/home/galoren/Detecture/texture_kseg_ade_pretrain/runs/edge_sota_v1/viz/rwtd/rwtd_24.png,/home/galoren/Detecture/texture_kseg_ade_pretrain/runs/edge_sota_v1/viz/rwtd/assets/original/rwtd_24.png,/home/galoren/Detecture/texture_kseg_ade_pretrain/runs/edge_sota_v1/viz/rwtd/assets/gt_edges/rwtd_24.png,/home/galoren/Detecture/texture_kseg_ade_pretrain/runs/edge_sota_v1/viz/rwtd/assets/pred_edges/rwtd_24.png,/home/galoren/Detecture/texture_kseg_ade_pretrain/runs/edge_sota_v1/viz/rwtd/assets/edge_overlays/rwtd_24.png
rwtd_240,/home/galoren/rwtd_miner_public_site/review/originals/rwtd_240.jpg,/home/galoren/rwtd_miner_public_site/review/masks/rwtd_240.jpg,2,2,False,,0.12914587613736425,0.24376731301939059,0.1688411358403684,0.0519866943359375,/home/galoren/Detecture/texture_kseg_ade_pretrain/runs/edge_sota_v1/viz/rwtd/rwtd_240.png,/home/galoren/Detecture/texture_kseg_ade_pretrain/runs/edge_sota_v1/viz/rwtd/assets/original/rwtd_240.png,/home/galoren/Detecture/texture_kseg_ade_pretrain/runs/edge_sota_v1/viz/rwtd/assets/gt_edges/rwtd_240.png,/home/galoren/Detecture/texture_kseg_ade_pretrain/runs/edge_sota_v1/viz/rwtd/assets/pred_edges/rwtd_240.png,/home/galoren/Detecture/texture_kseg_ade_pretrain/runs/edge_sota_v1/viz/rwtd/assets/edge_overlays/rwtd_240.png
rwtd_243,/home/galoren/rwtd_miner_public_site/review/originals/rwtd_243.jpg,/home/galoren/rwtd_miner_public_site/review/masks/rwtd_243.jpg,2,2,False,,0.27340015420200464,0.8544578313253012,0.41425233644859816,0.0989532470703125,/home/galoren/Detecture/texture_kseg_ade_pretrain/runs/edge_sota_v1/viz/rwtd/rwtd_243.png,/home/galoren/Detecture/texture_kseg_ade_pretrain/runs/edge_sota_v1/viz/rwtd/assets/original/rwtd_243.png,/home/galoren/Detecture/texture_kseg_ade_pretrain/runs/edge_sota_v1/viz/rwtd/assets/gt_edges/rwtd_243.png,/home/galoren/Detecture/texture_kseg_ade_pretrain/runs/edge_sota_v1/viz/rwtd/assets/pred_edges/rwtd_243.png,/home/galoren/Detecture/texture_kseg_ade_pretrain/runs/edge_sota_v1/viz/rwtd/assets/edge_overlays/rwtd_243.png
rwtd_244,/home/galoren/rwtd_miner_public_site/review/originals/rwtd_244.jpg,/home/galoren/rwtd_miner_public_site/review/masks/rwtd_244.jpg,2,2,False,,0.2587040142025841,0.734116988525049,0.3825845974329055,0.1547088623046875,/home/galoren/Detecture/texture_kseg_ade_pretrain/runs/edge_sota_v1/viz/rwtd/rwtd_244.png,/home/galoren/Detecture/texture_kseg_ade_pretrain/runs/edge_sota_v1/viz/rwtd/assets/original/rwtd_244.png,/home/galoren/Detecture/texture_kseg_ade_pretrain/runs/edge_sota_v1/viz/rwtd/assets/gt_edges/rwtd_244.png,/home/galoren/Detecture/texture_kseg_ade_pretrain/runs/edge_sota_v1/viz/rwtd/assets/pred_edges/rwtd_244.png,/home/galoren/Detecture/texture_kseg_ade_pretrain/runs/edge_sota_v1/viz/rwtd/assets/edge_overlays/rwtd_244.png
rwtd_245,/home/galoren/rwtd_miner_public_site/review/originals/rwtd_245.jpg,/home/galoren/rwtd_miner_public_site/review/masks/rwtd_245.jpg,2,2,False,,0.01652569941444372,0.06183057448880234,0.026080706438032647,0.1172637939453125,/home/galoren/Detecture/texture_kseg_ade_pretrain/runs/edge_sota_v1/viz/rwtd/rwtd_245.png,/home/galoren/Detecture/texture_kseg_ade_pretrain/runs/edge_sota_v1/viz/rwtd/assets/original/rwtd_245.png,/home/galoren/Detecture/texture_kseg_ade_pretrain/runs/edge_sota_v1/viz/rwtd/assets/gt_edges/rwtd_245.png,/home/galoren/Detecture/texture_kseg_ade_pretrain/runs/edge_sota_v1/viz/rwtd/assets/pred_edges/rwtd_245.png,/home/galoren/Detecture/texture_kseg_ade_pretrain/runs/edge_sota_v1/viz/rwtd/assets/edge_overlays/rwtd_245.png
rwtd_246,/home/galoren/rwtd_miner_public_site/review/originals/rwtd_246.jpg,/home/galoren/rwtd_miner_public_site/review/masks/rwtd_246.jpg,2,2,False,,0.13925822253324002,0.3128930817610063,0.19273607748184018,0.0654144287109375,/home/galoren/Detecture/texture_kseg_ade_pretrain/runs/edge_sota_v1/viz/rwtd/rwtd_246.png,/home/galoren/Detecture/texture_kseg_ade_pretrain/runs/edge_sota_v1/viz/rwtd/assets/original/rwtd_246.png,/home/galoren/Detecture/texture_kseg_ade_pretrain/runs/edge_sota_v1/viz/rwtd/assets/gt_edges/rwtd_246.png,/home/galoren/Detecture/texture_kseg_ade_pretrain/runs/edge_sota_v1/viz/rwtd/assets/pred_edges/rwtd_246.png,/home/galoren/Detecture/texture_kseg_ade_pretrain/runs/edge_sota_v1/viz/rwtd/assets/edge_overlays/rwtd_246.png
rwtd_247,/home/galoren/rwtd_miner_public_site/review/originals/rwtd_247.jpg,/home/galoren/rwtd_miner_public_site/review/masks/rwtd_247.jpg,2,2,False,,0.5052577583995896,1.0,0.6713239052649514,0.0594940185546875,/home/galoren/Detecture/texture_kseg_ade_pretrain/runs/edge_sota_v1/viz/rwtd/rwtd_247.png,/home/galoren/Detecture/texture_kseg_ade_pretrain/runs/edge_sota_v1/viz/rwtd/assets/original/rwtd_247.png,/home/galoren/Detecture/texture_kseg_ade_pretrain/runs/edge_sota_v1/viz/rwtd/assets/gt_edges/rwtd_247.png,/home/galoren/Detecture/texture_kseg_ade_pretrain/runs/edge_sota_v1/viz/rwtd/assets/pred_edges/rwtd_247.png,/home/galoren/Detecture/texture_kseg_ade_pretrain/runs/edge_sota_v1/viz/rwtd/assets/edge_overlays/rwtd_247.png
rwtd_25,/home/galoren/rwtd_miner_public_site/review/originals/rwtd_25.jpg,/home/galoren/rwtd_miner_public_site/review/masks/rwtd_25.jpg,2,2,False,,0.0,0.0,0.0,3.0517578125e-05,/home/galoren/Detecture/texture_kseg_ade_pretrain/runs/edge_sota_v1/viz/rwtd/rwtd_25.png,/home/galoren/Detecture/texture_kseg_ade_pretrain/runs/edge_sota_v1/viz/rwtd/assets/original/rwtd_25.png,/home/galoren/Detecture/texture_kseg_ade_pretrain/runs/edge_sota_v1/viz/rwtd/assets/gt_edges/rwtd_25.png,/home/galoren/Detecture/texture_kseg_ade_pretrain/runs/edge_sota_v1/viz/rwtd/assets/pred_edges/rwtd_25.png,/home/galoren/Detecture/texture_kseg_ade_pretrain/runs/edge_sota_v1/viz/rwtd/assets/edge_overlays/rwtd_25.png
rwtd_250,/home/galoren/rwtd_miner_public_site/review/originals/rwtd_250.jpg,/home/galoren/rwtd_miner_public_site/review/masks/rwtd_250.jpg,2,2,False,,0.07976519337016574,0.09685534591194969,0.08748343116833933,0.044189453125,/home/galoren/Detecture/texture_kseg_ade_pretrain/runs/edge_sota_v1/viz/rwtd/rwtd_250.png,/home/galoren/Detecture/texture_kseg_ade_pretrain/runs/edge_sota_v1/viz/rwtd/assets/original/rwtd_250.png,/home/galoren/Detecture/texture_kseg_ade_pretrain/runs/edge_sota_v1/viz/rwtd/assets/gt_edges/rwtd_250.png,/home/galoren/Detecture/texture_kseg_ade_pretrain/runs/edge_sota_v1/viz/rwtd/assets/pred_edges/rwtd_250.png,/home/galoren/Detecture/texture_kseg_ade_pretrain/runs/edge_sota_v1/viz/rwtd/assets/edge_overlays/rwtd_250.png
rwtd_251,/home/galoren/rwtd_miner_public_site/review/originals/rwtd_251.jpg,/home/galoren/rwtd_miner_public_site/review/masks/rwtd_251.jpg,2,2,False,,0.11951754385964912,0.06614077669902912,0.08515624999999999,0.013916015625,/home/galoren/Detecture/texture_kseg_ade_pretrain/runs/edge_sota_v1/viz/rwtd/rwtd_251.png,/home/galoren/Detecture/texture_kseg_ade_pretrain/runs/edge_sota_v1/viz/rwtd/assets/original/rwtd_251.png,/home/galoren/Detecture/texture_kseg_ade_pretrain/runs/edge_sota_v1/viz/rwtd/assets/gt_edges/rwtd_251.png,/home/galoren/Detecture/texture_kseg_ade_pretrain/runs/edge_sota_v1/viz/rwtd/assets/pred_edges/rwtd_251.png,/home/galoren/Detecture/texture_kseg_ade_pretrain/runs/edge_sota_v1/viz/rwtd/assets/edge_overlays/rwtd_251.png
rwtd_252,/home/galoren/rwtd_miner_public_site/review/originals/rwtd_252.jpg,/home/galoren/rwtd_miner_public_site/review/masks/rwtd_252.jpg,2,2,False,,0.0,0.0,0.0,0.0,/home/galoren/Detecture/texture_kseg_ade_pretrain/runs/edge_sota_v1/viz/rwtd/rwtd_252.png,/home/galoren/Detecture/texture_kseg_ade_pretrain/runs/edge_sota_v1/viz/rwtd/assets/original/rwtd_252.png,/home/galoren/Detecture/texture_kseg_ade_pretrain/runs/edge_sota_v1/viz/rwtd/assets/gt_edges/rwtd_252.png,/home/galoren/Detecture/texture_kseg_ade_pretrain/runs/edge_sota_v1/viz/rwtd/assets/pred_edges/rwtd_252.png,/home/galoren/Detecture/texture_kseg_ade_pretrain/runs/edge_sota_v1/viz/rwtd/assets/edge_overlays/rwtd_252.png
rwtd_253,/home/galoren/rwtd_miner_public_site/review/originals/rwtd_253.jpg,/home/galoren/rwtd_miner_public_site/review/masks/rwtd_253.jpg,2,2,False,,0.0,0.0,0.0,0.001007080078125,/home/galoren/Detecture/texture_kseg_ade_pretrain/runs/edge_sota_v1/viz/rwtd/rwtd_253.png,/home/galoren/Detecture/texture_kseg_ade_pretrain/runs/edge_sota_v1/viz/rwtd/assets/original/rwtd_253.png,/home/galoren/Detecture/texture_kseg_ade_pretrain/runs/edge_sota_v1/viz/rwtd/assets/gt_edges/rwtd_253.png,/home/galoren/Detecture/texture_kseg_ade_pretrain/runs/edge_sota_v1/viz/rwtd/assets/pred_edges/rwtd_253.png,/home/galoren/Detecture/texture_kseg_ade_pretrain/runs/edge_sota_v1/viz/rwtd/assets/edge_overlays/rwtd_253.png
rwtd_254,/home/galoren/rwtd_miner_public_site/review/originals/rwtd_254.jpg,/home/galoren/rwtd_miner_public_site/review/masks/rwtd_254.jpg,2,2,False,,0.11660545645330535,0.5783994795055303,0.1940836153258378,0.1163330078125,/home/galoren/Detecture/texture_kseg_ade_pretrain/runs/edge_sota_v1/viz/rwtd/rwtd_254.png,/home/galoren/Detecture/texture_kseg_ade_pretrain/runs/edge_sota_v1/viz/rwtd/assets/original/rwtd_254.png,/home/galoren/Detecture/texture_kseg_ade_pretrain/runs/edge_sota_v1/viz/rwtd/assets/gt_edges/rwtd_254.png,/home/galoren/Detecture/texture_kseg_ade_pretrain/runs/edge_sota_v1/viz/rwtd/assets/pred_edges/rwtd_254.png,/home/galoren/Detecture/texture_kseg_ade_pretrain/runs/edge_sota_v1/viz/rwtd/assets/edge_overlays/rwtd_254.png
rwtd_256,/home/galoren/rwtd_miner_public_site/review/originals/rwtd_256.jpg,/home/galoren/rwtd_miner_public_site/review/masks/rwtd_256.jpg,2,2,False,,0.07407407407407407,0.029940119760479042,0.042643923240938165,0.00823974609375,/home/galoren/Detecture/texture_kseg_ade_pretrain/runs/edge_sota_v1/viz/rwtd/rwtd_256.png,/home/galoren/Detecture/texture_kseg_ade_pretrain/runs/edge_sota_v1/viz/rwtd/assets/original/rwtd_256.png,/home/galoren/Detecture/texture_kseg_ade_pretrain/runs/edge_sota_v1/viz/rwtd/assets/gt_edges/rwtd_256.png,/home/galoren/Detecture/texture_kseg_ade_pretrain/runs/edge_sota_v1/viz/rwtd/assets/pred_edges/rwtd_256.png,/home/galoren/Detecture/texture_kseg_ade_pretrain/runs/edge_sota_v1/viz/rwtd/assets/edge_overlays/rwtd_256.png
rwtd_257,/home/galoren/rwtd_miner_public_site/review/originals/rwtd_257.jpg,/home/galoren/rwtd_miner_public_site/review/masks/rwtd_257.jpg,2,2,False,,0.1794871794871795,0.002623688155922039,0.005171776874769118,0.0005950927734375,/home/galoren/Detecture/texture_kseg_ade_pretrain/runs/edge_sota_v1/viz/rwtd/rwtd_257.png,/home/galoren/Detecture/texture_kseg_ade_pretrain/runs/edge_sota_v1/viz/rwtd/assets/original/rwtd_257.png,/home/galoren/Detecture/texture_kseg_ade_pretrain/runs/edge_sota_v1/viz/rwtd/assets/gt_edges/rwtd_257.png,/home/galoren/Detecture/texture_kseg_ade_pretrain/runs/edge_sota_v1/viz/rwtd/assets/pred_edges/rwtd_257.png,/home/galoren/Detecture/texture_kseg_ade_pretrain/runs/edge_sota_v1/viz/rwtd/assets/edge_overlays/rwtd_257.png
rwtd_258,/home/galoren/rwtd_miner_public_site/review/originals/rwtd_258.jpg,/home/galoren/rwtd_miner_public_site/review/masks/rwtd_258.jpg,2,2,False,,0.1570533948582729,0.4442890442890443,0.23207110678193107,0.09259033203125,/home/galoren/Detecture/texture_kseg_ade_pretrain/runs/edge_sota_v1/viz/rwtd/rwtd_258.png,/home/galoren/Detecture/texture_kseg_ade_pretrain/runs/edge_sota_v1/viz/rwtd/assets/original/rwtd_258.png,/home/galoren/Detecture/texture_kseg_ade_pretrain/runs/edge_sota_v1/viz/rwtd/assets/gt_edges/rwtd_258.png,/home/galoren/Detecture/texture_kseg_ade_pretrain/runs/edge_sota_v1/viz/rwtd/assets/pred_edges/rwtd_258.png,/home/galoren/Detecture/texture_kseg_ade_pretrain/runs/edge_sota_v1/viz/rwtd/assets/edge_overlays/rwtd_258.png
rwtd_259,/home/galoren/rwtd_miner_public_site/review/originals/rwtd_259.jpg,/home/galoren/rwtd_miner_public_site/review/masks/rwtd_259.jpg,2,2,False,,0.2704232087351558,0.9130785791173305,0.41726618705035967,0.1914520263671875,/home/galoren/Detecture/texture_kseg_ade_pretrain/runs/edge_sota_v1/viz/rwtd/rwtd_259.png,/home/galoren/Detecture/texture_kseg_ade_pretrain/runs/edge_sota_v1/viz/rwtd/assets/original/rwtd_259.png,/home/galoren/Detecture/texture_kseg_ade_pretrain/runs/edge_sota_v1/viz/rwtd/assets/gt_edges/rwtd_259.png,/home/galoren/Detecture/texture_kseg_ade_pretrain/runs/edge_sota_v1/viz/rwtd/assets/pred_edges/rwtd_259.png,/home/galoren/Detecture/texture_kseg_ade_pretrain/runs/edge_sota_v1/viz/rwtd/assets/edge_overlays/rwtd_259.png
rwtd_260,/home/galoren/rwtd_miner_public_site/review/originals/rwtd_260.jpg,/home/galoren/rwtd_miner_public_site/review/masks/rwtd_260.jpg,2,2,False,,0.29911373707533234,0.2402135231316726,0.2664473684210526,0.020660400390625,/home/galoren/Detecture/texture_kseg_ade_pretrain/runs/edge_sota_v1/viz/rwtd/rwtd_260.png,/home/galoren/Detecture/texture_kseg_ade_pretrain/runs/edge_sota_v1/viz/rwtd/assets/original/rwtd_260.png,/home/galoren/Detecture/texture_kseg_ade_pretrain/runs/edge_sota_v1/viz/rwtd/assets/gt_edges/rwtd_260.png,/home/galoren/Detecture/texture_kseg_ade_pretrain/runs/edge_sota_v1/viz/rwtd/assets/pred_edges/rwtd_260.png,/home/galoren/Detecture/texture_kseg_ade_pretrain/runs/edge_sota_v1/viz/rwtd/assets/edge_overlays/rwtd_260.png
rwtd_261,/home/galoren/rwtd_miner_public_site/review/originals/rwtd_261.jpg,/home/galoren/rwtd_miner_public_site/review/masks/rwtd_261.jpg,2,2,False,,0.4775641025641026,0.09675324675324676,0.16090712742980562,0.0047607421875,/home/galoren/Detecture/texture_kseg_ade_pretrain/runs/edge_sota_v1/viz/rwtd/rwtd_261.png,/home/galoren/Detecture/texture_kseg_ade_pretrain/runs/edge_sota_v1/viz/rwtd/assets/original/rwtd_261.png,/home/galoren/Detecture/texture_kseg_ade_pretrain/runs/edge_sota_v1/viz/rwtd/assets/gt_edges/rwtd_261.png,/home/galoren/Detecture/texture_kseg_ade_pretrain/runs/edge_sota_v1/viz/rwtd/assets/pred_edges/rwtd_261.png,/home/galoren/Detecture/texture_kseg_ade_pretrain/runs/edge_sota_v1/viz/rwtd/assets/edge_overlays/rwtd_261.png
rwtd_262,/home/galoren/rwtd_miner_public_site/review/originals/rwtd_262.jpg,/home/galoren/rwtd_miner_public_site/review/masks/rwtd_262.jpg,2,2,False,,0.177958606049885,0.8307184145334434,0.2931235431235431,0.0862579345703125,/home/galoren/Detecture/texture_kseg_ade_pretrain/runs/edge_sota_v1/viz/rwtd/rwtd_262.png,/home/galoren/Detecture/texture_kseg_ade_pretrain/runs/edge_sota_v1/viz/rwtd/assets/original/rwtd_262.png,/home/galoren/Detecture/texture_kseg_ade_pretrain/runs/edge_sota_v1/viz/rwtd/assets/gt_edges/rwtd_262.png,/home/galoren/Detecture/texture_kseg_ade_pretrain/runs/edge_sota_v1/viz/rwtd/assets/pred_edges/rwtd_262.png,/home/galoren/Detecture/texture_kseg_ade_pretrain/runs/edge_sota_v1/viz/rwtd/assets/edge_overlays/rwtd_262.png
rwtd_263,/home/galoren/rwtd_miner_public_site/review/originals/rwtd_263.jpg,/home/galoren/rwtd_miner_public_site/review/masks/rwtd_263.jpg,2,2,False,,0.133364312267658,0.7458419958419958,0.22626931567328917,0.1641845703125,/home/galoren/Detecture/texture_kseg_ade_pretrain/runs/edge_sota_v1/viz/rwtd/rwtd_263.png,/home/galoren/Detecture/texture_kseg_ade_pretrain/runs/edge_sota_v1/viz/rwtd/assets/original/rwtd_263.png,/home/galoren/Detecture/texture_kseg_ade_pretrain/runs/edge_sota_v1/viz/rwtd/assets/gt_edges/rwtd_263.png,/home/galoren/Detecture/texture_kseg_ade_pretrain/runs/edge_sota_v1/viz/rwtd/assets/pred_edges/rwtd_263.png,/home/galoren/Detecture/texture_kseg_ade_pretrain/runs/edge_sota_v1/viz/rwtd/assets/edge_overlays/rwtd_263.png
rwtd_265,/home/galoren/rwtd_miner_public_site/review/originals/rwtd_265.jpg,/home/galoren/rwtd_miner_public_site/review/masks/rwtd_265.jpg,2,2,False,,0.07659720632012823,0.20041941282204914,0.11083499005964215,0.133270263671875,/home/galoren/Detecture/texture_kseg_ade_pretrain/runs/edge_sota_v1/viz/rwtd/rwtd_265.png,/home/galoren/Detecture/texture_kseg_ade_pretrain/runs/edge_sota_v1/viz/rwtd/assets/original/rwtd_265.png,/home/galoren/Detecture/texture_kseg_ade_pretrain/runs/edge_sota_v1/viz/rwtd/assets/gt_edges/rwtd_265.png,/home/galoren/Detecture/texture_kseg_ade_pretrain/runs/edge_sota_v1/viz/rwtd/assets/pred_edges/rwtd_265.png,/home/galoren/Detecture/texture_kseg_ade_pretrain/runs/edge_sota_v1/viz/rwtd/assets/edge_overlays/rwtd_265.png
rwtd_268,/home/galoren/rwtd_miner_public_site/review/originals/rwtd_268.jpg,/home/galoren/rwtd_miner_public_site/review/masks/rwtd_268.jpg,2,2,False,,0.025747229374230383,0.12445887445887446,0.042667656061589836,0.1363067626953125,/home/galoren/Detecture/texture_kseg_ade_pretrain/runs/edge_sota_v1/viz/rwtd/rwtd_268.png,/home/galoren/Detecture/texture_kseg_ade_pretrain/runs/edge_sota_v1/viz/rwtd/assets/original/rwtd_268.png,/home/galoren/Detecture/texture_kseg_ade_pretrain/runs/edge_sota_v1/viz/rwtd/assets/gt_edges/rwtd_268.png,/home/galoren/Detecture/texture_kseg_ade_pretrain/runs/edge_sota_v1/viz/rwtd/assets/pred_edges/rwtd_268.png,/home/galoren/Detecture/texture_kseg_ade_pretrain/runs/edge_sota_v1/viz/rwtd/assets/edge_overlays/rwtd_268.png
rwtd_269,/home/galoren/rwtd_miner_public_site/review/originals/rwtd_269.jpg,/home/galoren/rwtd_miner_public_site/review/masks/rwtd_269.jpg,2,2,False,,0.07848282442748092,0.34414225941422594,0.12781662781662784,0.1279296875,/home/galoren/Detecture/texture_kseg_ade_pretrain/runs/edge_sota_v1/viz/rwtd/rwtd_269.png,/home/galoren/Detecture/texture_kseg_ade_pretrain/runs/edge_sota_v1/viz/rwtd/assets/original/rwtd_269.png,/home/galoren/Detecture/texture_kseg_ade_pretrain/runs/edge_sota_v1/viz/rwtd/assets/gt_edges/rwtd_269.png,/home/galoren/Detecture/texture_kseg_ade_pretrain/runs/edge_sota_v1/viz/rwtd/assets/pred_edges/rwtd_269.png,/home/galoren/Detecture/texture_kseg_ade_pretrain/runs/edge_sota_v1/viz/rwtd/assets/edge_overlays/rwtd_269.png
rwtd_27,/home/galoren/rwtd_miner_public_site/review/originals/rwtd_27.jpg,/home/galoren/rwtd_miner_public_site/review/masks/rwtd_27.jpg,4,4,False,,0.18892900120336945,0.030019120458891012,0.051806632568883015,0.0126800537109375,/home/galoren/Detecture/texture_kseg_ade_pretrain/runs/edge_sota_v1/viz/rwtd/rwtd_27.png,/home/galoren/Detecture/texture_kseg_ade_pretrain/runs/edge_sota_v1/viz/rwtd/assets/original/rwtd_27.png,/home/galoren/Detecture/texture_kseg_ade_pretrain/runs/edge_sota_v1/viz/rwtd/assets/gt_edges/rwtd_27.png,/home/galoren/Detecture/texture_kseg_ade_pretrain/runs/edge_sota_v1/viz/rwtd/assets/pred_edges/rwtd_27.png,/home/galoren/Detecture/texture_kseg_ade_pretrain/runs/edge_sota_v1/viz/rwtd/assets/edge_overlays/rwtd_27.png
rwtd_270,/home/galoren/rwtd_miner_public_site/review/originals/rwtd_270.jpg,/home/galoren/rwtd_miner_public_site/review/masks/rwtd_270.jpg,2,2,False,,0.236664162283997,0.5062274005624748,0.3225393574811212,0.08123779296875,/home/galoren/Detecture/texture_kseg_ade_pretrain/runs/edge_sota_v1/viz/rwtd/rwtd_270.png,/home/galoren/Detecture/texture_kseg_ade_pretrain/runs/edge_sota_v1/viz/rwtd/assets/original/rwtd_270.png,/home/galoren/Detecture/texture_kseg_ade_pretrain/runs/edge_sota_v1/viz/rwtd/assets/gt_edges/rwtd_270.png,/home/galoren/Detecture/texture_kseg_ade_pretrain/runs/edge_sota_v1/viz/rwtd/assets/pred_edges/rwtd_270.png,/home/galoren/Detecture/texture_kseg_ade_pretrain/runs/edge_sota_v1/viz/rwtd/assets/edge_overlays/rwtd_270.png
rwtd_274,/home/galoren/rwtd_miner_public_site/review/originals/rwtd_274.jpg,/home/galoren/rwtd_miner_public_site/review/masks/rwtd_274.jpg,2,2,False,,0.0,0.0,0.0,0.000244140625,/home/galoren/Detecture/texture_kseg_ade_pretrain/runs/edge_sota_v1/viz/rwtd/rwtd_274.png,/home/galoren/Detecture/texture_kseg_ade_pretrain/runs/edge_sota_v1/viz/rwtd/assets/original/rwtd_274.png,/home/galoren/Detecture/texture_kseg_ade_pretrain/runs/edge_sota_v1/viz/rwtd/assets/gt_edges/rwtd_274.png,/home/galoren/Detecture/texture_kseg_ade_pretrain/runs/edge_sota_v1/viz/rwtd/assets/pred_edges/rwtd_274.png,/home/galoren/Detecture/texture_kseg_ade_pretrain/runs/edge_sota_v1/viz/rwtd/assets/edge_overlays/rwtd_274.png
rwtd_276,/home/galoren/rwtd_miner_public_site/review/originals/rwtd_276.jpg,/home/galoren/rwtd_miner_public_site/review/masks/rwtd_276.jpg,2,2,False,,0.17585508550855086,0.7363957597173145,0.2839108124063394,0.271240234375,/home/galoren/Detecture/texture_kseg_ade_pretrain/runs/edge_sota_v1/viz/rwtd/rwtd_276.png,/home/galoren/Detecture/texture_kseg_ade_pretrain/runs/edge_sota_v1/viz/rwtd/assets/original/rwtd_276.png,/home/galoren/Detecture/texture_kseg_ade_pretrain/runs/edge_sota_v1/viz/rwtd/assets/gt_edges/rwtd_276.png,/home/galoren/Detecture/texture_kseg_ade_pretrain/runs/edge_sota_v1/viz/rwtd/assets/pred_edges/rwtd_276.png,/home/galoren/Detecture/texture_kseg_ade_pretrain/runs/edge_sota_v1/viz/rwtd/assets/edge_overlays/rwtd_276.png
rwtd_28,/home/galoren/rwtd_miner_public_site/review/originals/rwtd_28.jpg,/home/galoren/rwtd_miner_public_site/review/masks/rwtd_28.jpg,2,2,False,,0.03488372093023256,0.001224239951030402,0.0023654642223536367,0.00262451171875,/home/galoren/Detecture/texture_kseg_ade_pretrain/runs/edge_sota_v1/viz/rwtd/rwtd_28.png,/home/galoren/Detecture/texture_kseg_ade_pretrain/runs/edge_sota_v1/viz/rwtd/assets/original/rwtd_28.png,/home/galoren/Detecture/texture_kseg_ade_pretrain/runs/edge_sota_v1/viz/rwtd/assets/gt_edges/rwtd_28.png,/home/galoren/Detecture/texture_kseg_ade_pretrain/runs/edge_sota_v1/viz/rwtd/assets/pred_edges/rwtd_28.png,/home/galoren/Detecture/texture_kseg_ade_pretrain/runs/edge_sota_v1/viz/rwtd/assets/edge_overlays/rwtd_28.png
rwtd_280,/home/galoren/rwtd_miner_public_site/review/originals/rwtd_280.jpg,/home/galoren/rwtd_miner_public_site/review/masks/rwtd_280.jpg,2,2,False,,0.0,0.0,0.0,0.0,/home/galoren/Detecture/texture_kseg_ade_pretrain/runs/edge_sota_v1/viz/rwtd/rwtd_280.png,/home/galoren/Detecture/texture_kseg_ade_pretrain/runs/edge_sota_v1/viz/rwtd/assets/original/rwtd_280.png,/home/galoren/Detecture/texture_kseg_ade_pretrain/runs/edge_sota_v1/viz/rwtd/assets/gt_edges/rwtd_280.png,/home/galoren/Detecture/texture_kseg_ade_pretrain/runs/edge_sota_v1/viz/rwtd/assets/pred_edges/rwtd_280.png,/home/galoren/Detecture/texture_kseg_ade_pretrain/runs/edge_sota_v1/viz/rwtd/assets/edge_overlays/rwtd_280.png
rwtd_281,/home/galoren/rwtd_miner_public_site/review/originals/rwtd_281.jpg,/home/galoren/rwtd_miner_public_site/review/masks/rwtd_281.jpg,2,2,False,,0.0,0.0,0.0,6.103515625e-05,/home/galoren/Detecture/texture_kseg_ade_pretrain/runs/edge_sota_v1/viz/rwtd/rwtd_281.png,/home/galoren/Detecture/texture_kseg_ade_pretrain/runs/edge_sota_v1/viz/rwtd/assets/original/rwtd_281.png,/home/galoren/Detecture/texture_kseg_ade_pretrain/runs/edge_sota_v1/viz/rwtd/assets/gt_edges/rwtd_281.png,/home/galoren/Detecture/texture_kseg_ade_pretrain/runs/edge_sota_v1/viz/rwtd/assets/pred_edges/rwtd_281.png,/home/galoren/Detecture/texture_kseg_ade_pretrain/runs/edge_sota_v1/viz/rwtd/assets/edge_overlays/rwtd_281.png
rwtd_282,/home/galoren/rwtd_miner_public_site/review/originals/rwtd_282.jpg,/home/galoren/rwtd_miner_public_site/review/masks/rwtd_282.jpg,2,2,False,,0.003243761288657894,0.023237391074729337,0.00569284512873593,0.4139556884765625,/home/galoren/Detecture/texture_kseg_ade_pretrain/runs/edge_sota_v1/viz/rwtd/rwtd_282.png,/home/galoren/Detecture/texture_kseg_ade_pretrain/runs/edge_sota_v1/viz/rwtd/assets/original/rwtd_282.png,/home/galoren/Detecture/texture_kseg_ade_pretrain/runs/edge_sota_v1/viz/rwtd/assets/gt_edges/rwtd_282.png,/home/galoren/Detecture/texture_kseg_ade_pretrain/runs/edge_sota_v1/viz/rwtd/assets/pred_edges/rwtd_282.png,/home/galoren/Detecture/texture_kseg_ade_pretrain/runs/edge_sota_v1/viz/rwtd/assets/edge_overlays/rwtd_282.png
rwtd_288,/home/galoren/rwtd_miner_public_site/review/originals/rwtd_288.jpg,/home/galoren/rwtd_miner_public_site/review/masks/rwtd_288.jpg,2,2,False,,0.6427419354838709,0.26286279683377306,0.37312734082397003,0.0189208984375,/home/galoren/Detecture/texture_kseg_ade_pretrain/runs/edge_sota_v1/viz/rwtd/rwtd_288.png,/home/galoren/Detecture/texture_kseg_ade_pretrain/runs/edge_sota_v1/viz/rwtd/assets/original/rwtd_288.png,/home/galoren/Detecture/texture_kseg_ade_pretrain/runs/edge_sota_v1/viz/rwtd/assets/gt_edges/rwtd_288.png,/home/galoren/Detecture/texture_kseg_ade_pretrain/runs/edge_sota_v1/viz/rwtd/assets/pred_edges/rwtd_288.png,/home/galoren/Detecture/texture_kseg_ade_pretrain/runs/edge_sota_v1/viz/rwtd/assets/edge_overlays/rwtd_288.png
rwtd_293,/home/galoren/rwtd_miner_public_site/review/originals/rwtd_293.jpg,/home/galoren/rwtd_miner_public_site/review/masks/rwtd_293.jpg,2,2,False,,0.0,0.0,0.0,0.0001983642578125,/home/galoren/Detecture/texture_kseg_ade_pretrain/runs/edge_sota_v1/viz/rwtd/rwtd_293.png,/home/galoren/Detecture/texture_kseg_ade_pretrain/runs/edge_sota_v1/viz/rwtd/assets/original/rwtd_293.png,/home/galoren/Detecture/texture_kseg_ade_pretrain/runs/edge_sota_v1/viz/rwtd/assets/gt_edges/rwtd_293.png,/home/galoren/Detecture/texture_kseg_ade_pretrain/runs/edge_sota_v1/viz/rwtd/assets/pred_edges/rwtd_293.png,/home/galoren/Detecture/texture_kseg_ade_pretrain/runs/edge_sota_v1/viz/rwtd/assets/edge_overlays/rwtd_293.png
rwtd_294,/home/galoren/rwtd_miner_public_site/review/originals/rwtd_294.jpg,/home/galoren/rwtd_miner_public_site/review/masks/rwtd_294.jpg,2,2,False,,0.25132978723404253,0.1924643584521385,0.2179930795847751,0.02294921875,/home/galoren/Detecture/texture_kseg_ade_pretrain/runs/edge_sota_v1/viz/rwtd/rwtd_294.png,/home/galoren/Detecture/texture_kseg_ade_pretrain/runs/edge_sota_v1/viz/rwtd/assets/original/rwtd_294.png,/home/galoren/Detecture/texture_kseg_ade_pretrain/runs/edge_sota_v1/viz/rwtd/assets/gt_edges/rwtd_294.png,/home/galoren/Detecture/texture_kseg_ade_pretrain/runs/edge_sota_v1/viz/rwtd/assets/pred_edges/rwtd_294.png,/home/galoren/Detecture/texture_kseg_ade_pretrain/runs/edge_sota_v1/viz/rwtd/assets/edge_overlays/rwtd_294.png
rwtd_299,/home/galoren/rwtd_miner_public_site/review/originals/rwtd_299.jpg,/home/galoren/rwtd_miner_public_site/review/masks/rwtd_299.jpg,2,2,False,,0.0,0.0,0.0,0.00140380859375,/home/galoren/Detecture/texture_kseg_ade_pretrain/runs/edge_sota_v1/viz/rwtd/rwtd_299.png,/home/galoren/Detecture/texture_kseg_ade_pretrain/runs/edge_sota_v1/viz/rwtd/assets/original/rwtd_299.png,/home/galoren/Detecture/texture_kseg_ade_pretrain/runs/edge_sota_v1/viz/rwtd/assets/gt_edges/rwtd_299.png,/home/galoren/Detecture/texture_kseg_ade_pretrain/runs/edge_sota_v1/viz/rwtd/assets/pred_edges/rwtd_299.png,/home/galoren/Detecture/texture_kseg_ade_pretrain/runs/edge_sota_v1/viz/rwtd/assets/edge_overlays/rwtd_299.png
rwtd_3,/home/galoren/rwtd_miner_public_site/review/originals/rwtd_3.jpg,/home/galoren/rwtd_miner_public_site/review/masks/rwtd_3.jpg,2,2,False,,0.2222452146921883,0.6487466022349744,0.3310727496917386,0.1474761962890625,/home/galoren/Detecture/texture_kseg_ade_pretrain/runs/edge_sota_v1/viz/rwtd/rwtd_3.png,/home/galoren/Detecture/texture_kseg_ade_pretrain/runs/edge_sota_v1/viz/rwtd/assets/original/rwtd_3.png,/home/galoren/Detecture/texture_kseg_ade_pretrain/runs/edge_sota_v1/viz/rwtd/assets/gt_edges/rwtd_3.png,/home/galoren/Detecture/texture_kseg_ade_pretrain/runs/edge_sota_v1/viz/rwtd/assets/pred_edges/rwtd_3.png,/home/galoren/Detecture/texture_kseg_ade_pretrain/runs/edge_sota_v1/viz/rwtd/assets/edge_overlays/rwtd_3.png
rwtd_30,/home/galoren/rwtd_miner_public_site/review/originals/rwtd_30.jpg,/home/galoren/rwtd_miner_public_site/review/masks/rwtd_30.jpg,2,2,False,,0.07416462917685411,0.01669112252384446,0.027249588261715828,0.0187225341796875,/home/galoren/Detecture/texture_kseg_ade_pretrain/runs/edge_sota_v1/viz/rwtd/rwtd_30.png,/home/galoren/Detecture/texture_kseg_ade_pretrain/runs/edge_sota_v1/viz/rwtd/assets/original/rwtd_30.png,/home/galoren/Detecture/texture_kseg_ade_pretrain/runs/edge_sota_v1/viz/rwtd/assets/gt_edges/rwtd_30.png,/home/galoren/Detecture/texture_kseg_ade_pretrain/runs/edge_sota_v1/viz/rwtd/assets/pred_edges/rwtd_30.png,/home/galoren/Detecture/texture_kseg_ade_pretrain/runs/edge_sota_v1/viz/rwtd/assets/edge_overlays/rwtd_30.png
rwtd_300,/home/galoren/rwtd_miner_public_site/review/originals/rwtd_300.jpg,/home/galoren/rwtd_miner_public_site/review/masks/rwtd_300.jpg,2,2,False,,0.2348532167395378,0.21746674378253325,0.22582582582582583,0.0244293212890625,/home/galoren/Detecture/texture_kseg_ade_pretrain/runs/edge_sota_v1/viz/rwtd/rwtd_300.png,/home/galoren/Detecture/texture_kseg_ade_pretrain/runs/edge_sota_v1/viz/rwtd/assets/original/rwtd_300.png,/home/galoren/Detecture/texture_kseg_ade_pretrain/runs/edge_sota_v1/viz/rwtd/assets/gt_edges/rwtd_300.png,/home/galoren/Detecture/texture_kseg_ade_pretrain/runs/edge_sota_v1/viz/rwtd/assets/pred_edges/rwtd_300.png,/home/galoren/Detecture/texture_kseg_ade_pretrain/runs/edge_sota_v1/viz/rwtd/assets/edge_overlays/rwtd_300.png
rwtd_302,/home/galoren/rwtd_miner_public_site/review/originals/rwtd_302.jpg,/home/galoren/rwtd_miner_public_site/review/masks/rwtd_302.jpg,2,2,False,,0.8401826484018264,0.09416581371545547,0.1693511274735389,0.0033416748046875,/home/galoren/Detecture/texture_kseg_ade_pretrain/runs/edge_sota_v1/viz/rwtd/rwtd_302.png,/home/galoren/Detecture/texture_kseg_ade_pretrain/runs/edge_sota_v1/viz/rwtd/assets/original/rwtd_302.png,/home/galoren/Detecture/texture_kseg_ade_pretrain/runs/edge_sota_v1/viz/rwtd/assets/gt_edges/rwtd_302.png,/home/galoren/Detecture/texture_kseg_ade_pretrain/runs/edge_sota_v1/viz/rwtd/assets/pred_edges/rwtd_302.png,/home/galoren/Detecture/texture_kseg_ade_pretrain/runs/edge_sota_v1/viz/rwtd/assets/edge_overlays/rwtd_302.png
rwtd_303,/home/galoren/rwtd_miner_public_site/review/originals/rwtd_303.jpg,/home/galoren/rwtd_miner_public_site/review/masks/rwtd_303.jpg,2,2,False,,0.6963350785340314,0.07665706051873199,0.13811007268951195,0.0029144287109375,/home/galoren/Detecture/texture_kseg_ade_pretrain/runs/edge_sota_v1/viz/rwtd/rwtd_303.png,/home/galoren/Detecture/texture_kseg_ade_pretrain/runs/edge_sota_v1/viz/rwtd/assets/original/rwtd_303.png,/home/galoren/Detecture/texture_kseg_ade_pretrain/runs/edge_sota_v1/viz/rwtd/assets/gt_edges/rwtd_303.png,/home/galoren/Detecture/texture_kseg_ade_pretrain/runs/edge_sota_v1/viz/rwtd/assets/pred_edges/rwtd_303.png,/home/galoren/Detecture/texture_kseg_ade_pretrain/runs/edge_sota_v1/viz/rwtd/assets/edge_overlays/rwtd_303.png
rwtd_304,/home/galoren/rwtd_miner_public_site/review/originals/rwtd_304.jpg,/home/galoren/rwtd_miner_public_site/review/masks/rwtd_304.jpg,2,2,False,,0.16037735849056603,0.0052404438964241675,0.010149253731343283,0.001617431640625,/home/galoren/Detecture/texture_kseg_ade_pretrain/runs/edge_sota_v1/viz/rwtd/rwtd_304.png,/home/galoren/Detecture/texture_kseg_ade_pretrain/runs/edge_sota_v1/viz/rwtd/assets/original/rwtd_304.png,/home/galoren/Detecture/texture_kseg_ade_pretrain/runs/edge_sota_v1/viz/rwtd/assets/gt_edges/rwtd_304.png,/home/galoren/Detecture/texture_kseg_ade_pretrain/runs/edge_sota_v1/viz/rwtd/assets/pred_edges/rwtd_304.png,/home/galoren/Detecture/texture_kseg_ade_pretrain/runs/edge_sota_v1/viz/rwtd/assets/edge_overlays/rwtd_304.png
rwtd_308,/home/galoren/rwtd_miner_public_site/review/originals/rwtd_308.jpg,/home/galoren/rwtd_miner_public_site/review/masks/rwtd_308.jpg,2,2,False,,0.15051624514540116,0.3302847640823114,0.20679333680374806,0.1610870361328125,/home/galoren/Detecture/texture_kseg_ade_pretrain/runs/edge_sota_v1/viz/rwtd/rwtd_308.png,/home/galoren/Detecture/texture_kseg_ade_pretrain/runs/edge_sota_v1/viz/rwtd/assets/original/rwtd_308.png,/home/galoren/Detecture/texture_kseg_ade_pretrain/runs/edge_sota_v1/viz/rwtd/assets/gt_edges/rwtd_308.png,/home/galoren/Detecture/texture_kseg_ade_pretrain/runs/edge_sota_v1/viz/rwtd/assets/pred_edges/rwtd_308.png,/home/galoren/Detecture/texture_kseg_ade_pretrain/runs/edge_sota_v1/viz/rwtd/assets/edge_overlays/rwtd_308.png
rwtd_310,/home/galoren/rwtd_miner_public_site/review/originals/rwtd_310.jpg,/home/galoren/rwtd_miner_public_site/review/masks/rwtd_310.jpg,2,2,False,,0.34095953559842923,0.8055667607906414,0.47912667946257204,0.0893707275390625,/home/galoren/Detecture/texture_kseg_ade_pretrain/runs/edge_sota_v1/viz/rwtd/rwtd_310.png,/home/galoren/Detecture/texture_kseg_ade_pretrain/runs/edge_sota_v1/viz/rwtd/assets/original/rwtd_310.png,/home/galoren/Detecture/texture_kseg_ade_pretrain/runs/edge_sota_v1/viz/rwtd/assets/gt_edges/rwtd_310.png,/home/galoren/Detecture/texture_kseg_ade_pretrain/runs/edge_sota_v1/viz/rwtd/assets/pred_edges/rwtd_310.png,/home/galoren/Detecture/texture_kseg_ade_pretrain/runs/edge_sota_v1/viz/rwtd/assets/edge_overlays/rwtd_310.png
rwtd_311,/home/galoren/rwtd_miner_public_site/review/originals/rwtd_311.jpg,/home/galoren/rwtd_miner_public_site/review/masks/rwtd_311.jpg,2,2,False,,0.3207100591715976,0.7429180627474871,0.4480161645848641,0.1160430908203125,/home/galoren/Detecture/texture_kseg_ade_pretrain/runs/edge_sota_v1/viz/rwtd/rwtd_311.png,/home/galoren/Detecture/texture_kseg_ade_pretrain/runs/edge_sota_v1/viz/rwtd/assets/original/rwtd_311.png,/home/galoren/Detecture/texture_kseg_ade_pretrain/runs/edge_sota_v1/viz/rwtd/assets/gt_edges/rwtd_311.png,/home/galoren/Detecture/texture_kseg_ade_pretrain/runs/edge_sota_v1/viz/rwtd/assets/pred_edges/rwtd_311.png,/home/galoren/Detecture/texture_kseg_ade_pretrain/runs/edge_sota_v1/viz/rwtd/assets/edge_overlays/rwtd_311.png
rwtd_315,/home/galoren/rwtd_miner_public_site/review/originals/rwtd_315.jpg,/home/galoren/rwtd_miner_public_site/review/masks/rwtd_315.jpg,2,2,False,,0.0,0.0,0.0,0.0,/home/galoren/Detecture/texture_kseg_ade_pretrain/runs/edge_sota_v1/viz/rwtd/rwtd_315.png,/home/galoren/Detecture/texture_kseg_ade_pretrain/runs/edge_sota_v1/viz/rwtd/assets/original/rwtd_315.png,/home/galoren/Detecture/texture_kseg_ade_pretrain/runs/edge_sota_v1/viz/rwtd/assets/gt_edges/rwtd_315.png,/home/galoren/Detecture/texture_kseg_ade_pretrain/runs/edge_sota_v1/viz/rwtd/assets/pred_edges/rwtd_315.png,/home/galoren/Detecture/texture_kseg_ade_pretrain/runs/edge_sota_v1/viz/rwtd/assets/edge_overlays/rwtd_315.png
rwtd_318,/home/galoren/rwtd_miner_public_site/review/originals/rwtd_318.jpg,/home/galoren/rwtd_miner_public_site/review/masks/rwtd_318.jpg,2,2,False,,0.05989773557341125,0.025713389777359673,0.035980693286529176,0.0208892822265625,/home/galoren/Detecture/texture_kseg_ade_pretrain/runs/edge_sota_v1/viz/rwtd/rwtd_318.png,/home/galoren/Detecture/texture_kseg_ade_pretrain/runs/edge_sota_v1/viz/rwtd/assets/original/rwtd_318.png,/home/galoren/Detecture/texture_kseg_ade_pretrain/runs/edge_sota_v1/viz/rwtd/assets/gt_edges/rwtd_318.png,/home/galoren/Detecture/texture_kseg_ade_pretrain/runs/edge_sota_v1/viz/rwtd/assets/pred_edges/rwtd_318.png,/home/galoren/Detecture/texture_kseg_ade_pretrain/runs/edge_sota_v1/viz/rwtd/assets/edge_overlays/rwtd_318.png
rwtd_319,/home/galoren/rwtd_miner_public_site/review/originals/rwtd_319.jpg,/home/galoren/rwtd_miner_public_site/review/masks/rwtd_319.jpg,2,2,False,,0.36433566433566433,0.44208739923631735,0.39946329308031436,0.04364013671875,/home/galoren/Detecture/texture_kseg_ade_pretrain/runs/edge_sota_v1/viz/rwtd/rwtd_319.png,/home/galoren/Detecture/texture_kseg_ade_pretrain/runs/edge_sota_v1/viz/rwtd/assets/original/rwtd_319.png,/home/galoren/Detecture/texture_kseg_ade_pretrain/runs/edge_sota_v1/viz/rwtd/assets/gt_edges/rwtd_319.png,/home/galoren/Detecture/texture_kseg_ade_pretrain/runs/edge_sota_v1/viz/rwtd/assets/pred_edges/rwtd_319.png,/home/galoren/Detecture/texture_kseg_ade_pretrain/runs/edge_sota_v1/viz/rwtd/assets/edge_overlays/rwtd_319.png
rwtd_321,/home/galoren/rwtd_miner_public_site/review/originals/rwtd_321.jpg,/home/galoren/rwtd_miner_public_site/review/masks/rwtd_321.jpg,3,3,False,,0.07614284708036909,0.2960021905805038,0.1211272340187125,0.2166290283203125,/home/galoren/Detecture/texture_kseg_ade_pretrain/runs/edge_sota_v1/viz/rwtd/rwtd_321.png,/home/galoren/Detecture/texture_kseg_ade_pretrain/runs/edge_sota_v1/viz/rwtd/assets/original/rwtd_321.png,/home/galoren/Detecture/texture_kseg_ade_pretrain/runs/edge_sota_v1/viz/rwtd/assets/gt_edges/rwtd_321.png,/home/galoren/Detecture/texture_kseg_ade_pretrain/runs/edge_sota_v1/viz/rwtd/assets/pred_edges/rwtd_321.png,/home/galoren/Detecture/texture_kseg_ade_pretrain/runs/edge_sota_v1/viz/rwtd/assets/edge_overlays/rwtd_321.png
rwtd_322,/home/galoren/rwtd_miner_public_site/review/originals/rwtd_322.jpg,/home/galoren/rwtd_miner_public_site/review/masks/rwtd_322.jpg,2,2,False,,0.17787075778707578,0.45515108256007614,0.2557828586709453,0.1641082763671875,/home/galoren/Detecture/texture_kseg_ade_pretrain/runs/edge_sota_v1/viz/rwtd/rwtd_322.png,/home/galoren/Detecture/texture_kseg_ade_pretrain/runs/edge_sota_v1/viz/rwtd/assets/original/rwtd_322.png,/home/galoren/Detecture/texture_kseg_ade_pretrain/runs/edge_sota_v1/viz/rwtd/assets/gt_edges/rwtd_322.png,/home/galoren/Detecture/texture_kseg_ade_pretrain/runs/edge_sota_v1/viz/rwtd/assets/pred_edges/rwtd_322.png,/home/galoren/Detecture/texture_kseg_ade_pretrain/runs/edge_sota_v1/viz/rwtd/assets/edge_overlays/rwtd_322.png
rwtd_323,/home/galoren/rwtd_miner_public_site/review/originals/rwtd_323.jpg,/home/galoren/rwtd_miner_public_site/review/masks/rwtd_323.jpg,2,2,False,,0.31306628516928947,0.32000974896417256,0.31649993973725443,0.063995361328125,/home/galoren/Detecture/texture_kseg_ade_pretrain/runs/edge_sota_v1/viz/rwtd/rwtd_323.png,/home/galoren/Detecture/texture_kseg_ade_pretrain/runs/edge_sota_v1/viz/rwtd/assets/original/rwtd_323.png,/home/galoren/Detecture/texture_kseg_ade_pretrain/runs/edge_sota_v1/viz/rwtd/assets/gt_edges/rwtd_323.png,/home/galoren/Detecture/texture_kseg_ade_pretrain/runs/edge_sota_v1/viz/rwtd/assets/pred_edges/rwtd_323.png,/home/galoren/Detecture/texture_kseg_ade_pretrain/runs/edge_sota_v1/viz/rwtd/assets/edge_overlays/rwtd_323.png
rwtd_324,/home/galoren/rwtd_miner_public_site/review/originals/rwtd_324.jpg,/home/galoren/rwtd_miner_public_site/review/masks/rwtd_324.jpg,2,2,False,,0.4722222222222222,0.02131216046803176,0.04078368652538985,0.00164794921875,/home/galoren/Detecture/texture_kseg_ade_pretrain/runs/edge_sota_v1/viz/rwtd/rwtd_324.png,/home/galoren/Detecture/texture_kseg_ade_pretrain/runs/edge_sota_v1/viz/rwtd/assets/original/rwtd_324.png,/home/galoren/Detecture/texture_kseg_ade_pretrain/runs/edge_sota_v1/viz/rwtd/assets/gt_edges/rwtd_324.png,/home/galoren/Detecture/texture_kseg_ade_pretrain/runs/edge_sota_v1/viz/rwtd/assets/pred_edges/rwtd_324.png,/home/galoren/Detecture/texture_kseg_ade_pretrain/runs/edge_sota_v1/viz/rwtd/assets/edge_overlays/rwtd_324.png
rwtd_325,/home/galoren/rwtd_miner_public_site/review/originals/rwtd_325.jpg,/home/galoren/rwtd_miner_public_site/review/masks/rwtd_325.jpg,3,3,False,,0.09591965455339382,0.4376798760239097,0.15735434574976123,0.3144989013671875,/home/galoren/Detecture/texture_kseg_ade_pretrain/runs/edge_sota_v1/viz/rwtd/rwtd_325.png,/home/galoren/Detecture/texture_kseg_ade_pretrain/runs/edge_sota_v1/viz/rwtd/assets/original/rwtd_325.png,/home/galoren/Detecture/texture_kseg_ade_pretrain/runs/edge_sota_v1/viz/rwtd/assets/gt_edges/rwtd_325.png,/home/galoren/Detecture/texture_kseg_ade_pretrain/runs/edge_sota_v1/viz/rwtd/assets/pred_edges/rwtd_325.png,/home/galoren/Detecture/texture_kseg_ade_pretrain/runs/edge_sota_v1/viz/rwtd/assets/edge_overlays/rwtd_325.png
rwtd_327,/home/galoren/rwtd_miner_public_site/review/originals/rwtd_327.jpg,/home/galoren/rwtd_miner_public_site/review/masks/rwtd_327.jpg,2,2,False,,0.003913894324853229,0.001083717149823896,0.0016974326331423723,0.015594482421875,/home/galoren/Detecture/texture_kseg_ade_pretrain/runs/edge_sota_v1/viz/rwtd/rwtd_327.png,/home/galoren/Detecture/texture_kseg_ade_pretrain/runs/edge_sota_v1/viz/rwtd/assets/original/rwtd_327.png,/home/galoren/Detecture/texture_kseg_ade_pretrain/runs/edge_sota_v1/viz/rwtd/assets/gt_edges/rwtd_327.png,/home/galoren/Detecture/texture_kseg_ade_pretrain/runs/edge_sota_v1/viz/rwtd/assets/pred_edges/rwtd_327.png,/home/galoren/Detecture/texture_kseg_ade_pretrain/runs/edge_sota_v1/viz/rwtd/assets/edge_overlays/rwtd_327.png
rwtd_328,/home/galoren/rwtd_miner_public_site/review/originals/rwtd_328.jpg,/home/galoren/rwtd_miner_public_site/review/masks/rwtd_328.jpg,2,2,False,,0.09842811846454834,0.3804432855280313,0.1563940400900418,0.2261810302734375,/home/galoren/Detecture/texture_kseg_ade_pretrain/runs/edge_sota_v1/viz/rwtd/rwtd_328.png,/home/galoren/Detecture/texture_kseg_ade_pretrain/runs/edge_sota_v1/viz/rwtd/assets/original/rwtd_328.png,/home/galoren/Detecture/texture_kseg_ade_pretrain/runs/edge_sota_v1/viz/rwtd/assets/gt_edges/rwtd_328.png,/home/galoren/Detecture/texture_kseg_ade_pretrain/runs/edge_sota_v1/viz/rwtd/assets/pred_edges/rwtd_328.png,/home/galoren/Detecture/texture_kseg_ade_pretrain/runs/edge_sota_v1/viz/rwtd/assets/edge_overlays/rwtd_328.png
rwtd_329,/home/galoren/rwtd_miner_public_site/review/originals/rwtd_329.jpg,/home/galoren/rwtd_miner_public_site/review/masks/rwtd_329.jpg,2,2,False,,0.06784011734506784,0.09401998983567678,0.07881283726214143,0.1248321533203125,/home/galoren/Detecture/texture_kseg_ade_pretrain/runs/edge_sota_v1/viz/rwtd/rwtd_329.png,/home/galoren/Detecture/texture_kseg_ade_pretrain/runs/edge_sota_v1/viz/rwtd/assets/original/rwtd_329.png,/home/galoren/Detecture/texture_kseg_ade_pretrain/runs/edge_sota_v1/viz/rwtd/assets/gt_edges/rwtd_329.png,/home/galoren/Detecture/texture_kseg_ade_pretrain/runs/edge_sota_v1/viz/rwtd/assets/pred_edges/rwtd_329.png,/home/galoren/Detecture/texture_kseg_ade_pretrain/runs/edge_sota_v1/viz/rwtd/assets/edge_overlays/rwtd_329.png
rwtd_33,/home/galoren/rwtd_miner_public_site/review/originals/rwtd_33.jpg,/home/galoren/rwtd_miner_public_site/review/masks/rwtd_33.jpg,2,2,False,,0.0,0.0,0.0,0.0,/home/galoren/Detecture/texture_kseg_ade_pretrain/runs/edge_sota_v1/viz/rwtd/rwtd_33.png,/home/galoren/Detecture/texture_kseg_ade_pretrain/runs/edge_sota_v1/viz/rwtd/assets/original/rwtd_33.png,/home/galoren/Detecture/texture_kseg_ade_pretrain/runs/edge_sota_v1/viz/rwtd/assets/gt_edges/rwtd_33.png,/home/galoren/Detecture/texture_kseg_ade_pretrain/runs/edge_sota_v1/viz/rwtd/assets/pred_edges/rwtd_33.png,/home/galoren/Detecture/texture_kseg_ade_pretrain/runs/edge_sota_v1/viz/rwtd/assets/edge_overlays/rwtd_33.png
rwtd_330,/home/galoren/rwtd_miner_public_site/review/originals/rwtd_330.jpg,/home/galoren/rwtd_miner_public_site/review/masks/rwtd_330.jpg,2,2,False,,0.4681647940074906,0.02335139174294788,0.04448398576512456,0.0040740966796875,/home/galoren/Detecture/texture_kseg_ade_pretrain/runs/edge_sota_v1/viz/rwtd/rwtd_330.png,/home/galoren/Detecture/texture_kseg_ade_pretrain/runs/edge_sota_v1/viz/rwtd/assets/original/rwtd_330.png,/home/galoren/Detecture/texture_kseg_ade_pretrain/runs/edge_sota_v1/viz/rwtd/assets/gt_edges/rwtd_330.png,/home/galoren/Detecture/texture_kseg_ade_pretrain/runs/edge_sota_v1/viz/rwtd/assets/pred_edges/rwtd_330.png,/home/galoren/Detecture/texture_kseg_ade_pretrain/runs/edge_sota_v1/viz/rwtd/assets/edge_overlays/rwtd_330.png
rwtd_331,/home/galoren/rwtd_miner_public_site/review/originals/rwtd_331.jpg,/home/galoren/rwtd_miner_public_site/review/masks/rwtd_331.jpg,2,2,False,,0.14558265582655827,0.5450487012987013,0.22978869022157586,0.281524658203125,/home/galoren/Detecture/texture_kseg_ade_pretrain/runs/edge_sota_v1/viz/rwtd/rwtd_331.png,/home/galoren/Detecture/texture_kseg_ade_pretrain/runs/edge_sota_v1/viz/rwtd/assets/original/rwtd_331.png,/home/galoren/Detecture/texture_kseg_ade_pretrain/runs/edge_sota_v1/viz/rwtd/assets/gt_edges/rwtd_331.png,/home/galoren/Detecture/texture_kseg_ade_pretrain/runs/edge_sota_v1/viz/rwtd/assets/pred_edges/rwtd_331.png,/home/galoren/Detecture/texture_kseg_ade_pretrain/runs/edge_sota_v1/viz/rwtd/assets/edge_overlays/rwtd_331.png
rwtd_332,/home/galoren/rwtd_miner_public_site/review/originals/rwtd_332.jpg,/home/galoren/rwtd_miner_public_site/review/masks/rwtd_332.jpg,2,2,False,,0.06990353697749196,0.26447688564476884,0.1105798575788403,0.237274169921875,/home/galoren/Detecture/texture_kseg_ade_pretrain/runs/edge_sota_v1/viz/rwtd/rwtd_332.png,/home/galoren/Detecture/texture_kseg_ade_pretrain/runs/edge_sota_v1/viz/rwtd/assets/original/rwtd_332.png,/home/galoren/Detecture/texture_kseg_ade_pretrain/runs/edge_sota_v1/viz/rwtd/assets/gt_edges/rwtd_332.png,/home/galoren/Detecture/texture_kseg_ade_pretrain/runs/edge_sota_v1/viz/rwtd/assets/pred_edges/rwtd_332.png,/home/galoren/Detecture/texture_kseg_ade_pretrain/runs/edge_sota_v1/viz/rwtd/assets/edge_overlays/rwtd_332.png
rwtd_334,/home/galoren/rwtd_miner_public_site/review/originals/rwtd_334.jpg,/home/galoren/rwtd_miner_public_site/review/masks/rwtd_334.jpg,2,2,False,,0.0016992353440951572,0.00033030553261767135,0.0005530973451327434,0.0179595947265625,/home/galoren/Detecture/texture_kseg_ade_pretrain/runs/edge_sota_v1/viz/rwtd/rwtd_334.png,/home/galoren/Detecture/texture_kseg_ade_pretrain/runs/edge_sota_v1/viz/rwtd/assets/original/rwtd_334.png,/home/galoren/Detecture/texture_kseg_ade_pretrain/runs/edge_sota_v1/viz/rwtd/assets/gt_edges/rwtd_334.png,/home/galoren/Detecture/texture_kseg_ade_pretrain/runs/edge_sota_v1/viz/rwtd/assets/pred_edges/rwtd_334.png,/home/galoren/Detecture/texture_kseg_ade_pretrain/runs/edge_sota_v1/viz/rwtd/assets/edge_overlays/rwtd_334.png
rwtd_337,/home/galoren/rwtd_miner_public_site/review/originals/rwtd_337.jpg,/home/galoren/rwtd_miner_public_site/review/masks/rwtd_337.jpg,2,2,False,,0.1406548118751431,0.7682367653188829,0.23777577086827506,0.1999359130859375,/home/galoren/Detecture/texture_kseg_ade_pretrain/runs/edge_sota_v1/viz/rwtd/rwtd_337.png,/home/galoren/Detecture/texture_kseg_ade_pretrain/runs/edge_sota_v1/viz/rwtd/assets/original/rwtd_337.png,/home/galoren/Detecture/texture_kseg_ade_pretrain/runs/edge_sota_v1/viz/rwtd/assets/gt_edges/rwtd_337.png,/home/galoren/Detecture/texture_kseg_ade_pretrain/runs/edge_sota_v1/viz/rwtd/assets/pred_edges/rwtd_337.png,/home/galoren/Detecture/texture_kseg_ade_pretrain/runs/edge_sota_v1/viz/rwtd/assets/edge_overlays/rwtd_337.png
rwtd_34,/home/galoren/rwtd_miner_public_site/review/originals/rwtd_34.jpg,/home/galoren/rwtd_miner_public_site/review/masks/rwtd_34.jpg,3,3,False,,0.0,0.0,0.0,0.005157470703125,/home/galoren/Detecture/texture_kseg_ade_pretrain/runs/edge_sota_v1/viz/rwtd/rwtd_34.png,/home/galoren/Detecture/texture_kseg_ade_pretrain/runs/edge_sota_v1/viz/rwtd/assets/original/rwtd_34.png,/home/galoren/Detecture/texture_kseg_ade_pretrain/runs/edge_sota_v1/viz/rwtd/assets/gt_edges/rwtd_34.png,/home/galoren/Detecture/texture_kseg_ade_pretrain/runs/edge_sota_v1/viz/rwtd/assets/pred_edges/rwtd_34.png,/home/galoren/Detecture/texture_kseg_ade_pretrain/runs/edge_sota_v1/viz/rwtd/assets/edge_overlays/rwtd_34.png
rwtd_342,/home/galoren/rwtd_miner_public_site/review/originals/rwtd_342.jpg,/home/galoren/rwtd_miner_public_site/review/masks/rwtd_342.jpg,3,3,False,,0.14067278287461774,0.010495094684006388,0.019532908704883226,0.0049896240234375,/home/galoren/Detecture/texture_kseg_ade_pretrain/runs/edge_sota_v1/viz/rwtd/rwtd_342.png,/home/galoren/Detecture/texture_kseg_ade_pretrain/runs/edge_sota_v1/viz/rwtd/assets/original/rwtd_342.png,/home/galoren/Detecture/texture_kseg_ade_pretrain/runs/edge_sota_v1/viz/rwtd/assets/gt_edges/rwtd_342.png,/home/galoren/Detecture/texture_kseg_ade_pretrain/runs/edge_sota_v1/viz/rwtd/assets/pred_edges/rwtd_342.png,/home/galoren/Detecture/texture_kseg_ade_pretrain/runs/edge_sota_v1/viz/rwtd/assets/edge_overlays/rwtd_342.png
rwtd_343,/home/galoren/rwtd_miner_public_site/review/originals/rwtd_343.jpg,/home/galoren/rwtd_miner_public_site/review/masks/rwtd_343.jpg,2,2,False,,0.129736243138305,0.31875,0.18441335997716243,0.1139678955078125,/home/galoren/Detecture/texture_kseg_ade_pretrain/runs/edge_sota_v1/viz/rwtd/rwtd_343.png,/home/galoren/Detecture/texture_kseg_ade_pretrain/runs/edge_sota_v1/viz/rwtd/assets/original/rwtd_343.png,/home/galoren/Detecture/texture_kseg_ade_pretrain/runs/edge_sota_v1/viz/rwtd/assets/gt_edges/rwtd_343.png,/home/galoren/Detecture/texture_kseg_ade_pretrain/runs/edge_sota_v1/viz/rwtd/assets/pred_edges/rwtd_343.png,/home/galoren/Detecture/texture_kseg_ade_pretrain/runs/edge_sota_v1/viz/rwtd/assets/edge_overlays/rwtd_343.png
rwtd_344,/home/galoren/rwtd_miner_public_site/review/originals/rwtd_344.jpg,/home/galoren/rwtd_miner_public_site/review/masks/rwtd_344.jpg,3,3,False,,0.564,0.2888160589922163,0.3820102953129233,0.019073486328125,/home/galoren/Detecture/texture_kseg_ade_pretrain/runs/edge_sota_v1/viz/rwtd/rwtd_344.png,/home/galoren/Detecture/texture_kseg_ade_pretrain/runs/edge_sota_v1/viz/rwtd/assets/original/rwtd_344.png,/home/galoren/Detecture/texture_kseg_ade_pretrain/runs/edge_sota_v1/viz/rwtd/assets/gt_edges/rwtd_344.png,/home/galoren/Detecture/texture_kseg_ade_pretrain/runs/edge_sota_v1/viz/rwtd/assets/pred_edges/rwtd_344.png,/home/galoren/Detecture/texture_kseg_ade_pretrain/runs/edge_sota_v1/viz/rwtd/assets/edge_overlays/rwtd_344.png
rwtd_345,/home/galoren/rwtd_miner_public_site/review/originals/rwtd_345.jpg,/home/galoren/rwtd_miner_public_site/review/masks/rwtd_345.jpg,2,2,False,,0.20268872802481902,0.38735177865612647,0.26612355736591986,0.1180419921875,/home/galoren/Detecture/texture_kseg_ade_pretrain/runs/edge_sota_v1/viz/rwtd/rwtd_345.png,/home/galoren/Detecture/texture_kseg_ade_pretrain/runs/edge_sota_v1/viz/rwtd/assets/original/rwtd_345.png,/home/galoren/Detecture/texture_kseg_ade_pretrain/runs/edge_sota_v1/viz/rwtd/assets/gt_edges/rwtd_345.png,/home/galoren/Detecture/texture_kseg_ade_pretrain/runs/edge_sota_v1/viz/rwtd/assets/pred_edges/rwtd_345.png,/home/galoren/Detecture/texture_kseg_ade_pretrain/runs/edge_sota_v1/viz/rwtd/assets/edge_overlays/rwtd_345.png
rwtd_346,/home/galoren/rwtd_miner_public_site/review/originals/rwtd_346.jpg,/home/galoren/rwtd_miner_public_site/review/masks/rwtd_346.jpg,2,2,False,,0.0007776049766718507,0.0012218963831867058,0.0009503896597605018,0.098114013671875,/home/galoren/Detecture/texture_kseg_ade_pretrain/runs/edge_sota_v1/viz/rwtd/rwtd_346.png,/home/galoren/Detecture/texture_kseg_ade_pretrain/runs/edge_sota_v1/viz/rwtd/assets/original/rwtd_346.png,/home/galoren/Detecture/texture_kseg_ade_pretrain/runs/edge_sota_v1/viz/rwtd/assets/gt_edges/rwtd_346.png,/home/galoren/Detecture/texture_kseg_ade_pretrain/runs/edge_sota_v1/viz/rwtd/assets/pred_edges/rwtd_346.png,/home/galoren/Detecture/texture_kseg_ade_pretrain/runs/edge_sota_v1/viz/rwtd/assets/edge_overlays/rwtd_346.png
rwtd_347,/home/galoren/rwtd_miner_public_site/review/originals/rwtd_347.jpg,/home/galoren/rwtd_miner_public_site/review/masks/rwtd_347.jpg,2,2,False,,0.1091783016708629,0.2544678580954921,0.152798910867302,0.133331298828125,/home/galoren/Detecture/texture_kseg_ade_pretrain/runs/edge_sota_v1/viz/rwtd/rwtd_347.png,/home/galoren/Detecture/texture_kseg_ade_pretrain/runs/edge_sota_v1/viz/rwtd/assets/original/rwtd_347.png,/home/galoren/Detecture/texture_kseg_ade_pretrain/runs/edge_sota_v1/viz/rwtd/assets/gt_edges/rwtd_347.png,/home/galoren/Detecture/texture_kseg_ade_pretrain/runs/edge_sota_v1/viz/rwtd/assets/pred_edges/rwtd_347.png,/home/galoren/Detecture/texture_kseg_ade_pretrain/runs/edge_sota_v1/viz/rwtd/assets/edge_overlays/rwtd_347.png
rwtd_348,/home/galoren/rwtd_miner_public_site/review/originals/rwtd_348.jpg,/home/galoren/rwtd_miner_public_site/review/masks/rwtd_348.jpg,3,3,False,,0.2276117140605105,0.6152081284824648,0.3322859039610533,0.2516632080078125,/home/galoren/Detecture/texture_kseg_ade_pretrain/runs/edge_sota_v1/viz/rwtd/rwtd_348.png,/home/galoren/Detecture/texture_kseg_ade_pretrain/runs/edge_sota_v1/viz/rwtd/assets/original/rwtd_348.png,/home/galoren/Detecture/texture_kseg_ade_pretrain/runs/edge_sota_v1/viz/rwtd/assets/gt_edges/rwtd_348.png,/home/galoren/Detecture/texture_kseg_ade_pretrain/runs/edge_sota_v1/viz/rwtd/assets/pred_edges/rwtd_348.png,/home/galoren/Detecture/texture_kseg_ade_pretrain/runs/edge_sota_v1/viz/rwtd/assets/edge_overlays/rwtd_348.png
rwtd_349,/home/galoren/rwtd_miner_public_site/review/originals/rwtd_349.jpg,/home/galoren/rwtd_miner_public_site/review/masks/rwtd_349.jpg,2,2,False,,0.10738796931772306,0.28170505692348424,0.15549872122762148,0.15118408203125,/home/galoren/Detecture/texture_kseg_ade_pretrain/runs/edge_sota_v1/viz/rwtd/rwtd_349.png,/home/galoren/Detecture/texture_kseg_ade_pretrain/runs/edge_sota_v1/viz/rwtd/assets/original/rwtd_349.png,/home/galoren/Detecture/texture_kseg_ade_pretrain/runs/edge_sota_v1/viz/rwtd/assets/gt_edges/rwtd_349.png,/home/galoren/Detecture/texture_kseg_ade_pretrain/runs/edge_sota_v1/viz/rwtd/assets/pred_edges/rwtd_349.png,/home/galoren/Detecture/texture_kseg_ade_pretrain/runs/edge_sota_v1/viz/rwtd/assets/edge_overlays/rwtd_349.png
rwtd_350,/home/galoren/rwtd_miner_public_site/review/originals/rwtd_350.jpg,/home/galoren/rwtd_miner_public_site/review/masks/rwtd_350.jpg,2,2,False,,0.0,0.0,0.0,0.0,/home/galoren/Detecture/texture_kseg_ade_pretrain/runs/edge_sota_v1/viz/rwtd/rwtd_350.png,/home/galoren/Detecture/texture_kseg_ade_pretrain/runs/edge_sota_v1/viz/rwtd/assets/original/rwtd_350.png,/home/galoren/Detecture/texture_kseg_ade_pretrain/runs/edge_sota_v1/viz/rwtd/assets/gt_edges/rwtd_350.png,/home/galoren/Detecture/texture_kseg_ade_pretrain/runs/edge_sota_v1/viz/rwtd/assets/pred_edges/rwtd_350.png,/home/galoren/Detecture/texture_kseg_ade_pretrain/runs/edge_sota_v1/viz/rwtd/assets/edge_overlays/rwtd_350.png
rwtd_351,/home/galoren/rwtd_miner_public_site/review/originals/rwtd_351.jpg,/home/galoren/rwtd_miner_public_site/review/masks/rwtd_351.jpg,2,2,False,,0.2564302416212003,0.7258687258687259,0.37897768178545715,0.07830810546875,/home/galoren/Detecture/texture_kseg_ade_pretrain/runs/edge_sota_v1/viz/rwtd/rwtd_351.png,/home/galoren/Detecture/texture_kseg_ade_pretrain/runs/edge_sota_v1/viz/rwtd/assets/original/rwtd_351.png,/home/galoren/Detecture/texture_kseg_ade_pretrain/runs/edge_sota_v1/viz/rwtd/assets/gt_edges/rwtd_351.png,/home/galoren/Detecture/texture_kseg_ade_pretrain/runs/edge_sota_v1/viz/rwtd/assets/pred_edges/rwtd_351.png,/home/galoren/Detecture/texture_kseg_ade_pretrain/runs/edge_sota_v1/viz/rwtd/assets/edge_overlays/rwtd_351.png
rwtd_352,/home/galoren/rwtd_miner_public_site/review/originals/rwtd_352.jpg,/home/galoren/rwtd_miner_public_site/review/masks/rwtd_352.jpg,2,2,False,,0.8123393316195373,0.1063973063973064,0.188151235486752,0.011871337890625,/home/galoren/Detecture/texture_kseg_ade_pretrain/runs/edge_sota_v1/viz/rwtd/rwtd_352.png,/home/galoren/Detecture/texture_kseg_ade_pretrain/runs/edge_sota_v1/viz/rwtd/assets/original/rwtd_352.png,/home/galoren/Detecture/texture_kseg_ade_pretrain/runs/edge_sota_v1/viz/rwtd/assets/gt_edges/rwtd_352.png,/home/galoren/Detecture/texture_kseg_ade_pretrain/runs/edge_sota_v1/viz/rwtd/assets/pred_edges/rwtd_352.png,/home/galoren/Detecture/texture_kseg_ade_pretrain/runs/edge_sota_v1/viz/rwtd/assets/edge_overlays/rwtd_352.png
rwtd_357,/home/galoren/rwtd_miner_public_site/review/originals/rwtd_357.jpg,/home/galoren/rwtd_miner_public_site/review/masks/rwtd_357.jpg,2,2,False,,0.0,0.0,0.0,0.000732421875,/home/galoren/Detecture/texture_kseg_ade_pretrain/runs/edge_sota_v1/viz/rwtd/rwtd_357.png,/home/galoren/Detecture/texture_kseg_ade_pretrain/runs/edge_sota_v1/viz/rwtd/assets/original/rwtd_357.png,/home/galoren/Detecture/texture_kseg_ade_pretrain/runs/edge_sota_v1/viz/rwtd/assets/gt_edges/rwtd_357.png,/home/galoren/Detecture/texture_kseg_ade_pretrain/runs/edge_sota_v1/viz/rwtd/assets/pred_edges/rwtd_357.png,/home/galoren/Detecture/texture_kseg_ade_pretrain/runs/edge_sota_v1/viz/rwtd/assets/edge_overlays/rwtd_357.png
rwtd_358,/home/galoren/rwtd_miner_public_site/review/originals/rwtd_358.jpg,/home/galoren/rwtd_miner_public_site/review/masks/rwtd_358.jpg,2,2,False,,0.0,0.0,0.0,0.0,/home/galoren/Detecture/texture_kseg_ade_pretrain/runs/edge_sota_v1/viz/rwtd/rwtd_358.png,/home/galoren/Detecture/texture_kseg_ade_pretrain/runs/edge_sota_v1/viz/rwtd/assets/original/rwtd_358.png,/home/galoren/Detecture/texture_kseg_ade_pretrain/runs/edge_sota_v1/viz/rwtd/assets/gt_edges/rwtd_358.png,/home/galoren/Detecture/texture_kseg_ade_pretrain/runs/edge_sota_v1/viz/rwtd/assets/pred_edges/rwtd_358.png,/home/galoren/Detecture/texture_kseg_ade_pretrain/runs/edge_sota_v1/viz/rwtd/assets/edge_overlays/rwtd_358.png
rwtd_359,/home/galoren/rwtd_miner_public_site/review/originals/rwtd_359.jpg,/home/galoren/rwtd_miner_public_site/review/masks/rwtd_359.jpg,2,2,False,,0.21507760532150777,0.01735862562634216,0.032124523927802615,0.0068817138671875,/home/galoren/Detecture/texture_kseg_ade_pretrain/runs/edge_sota_v1/viz/rwtd/rwtd_359.png,/home/galoren/Detecture/texture_kseg_ade_pretrain/runs/edge_sota_v1/viz/rwtd/assets/original/rwtd_359.png,/home/galoren/Detecture/texture_kseg_ade_pretrain/runs/edge_sota_v1/viz/rwtd/assets/gt_edges/rwtd_359.png,/home/galoren/Detecture/texture_kseg_ade_pretrain/runs/edge_sota_v1/viz/rwtd/assets/pred_edges/rwtd_359.png,/home/galoren/Detecture/texture_kseg_ade_pretrain/runs/edge_sota_v1/viz/rwtd/assets/edge_overlays/rwtd_359.png
rwtd_36,/home/galoren/rwtd_miner_public_site/review/originals/rwtd_36.jpg,/home/galoren/rwtd_miner_public_site/review/masks/rwtd_36.jpg,2,2,False,,0.3510702441965632,0.6245642263341379,0.44948374022966325,0.101226806640625,/home/galoren/Detecture/texture_kseg_ade_pretrain/runs/edge_sota_v1/viz/rwtd/rwtd_36.png,/home/galoren/Detecture/texture_kseg_ade_pretrain/runs/edge_sota_v1/viz/rwtd/assets/original/rwtd_36.png,/home/galoren/Detecture/texture_kseg_ade_pretrain/runs/edge_sota_v1/viz/rwtd/assets/gt_edges/rwtd_36.png,/home/galoren/Detecture/texture_kseg_ade_pretrain/runs/edge_sota_v1/viz/rwtd/assets/pred_edges/rwtd_36.png,/home/galoren/Detecture/texture_kseg_ade_pretrain/runs/edge_sota_v1/viz/rwtd/assets/edge_overlays/rwtd_36.png
rwtd_362,/home/galoren/rwtd_miner_public_site/review/originals/rwtd_362.jpg,/home/galoren/rwtd_miner_public_site/review/masks/rwtd_362.jpg,2,2,False,,0.16774193548387098,0.03619909502262444,0.05954766676209562,0.0189208984375,/home/galoren/Detecture/texture_kseg_ade_pretrain/runs/edge_sota_v1/viz/rwtd/rwtd_362.png,/home/galoren/Detecture/texture_kseg_ade_pretrain/runs/edge_sota_v1/viz/rwtd/assets/original/rwtd_362.png,/home/galoren/Detecture/texture_kseg_ade_pretrain/runs/edge_sota_v1/viz/rwtd/assets/gt_edges/rwtd_362.png,/home/galoren/Detecture/texture_kseg_ade_pretrain/runs/edge_sota_v1/viz/rwtd/assets/pred_edges/rwtd_362.png,/home/galoren/Detecture/texture_kseg_ade_pretrain/runs/edge_sota_v1/viz/rwtd/assets/edge_overlays/rwtd_362.png
rwtd_363,/home/galoren/rwtd_miner_public_site/review/originals/rwtd_363.jpg,/home/galoren/rwtd_miner_public_site/review/masks/rwtd_363.jpg,2,2,False,,0.5714285714285714,0.009461426491994178,0.018614641131197422,0.0013885498046875,/home/galoren/Detecture/texture_kseg_ade_pretrain/runs/edge_sota_v1/viz/rwtd/rwtd_363.png,/home/galoren/Detecture/texture_kseg_ade_pretrain/runs/edge_sota_v1/viz/rwtd/assets/original/rwtd_363.png,/home/galoren/Detecture/texture_kseg_ade_pretrain/runs/edge_sota_v1/viz/rwtd/assets/gt_edges/rwtd_363.png,/home/galoren/Detecture/texture_kseg_ade_pretrain/runs/edge_sota_v1/viz/rwtd/assets/pred_edges/rwtd_363.png,/home/galoren/Detecture/texture_kseg_ade_pretrain/runs/edge_sota_v1/viz/rwtd/assets/edge_overlays/rwtd_363.png
rwtd_364,/home/galoren/rwtd_miner_public_site/review/originals/rwtd_364.jpg,/home/galoren/rwtd_miner_public_site/review/masks/rwtd_364.jpg,2,2,False,,0.054032657100445323,0.08203125,0.06515124395919097,0.1541900634765625,/home/galoren/Detecture/texture_kseg_ade_pretrain/runs/edge_sota_v1/viz/rwtd/rwtd_364.png,/home/galoren/Detecture/texture_kseg_ade_pretrain/runs/edge_sota_v1/viz/rwtd/assets/original/rwtd_364.png,/home/galoren/Detecture/texture_kseg_ade_pretrain/runs/edge_sota_v1/viz/rwtd/assets/gt_edges/rwtd_364.png,/home/galoren/Detecture/texture_kseg_ade_pretrain/runs/edge_sota_v1/viz/rwtd/assets/pred_edges/rwtd_364.png,/home/galoren/Detecture/texture_kseg_ade_pretrain/runs/edge_sota_v1/viz/rwtd/assets/edge_overlays/rwtd_364.png
rwtd_365,/home/galoren/rwtd_miner_public_site/review/originals/rwtd_365.jpg,/home/galoren/rwtd_miner_public_site/review/masks/rwtd_365.jpg,4,4,False,,0.0720616570327553,0.05243970835670219,0.060704431098847586,0.0395965576171875,/home/galoren/Detecture/texture_kseg_ade_pretrain/runs/edge_sota_v1/viz/rwtd/rwtd_365.png,/home/galoren/Detecture/texture_kseg_ade_pretrain/runs/edge_sota_v1/viz/rwtd/assets/original/rwtd_365.png,/home/galoren/Detecture/texture_kseg_ade_pretrain/runs/edge_sota_v1/viz/rwtd/assets/gt_edges/rwtd_365.png,/home/galoren/Detecture/texture_kseg_ade_pretrain/runs/edge_sota_v1/viz/rwtd/assets/pred_edges/rwtd_365.png,/home/galoren/Detecture/texture_kseg_ade_pretrain/runs/edge_sota_v1/viz/rwtd/assets/edge_overlays/rwtd_365.png
rwtd_366,/home/galoren/rwtd_miner_public_site/review/originals/rwtd_366.jpg,/home/galoren/rwtd_miner_public_site/review/masks/rwtd_366.jpg,7,7,False,,0.14979406026446998,0.09130549682875264,0.11345538133158196,0.0703887939453125,/home/galoren/Detecture/texture_kseg_ade_pretrain/runs/edge_sota_v1/viz/rwtd/rwtd_366.png,/home/galoren/Detecture/texture_kseg_ade_pretrain/runs/edge_sota_v1/viz/rwtd/assets/original/rwtd_366.png,/home/galoren/Detecture/texture_kseg_ade_pretrain/runs/edge_sota_v1/viz/rwtd/assets/gt_edges/rwtd_366.png,/home/galoren/Detecture/texture_kseg_ade_pretrain/runs/edge_sota_v1/viz/rwtd/assets/pred_edges/rwtd_366.png,/home/galoren/Detecture/texture_kseg_ade_pretrain/runs/edge_sota_v1/viz/rwtd/assets/edge_overlays/rwtd_366.png
rwtd_367,/home/galoren/rwtd_miner_public_site/review/originals/rwtd_367.jpg,/home/galoren/rwtd_miner_public_site/review/masks/rwtd_367.jpg,2,2,False,,0.0008223684210526315,0.0004487323311644604,0.0005806357961968356,0.037109375,/home/galoren/Detecture/texture_kseg_ade_pretrain/runs/edge_sota_v1/viz/rwtd/rwtd_367.png,/home/galoren/Detecture/texture_kseg_ade_pretrain/runs/edge_sota_v1/viz/rwtd/assets/original/rwtd_367.png,/home/galoren/Detecture/texture_kseg_ade_pretrain/runs/edge_sota_v1/viz/rwtd/assets/gt_edges/rwtd_367.png,/home/galoren/Detecture/texture_kseg_ade_pretrain/runs/edge_sota_v1/viz/rwtd/assets/pred_edges/rwtd_367.png,/home/galoren/Detecture/texture_kseg_ade_pretrain/runs/edge_sota_v1/viz/rwtd/assets/edge_overlays/rwtd_367.png
rwtd_371,/home/galoren/rwtd_miner_public_site/review/originals/rwtd_371.jpg,/home/galoren/rwtd_miner_public_site/review/masks/rwtd_371.jpg,4,4,False,,0.05090223538917318,0.04035874439461883,0.045021438780371605,0.0566558837890625,/home/galoren/Detecture/texture_kseg_ade_pretrain/runs/edge_sota_v1/viz/rwtd/rwtd_371.png,/home/galoren/Detecture/texture_kseg_ade_pretrain/runs/edge_sota_v1/viz/rwtd/assets/original/rwtd_371.png,/home/galoren/Detecture/texture_kseg_ade_pretrain/runs/edge_sota_v1/viz/rwtd/assets/gt_edges/rwtd_371.png,/home/galoren/Detecture/texture_kseg_ade_pretrain/runs/edge_sota_v1/viz/rwtd/assets/pred_edges/rwtd_371.png,/home/galoren/Detecture/texture_kseg_ade_pretrain/runs/edge_sota_v1/viz/rwtd/assets/edge_overlays/rwtd_371.png
rwtd_373,/home/galoren/rwtd_miner_public_site/review/originals/rwtd_373.jpg,/home/galoren/rwtd_miner_public_site/review/masks/rwtd_373.jpg,2,2,False,,0.11547744291107123,0.5644283121597096,0.19172874389930644,0.2465667724609375,/home/galoren/Detecture/texture_kseg_ade_pretrain/runs/edge_sota_v1/viz/rwtd/rwtd_373.png,/home/galoren/Detecture/texture_kseg_ade_pretrain/runs/edge_sota_v1/viz/rwtd/assets/original/rwtd_373.png,/home/galoren/Detecture/texture_kseg_ade_pretrain/runs/edge_sota_v1/viz/rwtd/assets/gt_edges/rwtd_373.png,/home/galoren/Detecture/texture_kseg_ade_pretrain/runs/edge_sota_v1/viz/rwtd/assets/pred_edges/rwtd_373.png,/home/galoren/Detecture/texture_kseg_ade_pretrain/runs/edge_sota_v1/viz/rwtd/assets/edge_overlays/rwtd_373.png
rwtd_374,/home/galoren/rwtd_miner_public_site/review/originals/rwtd_374.jpg,/home/galoren/rwtd_miner_public_site/review/masks/rwtd_374.jpg,7,7,False,,0.7183235867446394,0.11544486215538848,0.19892037786774627,0.015655517578125,/home/galoren/Detecture/texture_kseg_ade_pretrain/runs/edge_sota_v1/viz/rwtd/rwtd_374.png,/home/galoren/Detecture/texture_kseg_ade_pretrain/runs/edge_sota_v1/viz/rwtd/assets/original/rwtd_374.png,/home/galoren/Detecture/texture_kseg_ade_pretrain/runs/edge_sota_v1/viz/rwtd/assets/gt_edges/rwtd_374.png,/home/galoren/Detecture/texture_kseg_ade_pretrain/runs/edge_sota_v1/viz/rwtd/assets/pred_edges/rwtd_374.png,/home/galoren/Detecture/texture_kseg_ade_pretrain/runs/edge_sota_v1/viz/rwtd/assets/edge_overlays/rwtd_374.png
rwtd_376,/home/galoren/rwtd_miner_public_site/review/originals/rwtd_376.jpg,/home/galoren/rwtd_miner_public_site/review/masks/rwtd_376.jpg,3,3,False,,0.18092105263157895,0.02521779000458505,0.04426559356136821,0.004638671875,/home/galoren/Detecture/texture_kseg_ade_pretrain/runs/edge_sota_v1/viz/rwtd/rwtd_376.png,/home/galoren/Detecture/texture_kseg_ade_pretrain/runs/edge_sota_v1/viz/rwtd/assets/original/rwtd_376.png,/home/galoren/Detecture/texture_kseg_ade_pretrain/runs/edge_sota_v1/viz/rwtd/assets/gt_edges/rwtd_376.png,/home/galoren/Detecture/texture_kseg_ade_pretrain/runs/edge_sota_v1/viz/rwtd/assets/pred_edges/rwtd_376.png,/home/galoren/Detecture/texture_kseg_ade_pretrain/runs/edge_sota_v1/viz/rwtd/assets/edge_overlays/rwtd_376.png
rwtd_377,/home/galoren/rwtd_miner_public_site/review/originals/rwtd_377.jpg,/home/galoren/rwtd_miner_public_site/review/masks/rwtd_377.jpg,9,9,False,,0.03952710771435395,0.049066113252297656,0.043783068783068785,0.127777099609375,/home/galoren/Detecture/texture_kseg_ade_pretrain/runs/edge_sota_v1/viz/rwtd/rwtd_377.png,/home/galoren/Detecture/texture_kseg_ade_pretrain/runs/edge_sota_v1/viz/rwtd/assets/original/rwtd_377.png,/home/galoren/Detecture/texture_kseg_ade_pretrain/runs/edge_sota_v1/viz/rwtd/assets/gt_edges/rwtd_377.png,/home/galoren/Detecture/texture_kseg_ade_pretrain/runs/edge_sota_v1/viz/rwtd/assets/pred_edges/rwtd_377.png,/home/galoren/Detecture/texture_kseg_ade_pretrain/runs/edge_sota_v1/viz/rwtd/assets/edge_overlays/rwtd_377.png
rwtd_378,/home/galoren/rwtd_miner_public_site/review/originals/rwtd_378.jpg,/home/galoren/rwtd_miner_public_site/review/masks/rwtd_378.jpg,3,3,False,,0.5307228915662651,0.35367322360497794,0.42447602987231997,0.0506591796875,/home/galoren/Detecture/texture_kseg_ade_pretrain/runs/edge_sota_v1/viz/rwtd/rwtd_378.png,/home/galoren/Detecture/texture_kseg_ade_pretrain/runs/edge_sota_v1/viz/rwtd/assets/original/rwtd_378.png,/home/galoren/Detecture/texture_kseg_ade_pretrain/runs/edge_sota_v1/viz/rwtd/assets/gt_edges/rwtd_378.png,/home/galoren/Detecture/texture_kseg_ade_pretrain/runs/edge_sota_v1/viz/rwtd/assets/pred_edges/rwtd_378.png,/home/galoren/Detecture/texture_kseg_ade_pretrain/runs/edge_sota_v1/viz/rwtd/assets/edge_overlays/rwtd_378.png
rwtd_38,/home/galoren/rwtd_miner_public_site/review/originals/rwtd_38.jpg,/home/galoren/rwtd_miner_public_site/review/masks/rwtd_38.jpg,9,9,False,,0.41161320533832824,0.5715214564369311,0.47856267864434465,0.1955108642578125,/home/galoren/Detecture/texture_kseg_ade_pretrain/runs/edge_sota_v1/viz/rwtd/rwtd_38.png,/home/galoren/Detecture/texture_kseg_ade_pretrain/runs/edge_sota_v1/viz/rwtd/assets/original/rwtd_38.png,/home/galoren/Detecture/texture_kseg_ade_pretrain/runs/edge_sota_v1/viz/rwtd/assets/gt_edges/rwtd_38.png,/home/galoren/Detecture/texture_kseg_ade_pretrain/runs/edge_sota_v1/viz/rwtd/assets/pred_edges/rwtd_38.png,/home/galoren/Detecture/texture_kseg_ade_pretrain/runs/edge_sota_v1/viz/rwtd/assets/edge_overlays/rwtd_38.png
rwtd_380,/home/galoren/rwtd_miner_public_site/review/originals/rwtd_380.jpg,/home/galoren/rwtd_miner_public_site/review/masks/rwtd_380.jpg,5,5,False,,0.05217391304347826,0.13316423589093215,0.07497322384862548,0.1842498779296875,/home/galoren/Detecture/texture_kseg_ade_pretrain/runs/edge_sota_v1/viz/rwtd/rwtd_380.png,/home/galoren/Detecture/texture_kseg_ade_pretrain/runs/edge_sota_v1/viz/rwtd/assets/original/rwtd_380.png,/home/galoren/Detecture/texture_kseg_ade_pretrain/runs/edge_sota_v1/viz/rwtd/assets/gt_edges/rwtd_380.png,/home/galoren/Detecture/texture_kseg_ade_pretrain/runs/edge_sota_v1/viz/rwtd/assets/pred_edges/rwtd_380.png,/home/galoren/Detecture/texture_kseg_ade_pretrain/runs/edge_sota_v1/viz/rwtd/assets/edge_overlays/rwtd_380.png
rwtd_382,/home/galoren/rwtd_miner_public_site/review/originals/rwtd_382.jpg,/home/galoren/rwtd_miner_public_site/review/masks/rwtd_382.jpg,5,5,False,,0.0016816143497757848,0.001463057790782736,0.0015647411657321686,0.054443359375,/home/galoren/Detecture/texture_kseg_ade_pretrain/runs/edge_sota_v1/viz/rwtd/rwtd_382.png,/home/galoren/Detecture/texture_kseg_ade_pretrain/runs/edge_sota_v1/viz/rwtd/assets/original/rwtd_382.png,/home/galoren/Detecture/texture_kseg_ade_pretrain/runs/edge_sota_v1/viz/rwtd/assets/gt_edges/rwtd_382.png,/home/galoren/Detecture/texture_kseg_ade_pretrain/runs/edge_sota_v1/viz/rwtd/assets/pred_edges/rwtd_382.png,/home/galoren/Detecture/texture_kseg_ade_pretrain/runs/edge_sota_v1/viz/rwtd/assets/edge_overlays/rwtd_382.png
rwtd_383,/home/galoren/rwtd_miner_public_site/review/originals/rwtd_383.jpg,/home/galoren/rwtd_miner_public_site/review/masks/rwtd_383.jpg,2,2,False,,0.0655599027175637,0.11289147851420248,0.08294869222021539,0.1443023681640625,/home/galoren/Detecture/texture_kseg_ade_pretrain/runs/edge_sota_v1/viz/rwtd/rwtd_383.png,/home/galoren/Detecture/texture_kseg_ade_pretrain/runs/edge_sota_v1/viz/rwtd/assets/original/rwtd_383.png,/home/galoren/Detecture/texture_kseg_ade_pretrain/runs/edge_sota_v1/viz/rwtd/assets/gt_edges/rwtd_383.png,/home/galoren/Detecture/texture_kseg_ade_pretrain/runs/edge_sota_v1/viz/rwtd/assets/pred_edges/rwtd_383.png,/home/galoren/Detecture/texture_kseg_ade_pretrain/runs/edge_sota_v1/viz/rwtd/assets/edge_overlays/rwtd_383.png
rwtd_387,/home/galoren/rwtd_miner_public_site/review/originals/rwtd_387.jpg,/home/galoren/rwtd_miner_public_site/review/masks/rwtd_387.jpg,3,3,False,,0.7206637692611616,0.5079365079365079,0.5958836981378635,0.0386199951171875,/home/galoren/Detecture/texture_kseg_ade_pretrain/runs/edge_sota_v1/viz/rwtd/rwtd_387.png,/home/galoren/Detecture/texture_kseg_ade_pretrain/runs/edge_sota_v1/viz/rwtd/assets/original/rwtd_387.png,/home/galoren/Detecture/texture_kseg_ade_pretrain/runs/edge_sota_v1/viz/rwtd/assets/gt_edges/rwtd_387.png,/home/galoren/Detecture/texture_kseg_ade_pretrain/runs/edge_sota_v1/viz/rwtd/assets/pred_edges/rwtd_387.png,/home/galoren/Detecture/texture_kseg_ade_pretrain/runs/edge_sota_v1/viz/rwtd/assets/edge_overlays/rwtd_387.png
rwtd_388,/home/galoren/rwtd_miner_public_site/review/originals/rwtd_388.jpg,/home/galoren/rwtd_miner_public_site/review/masks/rwtd_388.jpg,2,2,False,,0.0,0.0,0.0,0.0055389404296875,/home/galoren/Detecture/texture_kseg_ade_pretrain/runs/edge_sota_v1/viz/rwtd/rwtd_388.png,/home/galoren/Detecture/texture_kseg_ade_pretrain/runs/edge_sota_v1/viz/rwtd/assets/original/rwtd_388.png,/home/galoren/Detecture/texture_kseg_ade_pretrain/runs/edge_sota_v1/viz/rwtd/assets/gt_edges/rwtd_388.png,/home/galoren/Detecture/texture_kseg_ade_pretrain/runs/edge_sota_v1/viz/rwtd/assets/pred_edges/rwtd_388.png,/home/galoren/Detecture/texture_kseg_ade_pretrain/runs/edge_sota_v1/viz/rwtd/assets/edge_overlays/rwtd_388.png
rwtd_389,/home/galoren/rwtd_miner_public_site/review/originals/rwtd_389.jpg,/home/galoren/rwtd_miner_public_site/review/masks/rwtd_389.jpg,2,2,False,,0.06019417475728155,0.01830348356622712,0.02807123453063688,0.0235748291015625,/home/galoren/Detecture/texture_kseg_ade_pretrain/runs/edge_sota_v1/viz/rwtd/rwtd_389.png,/home/galoren/Detecture/texture_kseg_ade_pretrain/runs/edge_sota_v1/viz/rwtd/assets/original/rwtd_389.png,/home/galoren/Detecture/texture_kseg_ade_pretrain/runs/edge_sota_v1/viz/rwtd/assets/gt_edges/rwtd_389.png,/home/galoren/Detecture/texture_kseg_ade_pretrain/runs/edge_sota_v1/viz/rwtd/assets/pred_edges/rwtd_389.png,/home/galoren/Detecture/texture_kseg_ade_pretrain/runs/edge_sota_v1/viz/rwtd/assets/edge_overlays/rwtd_389.png
rwtd_39,/home/galoren/rwtd_miner_public_site/review/originals/rwtd_39.jpg,/home/galoren/rwtd_miner_public_site/review/masks/rwtd_39.jpg,2,2,False,,0.09424263193968471,0.07366729172247521,0.08269433167944669,0.044525146484375,/home/galoren/Detecture/texture_kseg_ade_pretrain/runs/edge_sota_v1/viz/rwtd/rwtd_39.png,/home/galoren/Detecture/texture_kseg_ade_pretrain/runs/edge_sota_v1/viz/rwtd/assets/original/rwtd_39.png,/home/galoren/Detecture/texture_kseg_ade_pretrain/runs/edge_sota_v1/viz/rwtd/assets/gt_edges/rwtd_39.png,/home/galoren/Detecture/texture_kseg_ade_pretrain/runs/edge_sota_v1/viz/rwtd/assets/pred_edges/rwtd_39.png,/home/galoren/Detecture/texture_kseg_ade_pretrain/runs/edge_sota_v1/viz/rwtd/assets/edge_overlays/rwtd_39.png
rwtd_391,/home/galoren/rwtd_miner_public_site/review/originals/rwtd_391.jpg,/home/galoren/rwtd_miner_public_site/review/masks/rwtd_391.jpg,2,2,False,,0.07039231712300777,0.13689648321080866,0.0929761824438297,0.14935302734375,/home/galoren/Detecture/texture_kseg_ade_pretrain/runs/edge_sota_v1/viz/rwtd/rwtd_391.png,/home/galoren/Detecture/texture_kseg_ade_pretrain/runs/edge_sota_v1/viz/rwtd/assets/original/rwtd_391.png,/home/galoren/Detecture/texture_kseg_ade_pretrain/runs/edge_sota_v1/viz/rwtd/assets/gt_edges/rwtd_391.png,/home/galoren/Detecture/texture_kseg_ade_pretrain/runs/edge_sota_v1/viz/rwtd/assets/pred_edges/rwtd_391.png,/home/galoren/Detecture/texture_kseg_ade_pretrain/runs/edge_sota_v1/viz/rwtd/assets/edge_overlays/rwtd_391.png
rwtd_392,/home/galoren/rwtd_miner_public_site/review/originals/rwtd_392.jpg,/home/galoren/rwtd_miner_public_site/review/masks/rwtd_392.jpg,2,2,False,,0.6902255639097744,0.23240506329113925,0.3477272727272727,0.020294189453125,/home/galoren/Detecture/texture_kseg_ade_pretrain/runs/edge_sota_v1/viz/rwtd/rwtd_392.png,/home/galoren/Detecture/texture_kseg_ade_pretrain/runs/edge_sota_v1/viz/rwtd/assets/original/rwtd_392.png,/home/galoren/Detecture/texture_kseg_ade_pretrain/runs/edge_sota_v1/viz/rwtd/assets/gt_edges/rwtd_392.png,/home/galoren/Detecture/texture_kseg_ade_pretrain/runs/edge_sota_v1/viz/rwtd/assets/pred_edges/rwtd_392.png,/home/galoren/Detecture/texture_kseg_ade_pretrain/runs/edge_sota_v1/viz/rwtd/assets/edge_overlays/rwtd_392.png
rwtd_393,/home/galoren/rwtd_miner_public_site/review/originals/rwtd_393.jpg,/home/galoren/rwtd_miner_public_site/review/masks/rwtd_393.jpg,2,2,False,,0.2635524798154556,0.07724814063556457,0.11947712418300654,0.026458740234375,/home/galoren/Detecture/texture_kseg_ade_pretrain/runs/edge_sota_v1/viz/rwtd/rwtd_393.png,/home/galoren/Detecture/texture_kseg_ade_pretrain/runs/edge_sota_v1/viz/rwtd/assets/original/rwtd_393.png,/home/galoren/Detecture/texture_kseg_ade_pretrain/runs/edge_sota_v1/viz/rwtd/assets/gt_edges/rwtd_393.png,/home/galoren/Detecture/texture_kseg_ade_pretrain/runs/edge_sota_v1/viz/rwtd/assets/pred_edges/rwtd_393.png,/home/galoren/Detecture/texture_kseg_ade_pretrain/runs/edge_sota_v1/viz/rwtd/assets/edge_overlays/rwtd_393.png
rwtd_394,/home/galoren/rwtd_miner_public_site/review/originals/rwtd_394.jpg,/home/galoren/rwtd_miner_public_site/review/masks/rwtd_394.jpg,2,2,False,,0.0751900108577633,0.04881057268722467,0.0591943583716209,0.05621337890625,/home/galoren/Detecture/texture_kseg_ade_pretrain/runs/edge_sota_v1/viz/rwtd/rwtd_394.png,/home/galoren/Detecture/texture_kseg_ade_pretrain/runs/edge_sota_v1/viz/rwtd/assets/original/rwtd_394.png,/home/galoren/Detecture/texture_kseg_ade_pretrain/runs/edge_sota_v1/viz/rwtd/assets/gt_edges/rwtd_394.png,/home/galoren/Detecture/texture_kseg_ade_pretrain/runs/edge_sota_v1/viz/rwtd/assets/pred_edges/rwtd_394.png,/home/galoren/Detecture/texture_kseg_ade_pretrain/runs/edge_sota_v1/viz/rwtd/assets/edge_overlays/rwtd_394.png
rwtd_395,/home/galoren/rwtd_miner_public_site/review/originals/rwtd_395.jpg,/home/galoren/rwtd_miner_public_site/review/masks/rwtd_395.jpg,2,2,False,,0.16736401673640167,0.23460410557184752,0.19536019536019536,0.11669921875,/home/galoren/Detecture/texture_kseg_ade_pretrain/runs/edge_sota_v1/viz/rwtd/rwtd_395.png,/home/galoren/Detecture/texture_kseg_ade_pretrain/runs/edge_sota_v1/viz/rwtd/assets/original/rwtd_395.png,/home/galoren/Detecture/texture_kseg_ade_pretrain/runs/edge_sota_v1/viz/rwtd/assets/gt_edges/rwtd_395.png,/home/galoren/Detecture/texture_kseg_ade_pretrain/runs/edge_sota_v1/viz/rwtd/assets/pred_edges/rwtd_395.png,/home/galoren/Detecture/texture_kseg_ade_pretrain/runs/edge_sota_v1/viz/rwtd/assets/edge_overlays/rwtd_395.png
rwtd_397,/home/galoren/rwtd_miner_public_site/review/originals/rwtd_397.jpg,/home/galoren/rwtd_miner_public_site/review/masks/rwtd_397.jpg,9,9,False,,0.749890877346137,0.4136768601011317,0.5332091868404718,0.069915771484375,/home/galoren/Detecture/texture_kseg_ade_pretrain/runs/edge_sota_v1/viz/rwtd/rwtd_397.png,/home/galoren/Detecture/texture_kseg_ade_pretrain/runs/edge_sota_v1/viz/rwtd/assets/original/rwtd_397.png,/home/galoren/Detecture/texture_kseg_ade_pretrain/runs/edge_sota_v1/viz/rwtd/assets/gt_edges/rwtd_397.png,/home/galoren/Detecture/texture_kseg_ade_pretrain/runs/edge_sota_v1/viz/rwtd/assets/pred_edges/rwtd_397.png,/home/galoren/Detecture/texture_kseg_ade_pretrain/runs/edge_sota_v1/viz/rwtd/assets/edge_overlays/rwtd_397.png
rwtd_398,/home/galoren/rwtd_miner_public_site/review/originals/rwtd_398.jpg,/home/galoren/rwtd_miner_public_site/review/masks/rwtd_398.jpg,2,2,False,,0.3337253748897383,0.7258580260072479,0.4572310997717201,0.1556854248046875,/home/galoren/Detecture/texture_kseg_ade_pretrain/runs/edge_sota_v1/viz/rwtd/rwtd_398.png,/home/galoren/Detecture/texture_kseg_ade_pretrain/runs/edge_sota_v1/viz/rwtd/assets/original/rwtd_398.png,/home/galoren/Detecture/texture_kseg_ade_pretrain/runs/edge_sota_v1/viz/rwtd/assets/gt_edges/rwtd_398.png,/home/galoren/Detecture/texture_kseg_ade_pretrain/runs/edge_sota_v1/viz/rwtd/assets/pred_edges/rwtd_398.png,/home/galoren/Detecture/texture_kseg_ade_pretrain/runs/edge_sota_v1/viz/rwtd/assets/edge_overlays/rwtd_398.png
rwtd_399,/home/galoren/rwtd_miner_public_site/review/originals/rwtd_399.jpg,/home/galoren/rwtd_miner_public_site/review/masks/rwtd_399.jpg,2,2,False,,0.2915366614664587,0.8001070377308,0.42735653541056245,0.156494140625,/home/galoren/Detecture/texture_kseg_ade_pretrain/runs/edge_sota_v1/viz/rwtd/rwtd_399.png,/home/galoren/Detecture/texture_kseg_ade_pretrain/runs/edge_sota_v1/viz/rwtd/assets/original/rwtd_399.png,/home/galoren/Detecture/texture_kseg_ade_pretrain/runs/edge_sota_v1/viz/rwtd/assets/gt_edges/rwtd_399.png,/home/galoren/Detecture/texture_kseg_ade_pretrain/runs/edge_sota_v1/viz/rwtd/assets/pred_edges/rwtd_399.png,/home/galoren/Detecture/texture_kseg_ade_pretrain/runs/edge_sota_v1/viz/rwtd/assets/edge_overlays/rwtd_399.png
rwtd_4,/home/galoren/rwtd_miner_public_site/review/originals/rwtd_4.jpg,/home/galoren/rwtd_miner_public_site/review/masks/rwtd_4.jpg,2,2,False,,0.2453164320999161,0.7473026689381034,0.3693775875377167,0.1637115478515625,/home/galoren/Detecture/texture_kseg_ade_pretrain/runs/edge_sota_v1/viz/rwtd/rwtd_4.png,/home/galoren/Detecture/texture_kseg_ade_pretrain/runs/edge_sota_v1/viz/rwtd/assets/original/rwtd_4.png,/home/galoren/Detecture/texture_kseg_ade_pretrain/runs/edge_sota_v1/viz/rwtd/assets/gt_edges/rwtd_4.png,/home/galoren/Detecture/texture_kseg_ade_pretrain/runs/edge_sota_v1/viz/rwtd/assets/pred_edges/rwtd_4.png,/home/galoren/Detecture/texture_kseg_ade_pretrain/runs/edge_sota_v1/viz/rwtd/assets/edge_overlays/rwtd_4.png
rwtd_40,/home/galoren/rwtd_miner_public_site/review/originals/rwtd_40.jpg,/home/galoren/rwtd_miner_public_site/review/masks/rwtd_40.jpg,3,3,False,,0.0,0.0,0.0,0.0004119873046875,/home/galoren/Detecture/texture_kseg_ade_pretrain/runs/edge_sota_v1/viz/rwtd/rwtd_40.png,/home/galoren/Detecture/texture_kseg_ade_pretrain/runs/edge_sota_v1/viz/rwtd/assets/original/rwtd_40.png,/home/galoren/Detecture/texture_kseg_ade_pretrain/runs/edge_sota_v1/viz/rwtd/assets/gt_edges/rwtd_40.png,/home/galoren/Detecture/texture_kseg_ade_pretrain/runs/edge_sota_v1/viz/rwtd/assets/pred_edges/rwtd_40.png,/home/galoren/Detecture/texture_kseg_ade_pretrain/runs/edge_sota_v1/viz/rwtd/assets/edge_overlays/rwtd_40.png
rwtd_400,/home/galoren/rwtd_miner_public_site/review/originals/rwtd_400.jpg,/home/galoren/rwtd_miner_public_site/review/masks/rwtd_400.jpg,2,2,False,,0.3437358661239258,0.2855532594401653,0.31195484864032835,0.067474365234375,/home/galoren/Detecture/texture_kseg_ade_pretrain/runs/edge_sota_v1/viz/rwtd/rwtd_400.png,/home/galoren/Detecture/texture_kseg_ade_pretrain/runs/edge_sota_v1/viz/rwtd/assets/original/rwtd_400.png,/home/galoren/Detecture/texture_kseg_ade_pretrain/runs/edge_sota_v1/viz/rwtd/assets/gt_edges/rwtd_400.png,/home/galoren/Detecture/texture_kseg_ade_pretrain/runs/edge_sota_v1/viz/rwtd/assets/pred_edges/rwtd_400.png,/home/galoren/Detecture/texture_kseg_ade_pretrain/runs/edge_sota_v1/viz/rwtd/assets/edge_overlays/rwtd_400.png
rwtd_403,/home/galoren/rwtd_miner_public_site/review/originals/rwtd_403.jpg,/home/galoren/rwtd_miner_public_site/review/masks/rwtd_403.jpg,2,2,False,,0.005319148936170213,0.0017431725740848344,0.00262582056892779,0.00860595703125,/home/galoren/Detecture/texture_kseg_ade_pretrain/runs/edge_sota_v1/viz/rwtd/rwtd_403.png,/home/galoren/Detecture/texture_kseg_ade_pretrain/runs/edge_sota_v1/viz/rwtd/assets/original/rwtd_403.png,/home/galoren/Detecture/texture_kseg_ade_pretrain/runs/edge_sota_v1/viz/rwtd/assets/gt_edges/rwtd_403.png,/home/galoren/Detecture/texture_kseg_ade_pretrain/runs/edge_sota_v1/viz/rwtd/assets/pred_edges/rwtd_403.png,/home/galoren/Detecture/texture_kseg_ade_pretrain/runs/edge_sota_v1/viz/rwtd/assets/edge_overlays/rwtd_403.png
rwtd_408,/home/galoren/rwtd_miner_public_site/review/originals/rwtd_408.jpg,/home/galoren/rwtd_miner_public_site/review/masks/rwtd_408.jpg,8,8,False,,0.4455392809587217,0.23210321864594893,0.30520842834990425,0.0572967529296875,/home/galoren/Detecture/texture_kseg_ade_pretrain/runs/edge_sota_v1/viz/rwtd/rwtd_408.png,/home/galoren/Detecture/texture_kseg_ade_pretrain/runs/edge_sota_v1/viz/rwtd/assets/original/rwtd_408.png,/home/galoren/Detecture/texture_kseg_ade_pretrain/runs/edge_sota_v1/viz/rwtd/assets/gt_edges/rwtd_408.png,/home/galoren/Detecture/texture_kseg_ade_pretrain/runs/edge_sota_v1/viz/rwtd/assets/pred_edges/rwtd_408.png,/home/galoren/Detecture/texture_kseg_ade_pretrain/runs/edge_sota_v1/viz/rwtd/assets/edge_overlays/rwtd_408.png
rwtd_41,/home/galoren/rwtd_miner_public_site/review/originals/rwtd_41.jpg,/home/galoren/rwtd_miner_public_site/review/masks/rwtd_41.jpg,9,9,False,,0.1275239107332625,0.015614834092387769,0.027822861117551587,0.0143585205078125,/home/galoren/Detecture/texture_kseg_ade_pretrain/runs/edge_sota_v1/viz/rwtd/rwtd_41.png,/home/galoren/Detecture/texture_kseg_ade_pretrain/runs/edge_sota_v1/viz/rwtd/assets/original/rwtd_41.png,/home/galoren/Detecture/texture_kseg_ade_pretrain/runs/edge_sota_v1/viz/rwtd/assets/gt_edges/rwtd_41.png,/home/galoren/Detecture/texture_kseg_ade_pretrain/runs/edge_sota_v1/viz/rwtd/assets/pred_edges/rwtd_41.png,/home/galoren/Detecture/texture_kseg_ade_pretrain/runs/edge_sota_v1/viz/rwtd/assets/edge_overlays/rwtd_41.png
rwtd_410,/home/galoren/rwtd_miner_public_site/review/originals/rwtd_410.jpg,/home/galoren/rwtd_miner_public_site/review/masks/rwtd_410.jpg,5,5,False,,0.19052631578947368,0.11246893123446562,0.14144308413649387,0.043487548828125,/home/galoren/Detecture/texture_kseg_ade_pretrain/runs/edge_sota_v1/viz/rwtd/rwtd_410.png,/home/galoren/Detecture/texture_kseg_ade_pretrain/runs/edge_sota_v1/viz/rwtd/assets/original/rwtd_410.png,/home/galoren/Detecture/texture_kseg_ade_pretrain/runs/edge_sota_v1/viz/rwtd/assets/gt_edges/rwtd_410.png,/home/galoren/Detecture/texture_kseg_ade_pretrain/runs/edge_sota_v1/viz/rwtd/assets/pred_edges/rwtd_410.png,/home/galoren/Detecture/texture_kseg_ade_pretrain/runs/edge_sota_v1/viz/rwtd/assets/edge_overlays/rwtd_410.png
rwtd_411,/home/galoren/rwtd_miner_public_site/review/originals/rwtd_411.jpg,/home/galoren/rwtd_miner_public_site/review/masks/rwtd_411.jpg,3,3,False,,0.08724485401774179,0.1728963987028503,0.11597023468803665,0.1771697998046875,/home/galoren/Detecture/texture_kseg_ade_pretrain/runs/edge_sota_v1/viz/rwtd/rwtd_411.png,/home/galoren/Detecture/texture_kseg_ade_pretrain/runs/edge_sota_v1/viz/rwtd/assets/original/rwtd_411.png,/home/galoren/Detecture/texture_kseg_ade_pretrain/runs/edge_sota_v1/viz/rwtd/assets/gt_edges/rwtd_411.png,/home/galoren/Detecture/texture_kseg_ade_pretrain/runs/edge_sota_v1/viz/rwtd/assets/pred_edges/rwtd_411.png,/home/galoren/Detecture/texture_kseg_ade_pretrain/runs/edge_sota_v1/viz/rwtd/assets/edge_overlays/rwtd_411.png
rwtd_412,/home/galoren/rwtd_miner_public_site/review/originals/rwtd_412.jpg,/home/galoren/rwtd_miner_public_site/review/masks/rwtd_412.jpg,2,2,False,,0.2890568381820064,0.5915254237288136,0.38834411294248555,0.1473846435546875,/home/galoren/Detecture/texture_kseg_ade_pretrain/runs/edge_sota_v1/viz/rwtd/rwtd_412.png,/home/galoren/Detecture/texture_kseg_ade_pretrain/runs/edge_sota_v1/viz/rwtd/assets/original/rwtd_412.png,/home/galoren/Detecture/texture_kseg_ade_pretrain/runs/edge_sota_v1/viz/rwtd/assets/gt_edges/rwtd_412.png,/home/galoren/Detecture/texture_kseg_ade_pretrain/runs/edge_sota_v1/viz/rwtd/assets/pred_edges/rwtd_412.png,/home/galoren/Detecture/texture_kseg_ade_pretrain/runs/edge_sota_v1/viz/rwtd/assets/edge_overlays/rwtd_412.png
rwtd_413,/home/galoren/rwtd_miner_public_site/review/originals/rwtd_413.jpg,/home/galoren/rwtd_miner_public_site/review/masks/rwtd_413.jpg,2,2,False,,0.638872225554889,0.8144277338771349,0.716046615867324,0.0763092041015625,/home/galoren/Detecture/texture_kseg_ade_pretrain/runs/edge_sota_v1/viz/rwtd/rwtd_413.png,/home/galoren/Detecture/texture_kseg_ade_pretrain/runs/edge_sota_v1/viz/rwtd/assets/original/rwtd_413.png,/home/galoren/Detecture/texture_kseg_ade_pretrain/runs/edge_sota_v1/viz/rwtd/assets/gt_edges/rwtd_413.png,/home/galoren/Detecture/texture_kseg_ade_pretrain/runs/edge_sota_v1/viz/rwtd/assets/pred_edges/rwtd_413.png,/home/galoren/Detecture/texture_kseg_ade_pretrain/runs/edge_sota_v1/viz/rwtd/assets/edge_overlays/rwtd_413.png
rwtd_414,/home/galoren/rwtd_miner_public_site/review/originals/rwtd_414.jpg,/home/galoren/rwtd_miner_public_site/review/masks/rwtd_414.jpg,2,2,False,,0.08343541581597931,0.31663223140495866,0.13206937412474415,0.224212646484375,/home/galoren/Detecture/texture_kseg_ade_pretrain/runs/edge_sota_v1/viz/rwtd/rwtd_414.png,/home/galoren/Detecture/texture_kseg_ade_pretrain/runs/edge_sota_v1/viz/rwtd/assets/original/rwtd_414.png,/home/galoren/Detecture/texture_kseg_ade_pretrain/runs/edge_sota_v1/viz/rwtd/assets/gt_edges/rwtd_414.png,/home/galoren/Detecture/texture_kseg_ade_pretrain/runs/edge_sota_v1/viz/rwtd/assets/pred_edges/rwtd_414.png,/home/galoren/Detecture/texture_kseg_ade_pretrain/runs/edge_sota_v1/viz/rwtd/assets/edge_overlays/rwtd_414.png
rwtd_416,/home/galoren/rwtd_miner_public_site/review/originals/rwtd_416.jpg,/home/galoren/rwtd_miner_public_site/review/masks/rwtd_416.jpg,5,5,False,,0.3120159327284798,0.29572147651006714,0.3036502638096264,0.0689544677734375,/home/galoren/Detecture/texture_kseg_ade_pretrain/runs/edge_sota_v1/viz/rwtd/rwtd_416.png,/home/galoren/Detecture/texture_kseg_ade_pretrain/runs/edge_sota_v1/viz/rwtd/assets/original/rwtd_416.png,/home/galoren/Detecture/texture_kseg_ade_pretrain/runs/edge_sota_v1/viz/rwtd/assets/gt_edges/rwtd_416.png,/home/galoren/Detecture/texture_kseg_ade_pretrain/runs/edge_sota_v1/viz/rwtd/assets/pred_edges/rwtd_416.png,/home/galoren/Detecture/texture_kseg_ade_pretrain/runs/edge_sota_v1/viz/rwtd/assets/edge_overlays/rwtd_416.png
rwtd_417,/home/galoren/rwtd_miner_public_site/review/originals/rwtd_417.jpg,/home/galoren/rwtd_miner_public_site/review/masks/rwtd_417.jpg,7,7,False,,0.3363754889178618,0.1375755421258443,0.1952819477734326,0.0351104736328125,/home/galoren/Detecture/texture_kseg_ade_pretrain/runs/edge_sota_v1/viz/rwtd/rwtd_417.png,/home/galoren/Detecture/texture_kseg_ade_pretrain/runs/edge_sota_v1/viz/rwtd/assets/original/rwtd_417.png,/home/galoren/Detecture/texture_kseg_ade_pretrain/runs/edge_sota_v1/viz/rwtd/assets/gt_edges/rwtd_417.png,/home/galoren/Detecture/texture_kseg_ade_pretrain/runs/edge_sota_v1/viz/rwtd/assets/pred_edges/rwtd_417.png,/home/galoren/Detecture/texture_kseg_ade_pretrain/runs/edge_sota_v1/viz/rwtd/assets/edge_overlays/rwtd_417.png
rwtd_418,/home/galoren/rwtd_miner_public_site/review/originals/rwtd_418.jpg,/home/galoren/rwtd_miner_public_site/review/masks/rwtd_418.jpg,2,2,False,,0.30933410875254436,0.8968133535660091,0.46000172965493386,0.2623748779296875,/home/galoren/Detecture/texture_kseg_ade_pretrain/runs/edge_sota_v1/viz/rwtd/rwtd_418.png,/home/galoren/Detecture/texture_kseg_ade_pretrain/runs/edge_sota_v1/viz/rwtd/assets/original/rwtd_418.png,/home/galoren/Detecture/texture_kseg_ade_pretrain/runs/edge_sota_v1/viz/rwtd/assets/gt_edges/rwtd_418.png,/home/galoren/Detecture/texture_kseg_ade_pretrain/runs/edge_sota_v1/viz/rwtd/assets/pred_edges/rwtd_418.png,/home/galoren/Detecture/texture_kseg_ade_pretrain/runs/edge_sota_v1/viz/rwtd/assets/edge_overlays/rwtd_418.png
rwtd_422,/home/galoren/rwtd_miner_public_site/review/originals/rwtd_422.jpg,/home/galoren/rwtd_miner_public_site/review/masks/rwtd_422.jpg,2,2,False,,0.05708354955889985,0.07857142857142857,0.06612563871355576,0.0294036865234375,/home/galoren/Detecture/texture_kseg_ade_pretrain/runs/edge_sota_v1/viz/rwtd/rwtd_422.png,/home/galoren/Detecture/texture_kseg_ade_pretrain/runs/edge_sota_v1/viz/rwtd/assets/original/rwtd_422.png,/home/galoren/Detecture/texture_kseg_ade_pretrain/runs/edge_sota_v1/viz/rwtd/assets/gt_edges/rwtd_422.png,/home/galoren/Detecture/texture_kseg_ade_pretrain/runs/edge_sota_v1/viz/rwtd/assets/pred_edges/rwtd_422.png,/home/galoren/Detecture/texture_kseg_ade_pretrain/runs/edge_sota_v1/viz/rwtd/assets/edge_overlays/rwtd_422.png
rwtd_423,/home/galoren/rwtd_miner_public_site/review/originals/rwtd_423.jpg,/home/galoren/rwtd_miner_public_site/review/masks/rwtd_423.jpg,2,2,False,,0.6470588235294118,0.003303303303303303,0.006573050492978786,0.0002593994140625,/home/galoren/Detecture/texture_kseg_ade_pretrain/runs/edge_sota_v1/viz/rwtd/rwtd_423.png,/home/galoren/Detecture/texture_kseg_ade_pretrain/runs/edge_sota_v1/viz/rwtd/assets/original/rwtd_423.png,/home/galoren/Detecture/texture_kseg_ade_pretrain/runs/edge_sota_v1/viz/rwtd/assets/gt_edges/rwtd_423.png,/home/galoren/Detecture/texture_kseg_ade_pretrain/runs/edge_sota_v1/viz/rwtd/assets/pred_edges/rwtd_423.png,/home/galoren/Detecture/texture_kseg_ade_pretrain/runs/edge_sota_v1/viz/rwtd/assets/edge_overlays/rwtd_423.png
rwtd_424,/home/galoren/rwtd_miner_public_site/review/originals/rwtd_424.jpg,/home/galoren/rwtd_miner_public_site/review/masks/rwtd_424.jpg,3,3,False,,0.12087912087912088,0.006636500754147813,0.01258221332570775,0.002777099609375,/home/galoren/Detecture/texture_kseg_ade_pretrain/runs/edge_sota_v1/viz/rwtd/rwtd_424.png,/home/galoren/Detecture/texture_kseg_ade_pretrain/runs/edge_sota_v1/viz/rwtd/assets/original/rwtd_424.png,/home/galoren/Detecture/texture_kseg_ade_pretrain/runs/edge_sota_v1/viz/rwtd/assets/gt_edges/rwtd_424.png,/home/galoren/Detecture/texture_kseg_ade_pretrain/runs/edge_sota_v1/viz/rwtd/assets/pred_edges/rwtd_424.png,/home/galoren/Detecture/texture_kseg_ade_pretrain/runs/edge_sota_v1/viz/rwtd/assets/edge_overlays/rwtd_424.png
rwtd_425,/home/galoren/rwtd_miner_public_site/review/originals/rwtd_425.jpg,/home/galoren/rwtd_miner_public_site/review/masks/rwtd_425.jpg,2,2,False,,0.23471114334058496,0.5947932618683002,0.33659762544414595,0.25250244140625,/home/galoren/Detecture/texture_kseg_ade_pretrain/runs/edge_sota_v1/viz/rwtd/rwtd_425.png,/home/galoren/Detecture/texture_kseg_ade_pretrain/runs/edge_sota_v1/viz/rwtd/assets/original/rwtd_425.png,/home/galoren/Detecture/texture_kseg_ade_pretrain/runs/edge_sota_v1/viz/rwtd/assets/gt_edges/rwtd_425.png,/home/galoren/Detecture/texture_kseg_ade_pretrain/runs/edge_sota_v1/viz/rwtd/assets/pred_edges/rwtd_425.png,/home/galoren/Detecture/texture_kseg_ade_pretrain/runs/edge_sota_v1/viz/rwtd/assets/edge_overlays/rwtd_425.png
rwtd_426,/home/galoren/rwtd_miner_public_site/review/originals/rwtd_426.jpg,/home/galoren/rwtd_miner_public_site/review/masks/rwtd_426.jpg,2,2,False,,0.07308317909024623,0.293600721045516,0.11703417613508779,0.2720489501953125,/home/galoren/Detecture/texture_kseg_ade_pretrain/runs/edge_sota_v1/viz/rwtd/rwtd_426.png,/home/galoren/Detecture/texture_kseg_ade_pretrain/runs/edge_sota_v1/viz/rwtd/assets/original/rwtd_426.png,/home/galoren/Detecture/texture_kseg_ade_pretrain/runs/edge_sota_v1/viz/rwtd/assets/gt_edges/rwtd_426.png,/home/galoren/Detecture/texture_kseg_ade_pretrain/runs/edge_sota_v1/viz/rwtd/assets/pred_edges/rwtd_426.png,/home/galoren/Detecture/texture_kseg_ade_pretrain/runs/edge_sota_v1/viz/rwtd/assets/edge_overlays/rwtd_426.png
rwtd_428,/home/galoren/rwtd_miner_public_site/review/originals/rwtd_428.jpg,/home/galoren/rwtd_miner_public_site/review/masks/rwtd_428.jpg,2,2,False,,0.2671385991058122,0.37092602172788414,0.3105912930474334,0.0819091796875,/home/galoren/Detecture/texture_kseg_ade_pretrain/runs/edge_sota_v1/viz/rwtd/rwtd_428.png,/home/galoren/Detecture/texture_kseg_ade_pretrain/runs/edge_sota_v1/viz/rwtd/assets/original/rwtd_428.png,/home/galoren/Detecture/texture_kseg_ade_pretrain/runs/edge_sota_v1/viz/rwtd/assets/gt_edges/rwtd_428.png,/home/galoren/Detecture/texture_kseg_ade_pretrain/runs/edge_sota_v1/viz/rwtd/assets/pred_edges/rwtd_428.png,/home/galoren/Detecture/texture_kseg_ade_pretrain/runs/edge_sota_v1/viz/rwtd/assets/edge_overlays/rwtd_428.png
rwtd_429,/home/galoren/rwtd_miner_public_site/review/originals/rwtd_429.jpg,/home/galoren/rwtd_miner_public_site/review/masks/rwtd_429.jpg,3,3,False,,0.1720754716981132,0.04215976331360947,0.06772612505569582,0.0202178955078125,/home/galoren/Detecture/texture_kseg_ade_pretrain/runs/edge_sota_v1/viz/rwtd/rwtd_429.png,/home/galoren/Detecture/texture_kseg_ade_pretrain/runs/edge_sota_v1/viz/rwtd/assets/original/rwtd_429.png,/home/galoren/Detecture/texture_kseg_ade_pretrain/runs/edge_sota_v1/viz/rwtd/assets/gt_edges/rwtd_429.png,/home/galoren/Detecture/texture_kseg_ade_pretrain/runs/edge_sota_v1/viz/rwtd/assets/pred_edges/rwtd_429.png,/home/galoren/Detecture/texture_kseg_ade_pretrain/runs/edge_sota_v1/viz/rwtd/assets/edge_overlays/rwtd_429.png
rwtd_431,/home/galoren/rwtd_miner_public_site/review/originals/rwtd_431.jpg,/home/galoren/rwtd_miner_public_site/review/masks/rwtd_431.jpg,3,3,False,,0.15282193958664547,0.1512886090891206,0.15205140879881365,0.0767822265625,/home/galoren/Detecture/texture_kseg_ade_pretrain/runs/edge_sota_v1/viz/rwtd/rwtd_431.png,/home/galoren/Detecture/texture_kseg_ade_pretrain/runs/edge_sota_v1/viz/rwtd/assets/original/rwtd_431.png,/home/galoren/Detecture/texture_kseg_ade_pretrain/runs/edge_sota_v1/viz/rwtd/assets/gt_edges/rwtd_431.png,/home/galoren/Detecture/texture_kseg_ade_pretrain/runs/edge_sota_v1/viz/rwtd/assets/pred_edges/rwtd_431.png,/home/galoren/Detecture/texture_kseg_ade_pretrain/runs/edge_sota_v1/viz/rwtd/assets/edge_overlays/rwtd_431.png
rwtd_432,/home/galoren/rwtd_miner_public_site/review/originals/rwtd_432.jpg,/home/galoren/rwtd_miner_public_site/review/masks/rwtd_432.jpg,8,8,False,,0.12894736842105264,0.011499647969960104,0.021116138763197588,0.00579833984375,/home/galoren/Detecture/texture_kseg_ade_pretrain/runs/edge_sota_v1/viz/rwtd/rwtd_432.png,/home/galoren/Detecture/texture_kseg_ade_pretrain/runs/edge_sota_v1/viz/rwtd/assets/original/rwtd_432.png,/home/galoren/Detecture/texture_kseg_ade_pretrain/runs/edge_sota_v1/viz/rwtd/assets/gt_edges/rwtd_432.png,/home/galoren/Detecture/texture_kseg_ade_pretrain/runs/edge_sota_v1/viz/rwtd/assets/pred_edges/rwtd_432.png,/home/galoren/Detecture/texture_kseg_ade_pretrain/runs/edge_sota_v1/viz/rwtd/assets/edge_overlays/rwtd_432.png
rwtd_434,/home/galoren/rwtd_miner_public_site/review/originals/rwtd_434.jpg,/home/galoren/rwtd_miner_public_site/review/masks/rwtd_434.jpg,3,3,False,,0.12353138637126553,0.09608355091383812,0.10809223087090616,0.0454559326171875,/home/galoren/Detecture/texture_kseg_ade_pretrain/runs/edge_sota_v1/viz/rwtd/rwtd_434.png,/home/galoren/Detecture/texture_kseg_ade_pretrain/runs/edge_sota_v1/viz/rwtd/assets/original/rwtd_434.png,/home/galoren/Detecture/texture_kseg_ade_pretrain/runs/edge_sota_v1/viz/rwtd/assets/gt_edges/rwtd_434.png,/home/galoren/Detecture/texture_kseg_ade_pretrain/runs/edge_sota_v1/viz/rwtd/assets/pred_edges/rwtd_434.png,/home/galoren/Detecture/texture_kseg_ade_pretrain/runs/edge_sota_v1/viz/rwtd/assets/edge_overlays/rwtd_434.png
rwtd_436,/home/galoren/rwtd_miner_public_site/review/originals/rwtd_436.jpg,/home/galoren/rwtd_miner_public_site/review/masks/rwtd_436.jpg,2,2,False,,0.24274527867342238,0.3140643623361144,0.27383736035333855,0.066253662109375,/home/galoren/Detecture/texture_kseg_ade_pretrain/runs/edge_sota_v1/viz/rwtd/rwtd_436.png,/home/galoren/Detecture/texture_kseg_ade_pretrain/runs/edge_sota_v1/viz/rwtd/assets/original/rwtd_436.png,/home/galoren/Detecture/texture_kseg_ade_pretrain/runs/edge_sota_v1/viz/rwtd/assets/gt_edges/rwtd_436.png,/home/galoren/Detecture/texture_kseg_ade_pretrain/runs/edge_sota_v1/viz/rwtd/assets/pred_edges/rwtd_436.png,/home/galoren/Detecture/texture_kseg_ade_pretrain/runs/edge_sota_v1/viz/rwtd/assets/edge_overlays/rwtd_436.png
rwtd_437,/home/galoren/rwtd_miner_public_site/review/originals/rwtd_437.jpg,/home/galoren/rwtd_miner_public_site/review/masks/rwtd_437.jpg,2,2,False,,0.07142857142857142,0.0064672594987873885,0.011860637509266123,0.005126953125,/home/galoren/Detecture/texture_kseg_ade_pretrain/runs/edge_sota_v1/viz/rwtd/rwtd_437.png,/home/galoren/Detecture/texture_kseg_ade_pretrain/runs/edge_sota_v1/viz/rwtd/assets/original/rwtd_437.png,/home/galoren/Detecture/texture_kseg_ade_pretrain/runs/edge_sota_v1/viz/rwtd/assets/gt_edges/rwtd_437.png,/home/galoren/Detecture/texture_kseg_ade_pretrain/runs/edge_sota_v1/viz/rwtd/assets/pred_edges/rwtd_437.png,/home/galoren/Detecture/texture_kseg_ade_pretrain/runs/edge_sota_v1/viz/rwtd/assets/edge_overlays/rwtd_437.png
rwtd_44,/home/galoren/rwtd_miner_public_site/review/originals/rwtd_44.jpg,/home/galoren/rwtd_miner_public_site/review/masks/rwtd_44.jpg,2,2,False,,0.5095367847411444,0.04752223634053367,0.08693630869363088,0.0055999755859375,/home/galoren/Detecture/texture_kseg_ade_pretrain/runs/edge_sota_v1/viz/rwtd/rwtd_44.png,/home/galoren/Detecture/texture_kseg_ade_pretrain/runs/edge_sota_v1/viz/rwtd/assets/original/rwtd_44.png,/home/galoren/Detecture/texture_kseg_ade_pretrain/runs/edge_sota_v1/viz/rwtd/assets/gt_edges/rwtd_44.png,/home/galoren/Detecture/texture_kseg_ade_pretrain/runs/edge_sota_v1/viz/rwtd/assets/pred_edges/rwtd_44.png,/home/galoren/Detecture/texture_kseg_ade_pretrain/runs/edge_sota_v1/viz/rwtd/assets/edge_overlays/rwtd_44.png
rwtd_440,/home/galoren/rwtd_miner_public_site/review/originals/rwtd_440.jpg,/home/galoren/rwtd_miner_public_site/review/masks/rwtd_440.jpg,2,2,False,,0.07717330342120023,0.259622641509434,0.11897968006917425,0.1360321044921875,/home/galoren/Detecture/texture_kseg_ade_pretrain/runs/edge_sota_v1/viz/rwtd/rwtd_440.png,/home/galoren/Detecture/texture_kseg_ade_pretrain/runs/edge_sota_v1/viz/rwtd/assets/original/rwtd_440.png,/home/galoren/Detecture/texture_kseg_ade_pretrain/runs/edge_sota_v1/viz/rwtd/assets/gt_edges/rwtd_440.png,/home/galoren/Detecture/texture_kseg_ade_pretrain/runs/edge_sota_v1/viz/rwtd/assets/pred_edges/rwtd_440.png,/home/galoren/Detecture/texture_kseg_ade_pretrain/runs/edge_sota_v1/viz/rwtd/assets/edge_overlays/rwtd_440.png
rwtd_441,/home/galoren/rwtd_miner_public_site/review/originals/rwtd_441.jpg,/home/galoren/rwtd_miner_public_site/review/masks/rwtd_441.jpg,2,2,False,,0.2298229822982298,0.6991177365378765,0.34592804455818155,0.1525726318359375,/home/galoren/Detecture/texture_kseg_ade_pretrain/runs/edge_sota_v1/viz/rwtd/rwtd_441.png,/home/galoren/Detecture/texture_kseg_ade_pretrain/runs/edge_sota_v1/viz/rwtd/assets/original/rwtd_441.png,/home/galoren/Detecture/texture_kseg_ade_pretrain/runs/edge_sota_v1/viz/rwtd/assets/gt_edges/rwtd_441.png,/home/galoren/Detecture/texture_kseg_ade_pretrain/runs/edge_sota_v1/viz/rwtd/assets/pred_edges/rwtd_441.png,/home/galoren/Detecture/texture_kseg_ade_pretrain/runs/edge_sota_v1/viz/rwtd/assets/edge_overlays/rwtd_441.png
rwtd_442,/home/galoren/rwtd_miner_public_site/review/originals/rwtd_442.jpg,/home/galoren/rwtd_miner_public_site/review/masks/rwtd_442.jpg,2,2,False,,0.17801047120418848,0.4043607532210109,0.2471978188427749,0.17486572265625,/home/galoren/Detecture/texture_kseg_ade_pretrain/runs/edge_sota_v1/viz/rwtd/rwtd_442.png,/home/galoren/Detecture/texture_kseg_ade_pretrain/runs/edge_sota_v1/viz/rwtd/assets/original/rwtd_442.png,/home/galoren/Detecture/texture_kseg_ade_pretrain/runs/edge_sota_v1/viz/rwtd/assets/gt_edges/rwtd_442.png,/home/galoren/Detecture/texture_kseg_ade_pretrain/runs/edge_sota_v1/viz/rwtd/assets/pred_edges/rwtd_442.png,/home/galoren/Detecture/texture_kseg_ade_pretrain/runs/edge_sota_v1/viz/rwtd/assets/edge_overlays/rwtd_442.png
rwtd_443,/home/galoren/rwtd_miner_public_site/review/originals/rwtd_443.jpg,/home/galoren/rwtd_miner_public_site/review/masks/rwtd_443.jpg,5,5,False,,0.27675840978593275,0.04136197440585009,0.07196819085487077,0.009979248046875,/home/galoren/Detecture/texture_kseg_ade_pretrain/runs/edge_sota_v1/viz/rwtd/rwtd_443.png,/home/galoren/Detecture/texture_kseg_ade_pretrain/runs/edge_sota_v1/viz/rwtd/assets/original/rwtd_443.png,/home/galoren/Detecture/texture_kseg_ade_pretrain/runs/edge_sota_v1/viz/rwtd/assets/gt_edges/rwtd_443.png,/home/galoren/Detecture/texture_kseg_ade_pretrain/runs/edge_sota_v1/viz/rwtd/assets/pred_edges/rwtd_443.png,/home/galoren/Detecture/texture_kseg_ade_pretrain/runs/edge_sota_v1/viz/rwtd/assets/edge_overlays/rwtd_443.png
rwtd_444,/home/galoren/rwtd_miner_public_site/review/originals/rwtd_444.jpg,/home/galoren/rwtd_miner_public_site/review/masks/rwtd_444.jpg,2,2,False,,0.11747740819073255,0.3626112759643917,0.1774615161196631,0.158721923828125,/home/galoren/Detecture/texture_kseg_ade_pretrain/runs/edge_sota_v1/viz/rwtd/rwtd_444.png,/home/galoren/Detecture/texture_kseg_ade_pretrain/runs/edge_sota_v1/viz/rwtd/assets/original/rwtd_444.png,/home/galoren/Detecture/texture_kseg_ade_pretrain/runs/edge_sota_v1/viz/rwtd/assets/gt_edges/rwtd_444.png,/home/galoren/Detecture/texture_kseg_ade_pretrain/runs/edge_sota_v1/viz/rwtd/assets/pred_edges/rwtd_444.png,/home/galoren/Detecture/texture_kseg_ade_pretrain/runs/edge_sota_v1/viz/rwtd/assets/edge_overlays/rwtd_444.png
rwtd_447,/home/galoren/rwtd_miner_public_site/review/originals/rwtd_447.jpg,/home/galoren/rwtd_miner_public_site/review/masks/rwtd_447.jpg,3,3,False,,0.1,0.0015128593040847202,0.0029806259314456036,0.001068115234375,/home/galoren/Detecture/texture_kseg_ade_pretrain/runs/edge_sota_v1/viz/rwtd/rwtd_447.png,/home/galoren/Detecture/texture_kseg_ade_pretrain/runs/edge_sota_v1/viz/rwtd/assets/original/rwtd_447.png,/home/galoren/Detecture/texture_kseg_ade_pretrain/runs/edge_sota_v1/viz/rwtd/assets/gt_edges/rwtd_447.png,/home/galoren/Detecture/texture_kseg_ade_pretrain/runs/edge_sota_v1/viz/rwtd/assets/pred_edges/rwtd_447.png,/home/galoren/Detecture/texture_kseg_ade_pretrain/runs/edge_sota_v1/viz/rwtd/assets/edge_overlays/rwtd_447.png
rwtd_448,/home/galoren/rwtd_miner_public_site/review/originals/rwtd_448.jpg,/home/galoren/rwtd_miner_public_site/review/masks/rwtd_448.jpg,2,2,False,,0.5912129894937918,0.5096048298572997,0.5473839351510685,0.0479278564453125,/home/galoren/Detecture/texture_kseg_ade_pretrain/runs/edge_sota_v1/viz/rwtd/rwtd_448.png,/home/galoren/Detecture/texture_kseg_ade_pretrain/runs/edge_sota_v1/viz/rwtd/assets/original/rwtd_448.png,/home/galoren/Detecture/texture_kseg_ade_pretrain/runs/edge_sota_v1/viz/rwtd/assets/gt_edges/rwtd_448.png,/home/galoren/Detecture/texture_kseg_ade_pretrain/runs/edge_sota_v1/viz/rwtd/assets/pred_edges/rwtd_448.png,/home/galoren/Detecture/texture_kseg_ade_pretrain/runs/edge_sota_v1/viz/rwtd/assets/edge_overlays/rwtd_448.png
rwtd_449,/home/galoren/rwtd_miner_public_site/review/originals/rwtd_449.jpg,/home/galoren/rwtd_miner_public_site/review/masks/rwtd_449.jpg,2,2,False,,0.4215232316781095,0.6938239159001314,0.5244338498212157,0.0955657958984375,/home/galoren/Detecture/texture_kseg_ade_pretrain/runs/edge_sota_v1/viz/rwtd/rwtd_449.png,/home/galoren/Detecture/texture_kseg_ade_pretrain/runs/edge_sota_v1/viz/rwtd/assets/original/rwtd_449.png,/home/galoren/Detecture/texture_kseg_ade_pretrain/runs/edge_sota_v1/viz/rwtd/assets/gt_edges/rwtd_449.png,/home/galoren/Detecture/texture_kseg_ade_pretrain/runs/edge_sota_v1/viz/rwtd/assets/pred_edges/rwtd_449.png,/home/galoren/Detecture/texture_kseg_ade_pretrain/runs/edge_sota_v1/viz/rwtd/assets/edge_overlays/rwtd_449.png
rwtd_45,/home/galoren/rwtd_miner_public_site/review/originals/rwtd_45.jpg,/home/galoren/rwtd_miner_public_site/review/masks/rwtd_45.jpg,2,2,False,,0.02142857142857143,0.02452316076294278,0.022871664548919948,0.025634765625,/home/galoren/Detecture/texture_kseg_ade_pretrain/runs/edge_sota_v1/viz/rwtd/rwtd_45.png,/home/galoren/Detecture/texture_kseg_ade_pretrain/runs/edge_sota_v1/viz/rwtd/assets/original/rwtd_45.png,/home/galoren/Detecture/texture_kseg_ade_pretrain/runs/edge_sota_v1/viz/rwtd/assets/gt_edges/rwtd_45.png,/home/galoren/Detecture/texture_kseg_ade_pretrain/runs/edge_sota_v1/viz/rwtd/assets/pred_edges/rwtd_45.png,/home/galoren/Detecture/texture_kseg_ade_pretrain/runs/edge_sota_v1/viz/rwtd/assets/edge_overlays/rwtd_45.png
rwtd_450,/home/galoren/rwtd_miner_public_site/review/originals/rwtd_450.jpg,/home/galoren/rwtd_miner_public_site/review/masks/rwtd_450.jpg,2,2,False,,0.27455449647741403,0.519302371154223,0.3592002710945442,0.14727783203125,/home/galoren/Detecture/texture_kseg_ade_pretrain/runs/edge_sota_v1/viz/rwtd/rwtd_450.png,/home/galoren/Detecture/texture_kseg_ade_pretrain/runs/edge_sota_v1/viz/rwtd/assets/original/rwtd_450.png,/home/galoren/Detecture/texture_kseg_ade_pretrain/runs/edge_sota_v1/viz/rwtd/assets/gt_edges/rwtd_450.png,/home/galoren/Detecture/texture_kseg_ade_pretrain/runs/edge_sota_v1/viz/rwtd/assets/pred_edges/rwtd_450.png,/home/galoren/Detecture/texture_kseg_ade_pretrain/runs/edge_sota_v1/viz/rwtd/assets/edge_overlays/rwtd_450.png
rwtd_451,/home/galoren/rwtd_miner_public_site/review/originals/rwtd_451.jpg,/home/galoren/rwtd_miner_public_site/review/masks/rwtd_451.jpg,2,2,False,,0.45961428298644263,0.5781888061494115,0.5121276595744682,0.0799102783203125,/home/galoren/Detecture/texture_kseg_ade_pretrain/runs/edge_sota_v1/viz/rwtd/rwtd_451.png,/home/galoren/Detecture/texture_kseg_ade_pretrain/runs/edge_sota_v1/viz/rwtd/assets/original/rwtd_451.png,/home/galoren/Detecture/texture_kseg_ade_pretrain/runs/edge_sota_v1/viz/rwtd/assets/gt_edges/rwtd_451.png,/home/galoren/Detecture/texture_kseg_ade_pretrain/runs/edge_sota_v1/viz/rwtd/assets/pred_edges/rwtd_451.png,/home/galoren/Detecture/texture_kseg_ade_pretrain/runs/edge_sota_v1/viz/rwtd/assets/edge_overlays/rwtd_451.png
rwtd_452,/home/galoren/rwtd_miner_public_site/review/originals/rwtd_452.jpg,/home/galoren/rwtd_miner_public_site/review/masks/rwtd_452.jpg,2,2,False,,0.1111111111111111,0.009878169245966415,0.018143332325370427,0.004119873046875,/home/galoren/Detecture/texture_kseg_ade_pretrain/runs/edge_sota_v1/viz/rwtd/rwtd_452.png,/home/galoren/Detecture/texture_kseg_ade_pretrain/runs/edge_sota_v1/viz/rwtd/assets/original/rwtd_452.png,/home/galoren/Detecture/texture_kseg_ade_pretrain/runs/edge_sota_v1/viz/rwtd/assets/gt_edges/rwtd_452.png,/home/galoren/Detecture/texture_kseg_ade_pretrain/runs/edge_sota_v1/viz/rwtd/assets/pred_edges/rwtd_452.png,/home/galoren/Detecture/texture_kseg_ade_pretrain/runs/edge_sota_v1/viz/rwtd/assets/edge_overlays/rwtd_452.png
rwtd_453,/home/galoren/rwtd_miner_public_site/review/originals/rwtd_453.jpg,/home/galoren/rwtd_miner_public_site/review/masks/rwtd_453.jpg,3,3,False,,0.35620723362658846,0.27157549560292144,0.3081867388362652,0.0780487060546875,/home/galoren/Detecture/texture_kseg_ade_pretrain/runs/edge_sota_v1/viz/rwtd/rwtd_453.png,/home/galoren/Detecture/texture_kseg_ade_pretrain/runs/edge_sota_v1/viz/rwtd/assets/original/rwtd_453.png,/home/galoren/Detecture/texture_kseg_ade_pretrain/runs/edge_sota_v1/viz/rwtd/assets/gt_edges/rwtd_453.png,/home/galoren/Detecture/texture_kseg_ade_pretrain/runs/edge_sota_v1/viz/rwtd/assets/pred_edges/rwtd_453.png,/home/galoren/Detecture/texture_kseg_ade_pretrain/runs/edge_sota_v1/viz/rwtd/assets/edge_overlays/rwtd_453.png
rwtd_455,/home/galoren/rwtd_miner_public_site/review/originals/rwtd_455.jpg,/home/galoren/rwtd_miner_public_site/review/masks/rwtd_455.jpg,2,2,False,,0.16288659793814433,0.12629896083133493,0.14227825303917155,0.02960205078125,/home/galoren/Detecture/texture_kseg_ade_pretrain/runs/edge_sota_v1/viz/rwtd/rwtd_455.png,/home/galoren/Detecture/texture_kseg_ade_pretrain/runs/edge_sota_v1/viz/rwtd/assets/original/rwtd_455.png,/home/galoren/Detecture/texture_kseg_ade_pretrain/runs/edge_sota_v1/viz/rwtd/assets/gt_edges/rwtd_455.png,/home/galoren/Detecture/texture_kseg_ade_pretrain/runs/edge_sota_v1/viz/rwtd/assets/pred_edges/rwtd_455.png,/home/galoren/Detecture/texture_kseg_ade_pretrain/runs/edge_sota_v1/viz/rwtd/assets/edge_overlays/rwtd_455.png
rwtd_456,/home/galoren/rwtd_miner_public_site/review/originals/rwtd_456.jpg,/home/galoren/rwtd_miner_public_site/review/masks/rwtd_456.jpg,5,5,False,,0.11424300661968824,0.3561324679647196,0.1729921991835415,0.28582763671875,/home/galoren/Detecture/texture_kseg_ade_pretrain/runs/edge_sota_v1/viz/rwtd/rwtd_456.png,/home/galoren/Detecture/texture_kseg_ade_pretrain/runs/edge_sota_v1/viz/rwtd/assets/original/rwtd_456.png,/home/galoren/Detecture/texture_kseg_ade_pretrain/runs/edge_sota_v1/viz/rwtd/assets/gt_edges/rwtd_456.png,/home/galoren/Detecture/texture_kseg_ade_pretrain/runs/edge_sota_v1/viz/rwtd/assets/pred_edges/rwtd_456.png,/home/galoren/Detecture/texture_kseg_ade_pretrain/runs/edge_sota_v1/viz/rwtd/assets/edge_overlays/rwtd_456.png
rwtd_457,/home/galoren/rwtd_miner_public_site/review/originals/rwtd_457.jpg,/home/galoren/rwtd_miner_public_site/review/masks/rwtd_457.jpg,2,2,False,,0.07062867857700922,0.4427032321253673,0.12182193872967388,0.2929534912109375,/home/galoren/Detecture/texture_kseg_ade_pretrain/runs/edge_sota_v1/viz/rwtd/rwtd_457.png,/home/galoren/Detecture/texture_kseg_ade_pretrain/runs/edge_sota_v1/viz/rwtd/assets/original/rwtd_457.png,/home/galoren/Detecture/texture_kseg_ade_pretrain/runs/edge_sota_v1/viz/rwtd/assets/gt_edges/rwtd_457.png,/home/galoren/Detecture/texture_kseg_ade_pretrain/runs/edge_sota_v1/viz/rwtd/assets/pred_edges/rwtd_457.png,/home/galoren/Detecture/texture_kseg_ade_pretrain/runs/edge_sota_v1/viz/rwtd/assets/edge_overlays/rwtd_457.png
rwtd_461,/home/galoren/rwtd_miner_public_site/review/originals/rwtd_461.jpg,/home/galoren/rwtd_miner_public_site/review/masks/rwtd_461.jpg,2,2,False,,0.0,0.0,0.0,0.0005340576171875,/home/galoren/Detecture/texture_kseg_ade_pretrain/runs/edge_sota_v1/viz/rwtd/rwtd_461.png,/home/galoren/Detecture/texture_kseg_ade_pretrain/runs/edge_sota_v1/viz/rwtd/assets/original/rwtd_461.png,/home/galoren/Detecture/texture_kseg_ade_pretrain/runs/edge_sota_v1/viz/rwtd/assets/gt_edges/rwtd_461.png,/home/galoren/Detecture/texture_kseg_ade_pretrain/runs/edge_sota_v1/viz/rwtd/assets/pred_edges/rwtd_461.png,/home/galoren/Detecture/texture_kseg_ade_pretrain/runs/edge_sota_v1/viz/rwtd/assets/edge_overlays/rwtd_461.png
rwtd_463,/home/galoren/rwtd_miner_public_site/review/originals/rwtd_463.jpg,/home/galoren/rwtd_miner_public_site/review/masks/rwtd_463.jpg,3,3,False,,0.4789762340036563,0.16004886988393402,0.2399267399267399,0.016693115234375,/home/galoren/Detecture/texture_kseg_ade_pretrain/runs/edge_sota_v1/viz/rwtd/rwtd_463.png,/home/galoren/Detecture/texture_kseg_ade_pretrain/runs/edge_sota_v1/viz/rwtd/assets/original/rwtd_463.png,/home/galoren/Detecture/texture_kseg_ade_pretrain/runs/edge_sota_v1/viz/rwtd/assets/gt_edges/rwtd_463.png,/home/galoren/Detecture/texture_kseg_ade_pretrain/runs/edge_sota_v1/viz/rwtd/assets/pred_edges/rwtd_463.png,/home/galoren/Detecture/texture_kseg_ade_pretrain/runs/edge_sota_v1/viz/rwtd/assets/edge_overlays/rwtd_463.png
rwtd_464,/home/galoren/rwtd_miner_public_site/review/originals/rwtd_464.jpg,/home/galoren/rwtd_miner_public_site/review/masks/rwtd_464.jpg,2,2,False,,0.06553338260655334,0.3113538821693328,0.10827679782903664,0.1858062744140625,/home/galoren/Detecture/texture_kseg_ade_pretrain/runs/edge_sota_v1/viz/rwtd/rwtd_464.png,/home/galoren/Detecture/texture_kseg_ade_pretrain/runs/edge_sota_v1/viz/rwtd/assets/original/rwtd_464.png,/home/galoren/Detecture/texture_kseg_ade_pretrain/runs/edge_sota_v1/viz/rwtd/assets/gt_edges/rwtd_464.png,/home/galoren/Detecture/texture_kseg_ade_pretrain/runs/edge_sota_v1/viz/rwtd/assets/pred_edges/rwtd_464.png,/home/galoren/Detecture/texture_kseg_ade_pretrain/runs/edge_sota_v1/viz/rwtd/assets/edge_overlays/rwtd_464.png
rwtd_465,/home/galoren/rwtd_miner_public_site/review/originals/rwtd_465.jpg,/home/galoren/rwtd_miner_public_site/review/masks/rwtd_465.jpg,2,2,False,,0.09249658935879945,0.21948850760764002,0.1301468471062482,0.111846923828125,/home/galoren/Detecture/texture_kseg_ade_pretrain/runs/edge_sota_v1/viz/rwtd/rwtd_465.png,/home/galoren/Detecture/texture_kseg_ade_pretrain/runs/edge_sota_v1/viz/rwtd/assets/original/rwtd_465.png,/home/galoren/Detecture/texture_kseg_ade_pretrain/runs/edge_sota_v1/viz/rwtd/assets/gt_edges/rwtd_465.png,/home/galoren/Detecture/texture_kseg_ade_pretrain/runs/edge_sota_v1/viz/rwtd/assets/pred_edges/rwtd_465.png,/home/galoren/Detecture/texture_kseg_ade_pretrain/runs/edge_sota_v1/viz/rwtd/assets/edge_overlays/rwtd_465.png
rwtd_466,/home/galoren/rwtd_miner_public_site/review/originals/rwtd_466.jpg,/home/galoren/rwtd_miner_public_site/review/masks/rwtd_466.jpg,2,2,False,,0.0,0.0,0.0,0.0,/home/galoren/Detecture/texture_kseg_ade_pretrain/runs/edge_sota_v1/viz/rwtd/rwtd_466.png,/home/galoren/Detecture/texture_kseg_ade_pretrain/runs/edge_sota_v1/viz/rwtd/assets/original/rwtd_466.png,/home/galoren/Detecture/texture_kseg_ade_pretrain/runs/edge_sota_v1/viz/rwtd/assets/gt_edges/rwtd_466.png,/home/galoren/Detecture/texture_kseg_ade_pretrain/runs/edge_sota_v1/viz/rwtd/assets/pred_edges/rwtd_466.png,/home/galoren/Detecture/texture_kseg_ade_pretrain/runs/edge_sota_v1/viz/rwtd/assets/edge_overlays/rwtd_466.png
rwtd_467,/home/galoren/rwtd_miner_public_site/review/originals/rwtd_467.jpg,/home/galoren/rwtd_miner_public_site/review/masks/rwtd_467.jpg,4,4,False,,0.0,0.0,0.0,0.001434326171875,/home/galoren/Detecture/texture_kseg_ade_pretrain/runs/edge_sota_v1/viz/rwtd/rwtd_467.png,/home/galoren/Detecture/texture_kseg_ade_pretrain/runs/edge_sota_v1/viz/rwtd/assets/original/rwtd_467.png,/home/galoren/Detecture/texture_kseg_ade_pretrain/runs/edge_sota_v1/viz/rwtd/assets/gt_edges/rwtd_467.png,/home/galoren/Detecture/texture_kseg_ade_pretrain/runs/edge_sota_v1/viz/rwtd/assets/pred_edges/rwtd_467.png,/home/galoren/Detecture/texture_kseg_ade_pretrain/runs/edge_sota_v1/viz/rwtd/assets/edge_overlays/rwtd_467.png
rwtd_468,/home/galoren/rwtd_miner_public_site/review/originals/rwtd_468.jpg,/home/galoren/rwtd_miner_public_site/review/masks/rwtd_468.jpg,2,2,False,,0.3303480040941658,0.32874968169085816,0.32954690491384814,0.05963134765625,/home/galoren/Detecture/texture_kseg_ade_pretrain/runs/edge_sota_v1/viz/rwtd/rwtd_468.png,/home/galoren/Detecture/texture_kseg_ade_pretrain/runs/edge_sota_v1/viz/rwtd/assets/original/rwtd_468.png,/home/galoren/Detecture/texture_kseg_ade_pretrain/runs/edge_sota_v1/viz/rwtd/assets/gt_edges/rwtd_468.png,/home/galoren/Detecture/texture_kseg_ade_pretrain/runs/edge_sota_v1/viz/rwtd/assets/pred_edges/rwtd_468.png,/home/galoren/Detecture/texture_kseg_ade_pretrain/runs/edge_sota_v1/viz/rwtd/assets/edge_overlays/rwtd_468.png
rwtd_469,/home/galoren/rwtd_miner_public_site/review/originals/rwtd_469.jpg,/home/galoren/rwtd_miner_public_site/review/masks/rwtd_469.jpg,2,2,False,,0.21002467875074463,0.7362768496420048,0.32682248559888766,0.1793060302734375,/home/galoren/Detecture/texture_kseg_ade_pretrain/runs/edge_sota_v1/viz/rwtd/rwtd_469.png,/home/galoren/Detecture/texture_kseg_ade_pretrain/runs/edge_sota_v1/viz/rwtd/assets/original/rwtd_469.png,/home/galoren/Detecture/texture_kseg_ade_pretrain/runs/edge_sota_v1/viz/rwtd/assets/gt_edges/rwtd_469.png,/home/galoren/Detecture/texture_kseg_ade_pretrain/runs/edge_sota_v1/viz/rwtd/assets/pred_edges/rwtd_469.png,/home/galoren/Detecture/texture_kseg_ade_pretrain/runs/edge_sota_v1/viz/rwtd/assets/edge_overlays/rwtd_469.png
rwtd_47,/home/galoren/rwtd_miner_public_site/review/originals/rwtd_47.jpg,/home/galoren/rwtd_miner_public_site/review/masks/rwtd_47.jpg,3,3,False,,0.039150129421915446,0.08705035971223021,0.054009819967266774,0.1414794921875,/home/galoren/Detecture/texture_kseg_ade_pretrain/runs/edge_sota_v1/viz/rwtd/rwtd_47.png,/home/galoren/Detecture/texture_kseg_ade_pretrain/runs/edge_sota_v1/viz/rwtd/assets/original/rwtd_47.png,/home/galoren/Detecture/texture_kseg_ade_pretrain/runs/edge_sota_v1/viz/rwtd/assets/gt_edges/rwtd_47.png,/home/galoren/Detecture/texture_kseg_ade_pretrain/runs/edge_sota_v1/viz/rwtd/assets/pred_edges/rwtd_47.png,/home/galoren/Detecture/texture_kseg_ade_pretrain/runs/edge_sota_v1/viz/rwtd/assets/edge_overlays/rwtd_47.png
rwtd_471,/home/galoren/rwtd_miner_public_site/review/originals/rwtd_471.jpg,/home/galoren/rwtd_miner_public_site/review/masks/rwtd_471.jpg,3,3,False,,0.1084106172049888,0.1911654135338346,0.138357934834365,0.1431427001953125,/home/galoren/Detecture/texture_kseg_ade_pretrain/runs/edge_sota_v1/viz/rwtd/rwtd_471.png,/home/galoren/Detecture/texture_kseg_ade_pretrain/runs/edge_sota_v1/viz/rwtd/assets/original/rwtd_471.png,/home/galoren/Detecture/texture_kseg_ade_pretrain/runs/edge_sota_v1/viz/rwtd/assets/gt_edges/rwtd_471.png,/home/galoren/Detecture/texture_kseg_ade_pretrain/runs/edge_sota_v1/viz/rwtd/assets/pred_edges/rwtd_471.png,/home/galoren/Detecture/texture_kseg_ade_pretrain/runs/edge_sota_v1/viz/rwtd/assets/edge_overlays/rwtd_471.png
rwtd_472,/home/galoren/rwtd_miner_public_site/review/originals/rwtd_472.jpg,/home/galoren/rwtd_miner_public_site/review/masks/rwtd_472.jpg,2,2,False,,0.34543233574731697,0.6928596429821491,0.461018922852984,0.1748809814453125,/home/galoren/Detecture/texture_kseg_ade_pretrain/runs/edge_sota_v1/viz/rwtd/rwtd_472.png,/home/galoren/Detecture/texture_kseg_ade_pretrain/runs/edge_sota_v1/viz/rwtd/assets/original/rwtd_472.png,/home/galoren/Detecture/texture_kseg_ade_pretrain/runs/edge_sota_v1/viz/rwtd/assets/gt_edges/rwtd_472.png,/home/galoren/Detecture/texture_kseg_ade_pretrain/runs/edge_sota_v1/viz/rwtd/assets/pred_edges/rwtd_472.png,/home/galoren/Detecture/texture_kseg_ade_pretrain/runs/edge_sota_v1/viz/rwtd/assets/edge_overlays/rwtd_472.png
rwtd_473,/home/galoren/rwtd_miner_public_site/review/originals/rwtd_473.jpg,/home/galoren/rwtd_miner_public_site/review/masks/rwtd_473.jpg,4,4,False,,0.0,0.0,0.0,0.0160675048828125,/home/galoren/Detecture/texture_kseg_ade_pretrain/runs/edge_sota_v1/viz/rwtd/rwtd_473.png,/home/galoren/Detecture/texture_kseg_ade_pretrain/runs/edge_sota_v1/viz/rwtd/assets/original/rwtd_473.png,/home/galoren/Detecture/texture_kseg_ade_pretrain/runs/edge_sota_v1/viz/rwtd/assets/gt_edges/rwtd_473.png,/home/galoren/Detecture/texture_kseg_ade_pretrain/runs/edge_sota_v1/viz/rwtd/assets/pred_edges/rwtd_473.png,/home/galoren/Detecture/texture_kseg_ade_pretrain/runs/edge_sota_v1/viz/rwtd/assets/edge_overlays/rwtd_473.png
rwtd_474,/home/galoren/rwtd_miner_public_site/review/originals/rwtd_474.jpg,/home/galoren/rwtd_miner_public_site/review/masks/rwtd_474.jpg,5,5,False,,0.4548928040755678,0.37669186148708034,0.41211538461538455,0.0718841552734375,/home/galoren/Detecture/texture_kseg_ade_pretrain/runs/edge_sota_v1/viz/rwtd/rwtd_474.png,/home/galoren/Detecture/texture_kseg_ade_pretrain/runs/edge_sota_v1/viz/rwtd/assets/original/rwtd_474.png,/home/galoren/Detecture/texture_kseg_ade_pretrain/runs/edge_sota_v1/viz/rwtd/assets/gt_edges/rwtd_474.png,/home/galoren/Detecture/texture_kseg_ade_pretrain/runs/edge_sota_v1/viz/rwtd/assets/pred_edges/rwtd_474.png,/home/galoren/Detecture/texture_kseg_ade_pretrain/runs/edge_sota_v1/viz/rwtd/assets/edge_overlays/rwtd_474.png
rwtd_475,/home/galoren/rwtd_miner_public_site/review/originals/rwtd_475.jpg,/home/galoren/rwtd_miner_public_site/review/masks/rwtd_475.jpg,2,2,False,,0.4725274725274725,0.00763765541740675,0.015032337004020279,0.0013885498046875,/home/galoren/Detecture/texture_kseg_ade_pretrain/runs/edge_sota_v1/viz/rwtd/rwtd_475.png,/home/galoren/Detecture/texture_kseg_ade_pretrain/runs/edge_sota_v1/viz/rwtd/assets/original/rwtd_475.png,/home/galoren/Detecture/texture_kseg_ade_pretrain/runs/edge_sota_v1/viz/rwtd/assets/gt_edges/rwtd_475.png,/home/galoren/Detecture/texture_kseg_ade_pretrain/runs/edge_sota_v1/viz/rwtd/assets/pred_edges/rwtd_475.png,/home/galoren/Detecture/texture_kseg_ade_pretrain/runs/edge_sota_v1/viz/rwtd/assets/edge_overlays/rwtd_475.png
rwtd_476,/home/galoren/rwtd_miner_public_site/review/originals/rwtd_476.jpg,/home/galoren/rwtd_miner_public_site/review/masks/rwtd_476.jpg,2,2,False,,0.04945818282856349,0.04096662830840046,0.04481369587109769,0.0549163818359375,/home/galoren/Detecture/texture_kseg_ade_pretrain/runs/edge_sota_v1/viz/rwtd/rwtd_476.png,/home/galoren/Detecture/texture_kseg_ade_pretrain/runs/edge_sota_v1/viz/rwtd/assets/original/rwtd_476.png,/home/galoren/Detecture/texture_kseg_ade_pretrain/runs/edge_sota_v1/viz/rwtd/assets/gt_edges/rwtd_476.png,/home/galoren/Detecture/texture_kseg_ade_pretrain/runs/edge_sota_v1/viz/rwtd/assets/pred_edges/rwtd_476.png,/home/galoren/Detecture/texture_kseg_ade_pretrain/runs/edge_sota_v1/viz/rwtd/assets/edge_overlays/rwtd_476.png
rwtd_478,/home/galoren/rwtd_miner_public_site/review/originals/rwtd_478.jpg,/home/galoren/rwtd_miner_public_site/review/masks/rwtd_478.jpg,2,2,False,,0.10994254552536761,0.1833387463462163,0.13745662628599256,0.1566925048828125,/home/galoren/Detecture/texture_kseg_ade_pretrain/runs/edge_sota_v1/viz/rwtd/rwtd_478.png,/home/galoren/Detecture/texture_kseg_ade_pretrain/runs/edge_sota_v1/viz/rwtd/assets/original/rwtd_478.png,/home/galoren/Detecture/texture_kseg_ade_pretrain/runs/edge_sota_v1/viz/rwtd/assets/gt_edges/rwtd_478.png,/home/galoren/Detecture/texture_kseg_ade_pretrain/runs/edge_sota_v1/viz/rwtd/assets/pred_edges/rwtd_478.png,/home/galoren/Detecture/texture_kseg_ade_pretrain/runs/edge_sota_v1/viz/rwtd/assets/edge_overlays/rwtd_478.png
rwtd_479,/home/galoren/rwtd_miner_public_site/review/originals/rwtd_479.jpg,/home/galoren/rwtd_miner_public_site/review/masks/rwtd_479.jpg,2,2,False,,0.35108958837772397,0.11674718196457327,0.17522658610271905,0.012603759765625,/home/galoren/Detecture/texture_kseg_ade_pretrain/runs/edge_sota_v1/viz/rwtd/rwtd_479.png,/home/galoren/Detecture/texture_kseg_ade_pretrain/runs/edge_sota_v1/viz/rwtd/assets/original/rwtd_479.png,/home/galoren/Detecture/texture_kseg_ade_pretrain/runs/edge_sota_v1/viz/rwtd/assets/gt_edges/rwtd_479.png,/home/galoren/Detecture/texture_kseg_ade_pretrain/runs/edge_sota_v1/viz/rwtd/assets/pred_edges/rwtd_479.png,/home/galoren/Detecture/texture_kseg_ade_pretrain/runs/edge_sota_v1/viz/rwtd/assets/edge_overlays/rwtd_479.png
rwtd_48,/home/galoren/rwtd_miner_public_site/review/originals/rwtd_48.jpg,/home/galoren/rwtd_miner_public_site/review/masks/rwtd_48.jpg,2,2,False,,0.14483906770255273,0.5118762257572456,0.22578939779881774,0.247467041015625,/home/galoren/Detecture/texture_kseg_ade_pretrain/runs/edge_sota_v1/viz/rwtd/rwtd_48.png,/home/galoren/Detecture/texture_kseg_ade_pretrain/runs/edge_sota_v1/viz/rwtd/assets/original/rwtd_48.png,/home/galoren/Detecture/texture_kseg_ade_pretrain/runs/edge_sota_v1/viz/rwtd/assets/gt_edges/rwtd_48.png,/home/galoren/Detecture/texture_kseg_ade_pretrain/runs/edge_sota_v1/viz/rwtd/assets/pred_edges/rwtd_48.png,/home/galoren/Detecture/texture_kseg_ade_pretrain/runs/edge_sota_v1/viz/rwtd/assets/edge_overlays/rwtd_48.png
rwtd_485,/home/galoren/rwtd_miner_public_site/review/originals/rwtd_485.jpg,/home/galoren/rwtd_miner_public_site/review/masks/rwtd_485.jpg,2,2,False,,0.38596491228070173,0.6516338620294286,0.4847881717372762,0.1348114013671875,/home/galoren/Detecture/texture_kseg_ade_pretrain/runs/edge_sota_v1/viz/rwtd/rwtd_485.png,/home/galoren/Detecture/texture_kseg_ade_pretrain/runs/edge_sota_v1/viz/rwtd/assets/original/rwtd_485.png,/home/galoren/Detecture/texture_kseg_ade_pretrain/runs/edge_sota_v1/viz/rwtd/assets/gt_edges/rwtd_485.png,/home/galoren/Detecture/texture_kseg_ade_pretrain/runs/edge_sota_v1/viz/rwtd/assets/pred_edges/rwtd_485.png,/home/galoren/Detecture/texture_kseg_ade_pretrain/runs/edge_sota_v1/viz/rwtd/assets/edge_overlays/rwtd_485.png
rwtd_492,/home/galoren/rwtd_miner_public_site/review/originals/rwtd_492.jpg,/home/galoren/rwtd_miner_public_site/review/masks/rwtd_492.jpg,2,2,False,,0.03129028477674909,0.15231032515687393,0.05191522457709508,0.1302032470703125,/home/galoren/Detecture/texture_kseg_ade_pretrain/runs/edge_sota_v1/viz/rwtd/rwtd_492.png,/home/galoren/Detecture/texture_kseg_ade_pretrain/runs/edge_sota_v1/viz/rwtd/assets/original/rwtd_492.png,/home/galoren/Detecture/texture_kseg_ade_pretrain/runs/edge_sota_v1/viz/rwtd/assets/gt_edges/rwtd_492.png,/home/galoren/Detecture/texture_kseg_ade_pretrain/runs/edge_sota_v1/viz/rwtd/assets/pred_edges/rwtd_492.png,/home/galoren/Detecture/texture_kseg_ade_pretrain/runs/edge_sota_v1/viz/rwtd/assets/edge_overlays/rwtd_492.png
rwtd_5,/home/galoren/rwtd_miner_public_site/review/originals/rwtd_5.jpg,/home/galoren/rwtd_miner_public_site/review/masks/rwtd_5.jpg,2,2,False,,0.017436791630340016,0.022701475595913734,0.019723865877712028,0.035003662109375,/home/galoren/Detecture/texture_kseg_ade_pretrain/runs/edge_sota_v1/viz/rwtd/rwtd_5.png,/home/galoren/Detecture/texture_kseg_ade_pretrain/runs/edge_sota_v1/viz/rwtd/assets/original/rwtd_5.png,/home/galoren/Detecture/texture_kseg_ade_pretrain/runs/edge_sota_v1/viz/rwtd/assets/gt_edges/rwtd_5.png,/home/galoren/Detecture/texture_kseg_ade_pretrain/runs/edge_sota_v1/viz/rwtd/assets/pred_edges/rwtd_5.png,/home/galoren/Detecture/texture_kseg_ade_pretrain/runs/edge_sota_v1/viz/rwtd/assets/edge_overlays/rwtd_5.png
rwtd_51,/home/galoren/rwtd_miner_public_site/review/originals/rwtd_51.jpg,/home/galoren/rwtd_miner_public_site/review/masks/rwtd_51.jpg,2,2,False,,0.483271375464684,0.7948860478043357,0.6010928961748635,0.0451507568359375,/home/galoren/Detecture/texture_kseg_ade_pretrain/runs/edge_sota_v1/viz/rwtd/rwtd_51.png,/home/galoren/Detecture/texture_kseg_ade_pretrain/runs/edge_sota_v1/viz/rwtd/assets/original/rwtd_51.png,/home/galoren/Detecture/texture_kseg_ade_pretrain/runs/edge_sota_v1/viz/rwtd/assets/gt_edges/rwtd_51.png,/home/galoren/Detecture/texture_kseg_ade_pretrain/runs/edge_sota_v1/viz/rwtd/assets/pred_edges/rwtd_51.png,/home/galoren/Detecture/texture_kseg_ade_pretrain/runs/edge_sota_v1/viz/rwtd/assets/edge_overlays/rwtd_51.png
rwtd_54,/home/galoren/rwtd_miner_public_site/review/originals/rwtd_54.jpg,/home/galoren/rwtd_miner_public_site/review/masks/rwtd_54.jpg,2,2,False,,0.14012738853503184,0.01782458983188171,0.03162623539982031,0.00958251953125,/home/galoren/Detecture/texture_kseg_ade_pretrain/runs/edge_sota_v1/viz/rwtd/rwtd_54.png,/home/galoren/Detecture/texture_kseg_ade_pretrain/runs/edge_sota_v1/viz/rwtd/assets/original/rwtd_54.png,/home/galoren/Detecture/texture_kseg_ade_pretrain/runs/edge_sota_v1/viz/rwtd/assets/gt_edges/rwtd_54.png,/home/galoren/Detecture/texture_kseg_ade_pretrain/runs/edge_sota_v1/viz/rwtd/assets/pred_edges/rwtd_54.png,/home/galoren/Detecture/texture_kseg_ade_pretrain/runs/edge_sota_v1/viz/rwtd/assets/edge_overlays/rwtd_54.png
rwtd_56,/home/galoren/rwtd_miner_public_site/review/originals/rwtd_56.jpg,/home/galoren/rwtd_miner_public_site/review/masks/rwtd_56.jpg,3,3,False,,0.5454545454545454,0.0009800718719372753,0.0019566280776129137,0.0001678466796875,/home/galoren/Detecture/texture_kseg_ade_pretrain/runs/edge_sota_v1/viz/rwtd/rwtd_56.png,/home/galoren/Detecture/texture_kseg_ade_pretrain/runs/edge_sota_v1/viz/rwtd/assets/original/rwtd_56.png,/home/galoren/Detecture/texture_kseg_ade_pretrain/runs/edge_sota_v1/viz/rwtd/assets/gt_edges/rwtd_56.png,/home/galoren/Detecture/texture_kseg_ade_pretrain/runs/edge_sota_v1/viz/rwtd/assets/pred_edges/rwtd_56.png,/home/galoren/Detecture/texture_kseg_ade_pretrain/runs/edge_sota_v1/viz/rwtd/assets/edge_overlays/rwtd_56.png
rwtd_58,/home/galoren/rwtd_miner_public_site/review/originals/rwtd_58.jpg,/home/galoren/rwtd_miner_public_site/review/masks/rwtd_58.jpg,2,2,False,,0.040748898678414094,0.01488933601609658,0.021809608016504566,0.01385498046875,/home/galoren/Detecture/texture_kseg_ade_pretrain/runs/edge_sota_v1/viz/rwtd/rwtd_58.png,/home/galoren/Detecture/texture_kseg_ade_pretrain/runs/edge_sota_v1/viz/rwtd/assets/original/rwtd_58.png,/home/galoren/Detecture/texture_kseg_ade_pretrain/runs/edge_sota_v1/viz/rwtd/assets/gt_edges/rwtd_58.png,/home/galoren/Detecture/texture_kseg_ade_pretrain/runs/edge_sota_v1/viz/rwtd/assets/pred_edges/rwtd_58.png,/home/galoren/Detecture/texture_kseg_ade_pretrain/runs/edge_sota_v1/viz/rwtd/assets/edge_overlays/rwtd_58.png
rwtd_59,/home/galoren/rwtd_miner_public_site/review/originals/rwtd_59.jpg,/home/galoren/rwtd_miner_public_site/review/masks/rwtd_59.jpg,2,2,False,,0.10388782664117271,0.03712984054669704,0.05470716563181741,0.0239410400390625,/home/galoren/Detecture/texture_kseg_ade_pretrain/runs/edge_sota_v1/viz/rwtd/rwtd_59.png,/home/galoren/Detecture/texture_kseg_ade_pretrain/runs/edge_sota_v1/viz/rwtd/assets/original/rwtd_59.png,/home/galoren/Detecture/texture_kseg_ade_pretrain/runs/edge_sota_v1/viz/rwtd/assets/gt_edges/rwtd_59.png,/home/galoren/Detecture/texture_kseg_ade_pretrain/runs/edge_sota_v1/viz/rwtd/assets/pred_edges/rwtd_59.png,/home/galoren/Detecture/texture_kseg_ade_pretrain/runs/edge_sota_v1/viz/rwtd/assets/edge_overlays/rwtd_59.png
rwtd_60,/home/galoren/rwtd_miner_public_site/review/originals/rwtd_60.jpg,/home/galoren/rwtd_miner_public_site/review/masks/rwtd_60.jpg,2,2,False,,0.5007102272727273,0.36061381074168797,0.4192685102586976,0.021484375,/home/galoren/Detecture/texture_kseg_ade_pretrain/runs/edge_sota_v1/viz/rwtd/rwtd_60.png,/home/galoren/Detecture/texture_kseg_ade_pretrain/runs/edge_sota_v1/viz/rwtd/assets/original/rwtd_60.png,/home/galoren/Detecture/texture_kseg_ade_pretrain/runs/edge_sota_v1/viz/rwtd/assets/gt_edges/rwtd_60.png,/home/galoren/Detecture/texture_kseg_ade_pretrain/runs/edge_sota_v1/viz/rwtd/assets/pred_edges/rwtd_60.png,/home/galoren/Detecture/texture_kseg_ade_pretrain/runs/edge_sota_v1/viz/rwtd/assets/edge_overlays/rwtd_60.png
rwtd_63,/home/galoren/rwtd_miner_public_site/review/originals/rwtd_63.jpg,/home/galoren/rwtd_miner_public_site/review/masks/rwtd_63.jpg,2,2,False,,0.0,0.0,0.0,0.0017547607421875,/home/galoren/Detecture/texture_kseg_ade_pretrain/runs/edge_sota_v1/viz/rwtd/rwtd_63.png,/home/galoren/Detecture/texture_kseg_ade_pretrain/runs/edge_sota_v1/viz/rwtd/assets/original/rwtd_63.png,/home/galoren/Detecture/texture_kseg_ade_pretrain/runs/edge_sota_v1/viz/rwtd/assets/gt_edges/rwtd_63.png,/home/galoren/Detecture/texture_kseg_ade_pretrain/runs/edge_sota_v1/viz/rwtd/assets/pred_edges/rwtd_63.png,/home/galoren/Detecture/texture_kseg_ade_pretrain/runs/edge_sota_v1/viz/rwtd/assets/edge_overlays/rwtd_63.png
rwtd_67,/home/galoren/rwtd_miner_public_site/review/originals/rwtd_67.jpg,/home/galoren/rwtd_miner_public_site/review/masks/rwtd_67.jpg,6,6,False,,0.0,0.0,0.0,0.0,/home/galoren/Detecture/texture_kseg_ade_pretrain/runs/edge_sota_v1/viz/rwtd/rwtd_67.png,/home/galoren/Detecture/texture_kseg_ade_pretrain/runs/edge_sota_v1/viz/rwtd/assets/original/rwtd_67.png,/home/galoren/Detecture/texture_kseg_ade_pretrain/runs/edge_sota_v1/viz/rwtd/assets/gt_edges/rwtd_67.png,/home/galoren/Detecture/texture_kseg_ade_pretrain/runs/edge_sota_v1/viz/rwtd/assets/pred_edges/rwtd_67.png,/home/galoren/Detecture/texture_kseg_ade_pretrain/runs/edge_sota_v1/viz/rwtd/assets/edge_overlays/rwtd_67.png
rwtd_69,/home/galoren/rwtd_miner_public_site/review/originals/rwtd_69.jpg,/home/galoren/rwtd_miner_public_site/review/masks/rwtd_69.jpg,2,2,False,,0.24527574238333977,0.2460348162475822,0.24565469293163383,0.0395660400390625,/home/galoren/Detecture/texture_kseg_ade_pretrain/runs/edge_sota_v1/viz/rwtd/rwtd_69.png,/home/galoren/Detecture/texture_kseg_ade_pretrain/runs/edge_sota_v1/viz/rwtd/assets/original/rwtd_69.png,/home/galoren/Detecture/texture_kseg_ade_pretrain/runs/edge_sota_v1/viz/rwtd/assets/gt_edges/rwtd_69.png,/home/galoren/Detecture/texture_kseg_ade_pretrain/runs/edge_sota_v1/viz/rwtd/assets/pred_edges/rwtd_69.png,/home/galoren/Detecture/texture_kseg_ade_pretrain/runs/edge_sota_v1/viz/rwtd/assets/edge_overlays/rwtd_69.png
rwtd_70,/home/galoren/rwtd_miner_public_site/review/originals/rwtd_70.jpg,/home/galoren/rwtd_miner_public_site/review/masks/rwtd_70.jpg,2,2,False,,0.01054713249835201,0.00842548709847288,0.009367681498829038,0.0231475830078125,/home/galoren/Detecture/texture_kseg_ade_pretrain/runs/edge_sota_v1/viz/rwtd/rwtd_70.png,/home/galoren/Detecture/texture_kseg_ade_pretrain/runs/edge_sota_v1/viz/rwtd/assets/original/rwtd_70.png,/home/galoren/Detecture/texture_kseg_ade_pretrain/runs/edge_sota_v1/viz/rwtd/assets/gt_edges/rwtd_70.png,/home/galoren/Detecture/texture_kseg_ade_pretrain/runs/edge_sota_v1/viz/rwtd/assets/pred_edges/rwtd_70.png,/home/galoren/Detecture/texture_kseg_ade_pretrain/runs/edge_sota_v1/viz/rwtd/assets/edge_overlays/rwtd_70.png
rwtd_71,/home/galoren/rwtd_miner_public_site/review/originals/rwtd_71.jpg,/home/galoren/rwtd_miner_public_site/review/masks/rwtd_71.jpg,2,2,False,,0.15153355602793805,0.44633273703041143,0.22625255044207665,0.100494384765625,/home/galoren/Detecture/texture_kseg_ade_pretrain/runs/edge_sota_v1/viz/rwtd/rwtd_71.png,/home/galoren/Detecture/texture_kseg_ade_pretrain/runs/edge_sota_v1/viz/rwtd/assets/original/rwtd_71.png,/home/galoren/Detecture/texture_kseg_ade_pretrain/runs/edge_sota_v1/viz/rwtd/assets/gt_edges/rwtd_71.png,/home/galoren/Detecture/texture_kseg_ade_pretrain/runs/edge_sota_v1/viz/rwtd/assets/pred_edges/rwtd_71.png,/home/galoren/Detecture/texture_kseg_ade_pretrain/runs/edge_sota_v1/viz/rwtd/assets/edge_overlays/rwtd_71.png
rwtd_73,/home/galoren/rwtd_miner_public_site/review/originals/rwtd_73.jpg,/home/galoren/rwtd_miner_public_site/review/masks/rwtd_73.jpg,2,2,False,,0.2038115404976178,0.21665728756330896,0.210038188761593,0.0288238525390625,/home/galoren/Detecture/texture_kseg_ade_pretrain/runs/edge_sota_v1/viz/rwtd/rwtd_73.png,/home/galoren/Detecture/texture_kseg_ade_pretrain/runs/edge_sota_v1/viz/rwtd/assets/original/rwtd_73.png,/home/galoren/Detecture/texture_kseg_ade_pretrain/runs/edge_sota_v1/viz/rwtd/assets/gt_edges/rwtd_73.png,/home/galoren/Detecture/texture_kseg_ade_pretrain/runs/edge_sota_v1/viz/rwtd/assets/pred_edges/rwtd_73.png,/home/galoren/Detecture/texture_kseg_ade_pretrain/runs/edge_sota_v1/viz/rwtd/assets/edge_overlays/rwtd_73.png
rwtd_74,/home/galoren/rwtd_miner_public_site/review/originals/rwtd_74.jpg,/home/galoren/rwtd_miner_public_site/review/masks/rwtd_74.jpg,3,3,False,,0.3215496368038741,0.1456779289161913,0.2005133625245357,0.0315093994140625,/home/galoren/Detecture/texture_kseg_ade_pretrain/runs/edge_sota_v1/viz/rwtd/rwtd_74.png,/home/galoren/Detecture/texture_kseg_ade_pretrain/runs/edge_sota_v1/viz/rwtd/assets/original/rwtd_74.png,/home/galoren/Detecture/texture_kseg_ade_pretrain/runs/edge_sota_v1/viz/rwtd/assets/gt_edges/rwtd_74.png,/home/galoren/Detecture/texture_kseg_ade_pretrain/runs/edge_sota_v1/viz/rwtd/assets/pred_edges/rwtd_74.png,/home/galoren/Detecture/texture_kseg_ade_pretrain/runs/edge_sota_v1/viz/rwtd/assets/edge_overlays/rwtd_74.png
rwtd_76,/home/galoren/rwtd_miner_public_site/review/originals/rwtd_76.jpg,/home/galoren/rwtd_miner_public_site/review/masks/rwtd_76.jpg,2,2,False,,0.8461538461538461,0.013959390862944163,0.02746566791510612,0.000396728515625,/home/galoren/Detecture/texture_kseg_ade_pretrain/runs/edge_sota_v1/viz/rwtd/rwtd_76.png,/home/galoren/Detecture/texture_kseg_ade_pretrain/runs/edge_sota_v1/viz/rwtd/assets/original/rwtd_76.png,/home/galoren/Detecture/texture_kseg_ade_pretrain/runs/edge_sota_v1/viz/rwtd/assets/gt_edges/rwtd_76.png,/home/galoren/Detecture/texture_kseg_ade_pretrain/runs/edge_sota_v1/viz/rwtd/assets/pred_edges/rwtd_76.png,/home/galoren/Detecture/texture_kseg_ade_pretrain/runs/edge_sota_v1/viz/rwtd/assets/edge_overlays/rwtd_76.png
rwtd_77,/home/galoren/rwtd_miner_public_site/review/originals/rwtd_77.jpg,/home/galoren/rwtd_miner_public_site/review/masks/rwtd_77.jpg,4,4,False,,0.0,0.0,0.0,0.0,/home/galoren/Detecture/texture_kseg_ade_pretrain/runs/edge_sota_v1/viz/rwtd/rwtd_77.png,/home/galoren/Detecture/texture_kseg_ade_pretrain/runs/edge_sota_v1/viz/rwtd/assets/original/rwtd_77.png,/home/galoren/Detecture/texture_kseg_ade_pretrain/runs/edge_sota_v1/viz/rwtd/assets/gt_edges/rwtd_77.png,/home/galoren/Detecture/texture_kseg_ade_pretrain/runs/edge_sota_v1/viz/rwtd/assets/pred_edges/rwtd_77.png,/home/galoren/Detecture/texture_kseg_ade_pretrain/runs/edge_sota_v1/viz/rwtd/assets/edge_overlays/rwtd_77.png
rwtd_78,/home/galoren/rwtd_miner_public_site/review/originals/rwtd_78.jpg,/home/galoren/rwtd_miner_public_site/review/masks/rwtd_78.jpg,3,3,False,,0.019661066686229918,0.0570576964019587,0.029244871235268446,0.2079925537109375,/home/galoren/Detecture/texture_kseg_ade_pretrain/runs/edge_sota_v1/viz/rwtd/rwtd_78.png,/home/galoren/Detecture/texture_kseg_ade_pretrain/runs/edge_sota_v1/viz/rwtd/assets/original/rwtd_78.png,/home/galoren/Detecture/texture_kseg_ade_pretrain/runs/edge_sota_v1/viz/rwtd/assets/gt_edges/rwtd_78.png,/home/galoren/Detecture/texture_kseg_ade_pretrain/runs/edge_sota_v1/viz/rwtd/assets/pred_edges/rwtd_78.png,/home/galoren/Detecture/texture_kseg_ade_pretrain/runs/edge_sota_v1/viz/rwtd/assets/edge_overlays/rwtd_78.png
rwtd_79,/home/galoren/rwtd_miner_public_site/review/originals/rwtd_79.jpg,/home/galoren/rwtd_miner_public_site/review/masks/rwtd_79.jpg,2,2,False,,0.19436698271054098,0.09379625891535459,0.12653172369973678,0.054718017578125,/home/galoren/Detecture/texture_kseg_ade_pretrain/runs/edge_sota_v1/viz/rwtd/rwtd_79.png,/home/galoren/Detecture/texture_kseg_ade_pretrain/runs/edge_sota_v1/viz/rwtd/assets/original/rwtd_79.png,/home/galoren/Detecture/texture_kseg_ade_pretrain/runs/edge_sota_v1/viz/rwtd/assets/gt_edges/rwtd_79.png,/home/galoren/Detecture/texture_kseg_ade_pretrain/runs/edge_sota_v1/viz/rwtd/assets/pred_edges/rwtd_79.png,/home/galoren/Detecture/texture_kseg_ade_pretrain/runs/edge_sota_v1/viz/rwtd/assets/edge_overlays/rwtd_79.png
rwtd_8,/home/galoren/rwtd_miner_public_site/review/originals/rwtd_8.jpg,/home/galoren/rwtd_miner_public_site/review/masks/rwtd_8.jpg,2,2,False,,0.018151160484030947,0.03784119106699752,0.024534119855208474,0.153839111328125,/home/galoren/Detecture/texture_kseg_ade_pretrain/runs/edge_sota_v1/viz/rwtd/rwtd_8.png,/home/galoren/Detecture/texture_kseg_ade_pretrain/runs/edge_sota_v1/viz/rwtd/assets/original/rwtd_8.png,/home/galoren/Detecture/texture_kseg_ade_pretrain/runs/edge_sota_v1/viz/rwtd/assets/gt_edges/rwtd_8.png,/home/galoren/Detecture/texture_kseg_ade_pretrain/runs/edge_sota_v1/viz/rwtd/assets/pred_edges/rwtd_8.png,/home/galoren/Detecture/texture_kseg_ade_pretrain/runs/edge_sota_v1/viz/rwtd/assets/edge_overlays/rwtd_8.png
rwtd_84,/home/galoren/rwtd_miner_public_site/review/originals/rwtd_84.jpg,/home/galoren/rwtd_miner_public_site/review/masks/rwtd_84.jpg,2,2,False,,0.21528803545051697,0.11166443210113006,0.14705511413797454,0.04132080078125,/home/galoren/Detecture/texture_kseg_ade_pretrain/runs/edge_sota_v1/viz/rwtd/rwtd_84.png,/home/galoren/Detecture/texture_kseg_ade_pretrain/runs/edge_sota_v1/viz/rwtd/assets/original/rwtd_84.png,/home/galoren/Detecture/texture_kseg_ade_pretrain/runs/edge_sota_v1/viz/rwtd/assets/gt_edges/rwtd_84.png,/home/galoren/Detecture/texture_kseg_ade_pretrain/runs/edge_sota_v1/viz/rwtd/assets/pred_edges/rwtd_84.png,/home/galoren/Detecture/texture_kseg_ade_pretrain/runs/edge_sota_v1/viz/rwtd/assets/edge_overlays/rwtd_84.png
rwtd_85,/home/galoren/rwtd_miner_public_site/review/originals/rwtd_85.jpg,/home/galoren/rwtd_miner_public_site/review/masks/rwtd_85.jpg,2,2,False,,0.6103151862464183,0.3555926544240401,0.44936708860759494,0.0159759521484375,/home/galoren/Detecture/texture_kseg_ade_pretrain/runs/edge_sota_v1/viz/rwtd/rwtd_85.png,/home/galoren/Detecture/texture_kseg_ade_pretrain/runs/edge_sota_v1/viz/rwtd/assets/original/rwtd_85.png,/home/galoren/Detecture/texture_kseg_ade_pretrain/runs/edge_sota_v1/viz/rwtd/assets/gt_edges/rwtd_85.png,/home/galoren/Detecture/texture_kseg_ade_pretrain/runs/edge_sota_v1/viz/rwtd/assets/pred_edges/rwtd_85.png,/home/galoren/Detecture/texture_kseg_ade_pretrain/runs/edge_sota_v1/viz/rwtd/assets/edge_overlays/rwtd_85.png
rwtd_86,/home/galoren/rwtd_miner_public_site/review/originals/rwtd_86.jpg,/home/galoren/rwtd_miner_public_site/review/masks/rwtd_86.jpg,5,5,False,,0.7120141342756183,0.045983569146508446,0.08638799571275456,0.008636474609375,/home/galoren/Detecture/texture_kseg_ade_pretrain/runs/edge_sota_v1/viz/rwtd/rwtd_86.png,/home/galoren/Detecture/texture_kseg_ade_pretrain/runs/edge_sota_v1/viz/rwtd/assets/original/rwtd_86.png,/home/galoren/Detecture/texture_kseg_ade_pretrain/runs/edge_sota_v1/viz/rwtd/assets/gt_edges/rwtd_86.png,/home/galoren/Detecture/texture_kseg_ade_pretrain/runs/edge_sota_v1/viz/rwtd/assets/pred_edges/rwtd_86.png,/home/galoren/Detecture/texture_kseg_ade_pretrain/runs/edge_sota_v1/viz/rwtd/assets/edge_overlays/rwtd_86.png
rwtd_88,/home/galoren/rwtd_miner_public_site/review/originals/rwtd_88.jpg,/home/galoren/rwtd_miner_public_site/review/masks/rwtd_88.jpg,2,2,False,,0.0,0.0,0.0,0.0002899169921875,/home/galoren/Detecture/texture_kseg_ade_pretrain/runs/edge_sota_v1/viz/rwtd/rwtd_88.png,/home/galoren/Detecture/texture_kseg_ade_pretrain/runs/edge_sota_v1/viz/rwtd/assets/original/rwtd_88.png,/home/galoren/Detecture/texture_kseg_ade_pretrain/runs/edge_sota_v1/viz/rwtd/assets/gt_edges/rwtd_88.png,/home/galoren/Detecture/texture_kseg_ade_pretrain/runs/edge_sota_v1/viz/rwtd/assets/pred_edges/rwtd_88.png,/home/galoren/Detecture/texture_kseg_ade_pretrain/runs/edge_sota_v1/viz/rwtd/assets/edge_overlays/rwtd_88.png
rwtd_91,/home/galoren/rwtd_miner_public_site/review/originals/rwtd_91.jpg,/home/galoren/rwtd_miner_public_site/review/masks/rwtd_91.jpg,2,2,False,,0.009448416751787538,0.007502027575020276,0.008363471971066908,0.05975341796875,/home/galoren/Detecture/texture_kseg_ade_pretrain/runs/edge_sota_v1/viz/rwtd/rwtd_91.png,/home/galoren/Detecture/texture_kseg_ade_pretrain/runs/edge_sota_v1/viz/rwtd/assets/original/rwtd_91.png,/home/galoren/Detecture/texture_kseg_ade_pretrain/runs/edge_sota_v1/viz/rwtd/assets/gt_edges/rwtd_91.png,/home/galoren/Detecture/texture_kseg_ade_pretrain/runs/edge_sota_v1/viz/rwtd/assets/pred_edges/rwtd_91.png,/home/galoren/Detecture/texture_kseg_ade_pretrain/runs/edge_sota_v1/viz/rwtd/assets/edge_overlays/rwtd_91.png
rwtd_93,/home/galoren/rwtd_miner_public_site/review/originals/rwtd_93.jpg,/home/galoren/rwtd_miner_public_site/review/masks/rwtd_93.jpg,2,2,False,,0.09540348802837718,0.47797112180673823,0.15905870757099735,0.20648193359375,/home/galoren/Detecture/texture_kseg_ade_pretrain/runs/edge_sota_v1/viz/rwtd/rwtd_93.png,/home/galoren/Detecture/texture_kseg_ade_pretrain/runs/edge_sota_v1/viz/rwtd/assets/original/rwtd_93.png,/home/galoren/Detecture/texture_kseg_ade_pretrain/runs/edge_sota_v1/viz/rwtd/assets/gt_edges/rwtd_93.png,/home/galoren/Detecture/texture_kseg_ade_pretrain/runs/edge_sota_v1/viz/rwtd/assets/pred_edges/rwtd_93.png,/home/galoren/Detecture/texture_kseg_ade_pretrain/runs/edge_sota_v1/viz/rwtd/assets/edge_overlays/rwtd_93.png
rwtd_95,/home/galoren/rwtd_miner_public_site/review/originals/rwtd_95.jpg,/home/galoren/rwtd_miner_public_site/review/masks/rwtd_95.jpg,2,2,False,,0.048034934497816595,0.012181616832779624,0.019434628975265017,0.01397705078125,/home/galoren/Detecture/texture_kseg_ade_pretrain/runs/edge_sota_v1/viz/rwtd/rwtd_95.png,/home/galoren/Detecture/texture_kseg_ade_pretrain/runs/edge_sota_v1/viz/rwtd/assets/original/rwtd_95.png,/home/galoren/Detecture/texture_kseg_ade_pretrain/runs/edge_sota_v1/viz/rwtd/assets/gt_edges/rwtd_95.png,/home/galoren/Detecture/texture_kseg_ade_pretrain/runs/edge_sota_v1/viz/rwtd/assets/pred_edges/rwtd_95.png,/home/galoren/Detecture/texture_kseg_ade_pretrain/runs/edge_sota_v1/viz/rwtd/assets/edge_overlays/rwtd_95.png
rwtd_96,/home/galoren/rwtd_miner_public_site/review/originals/rwtd_96.jpg,/home/galoren/rwtd_miner_public_site/review/masks/rwtd_96.jpg,2,2,False,,0.12990762124711316,0.08342602892102335,0.10160307067058026,0.02642822265625,/home/galoren/Detecture/texture_kseg_ade_pretrain/runs/edge_sota_v1/viz/rwtd/rwtd_96.png,/home/galoren/Detecture/texture_kseg_ade_pretrain/runs/edge_sota_v1/viz/rwtd/assets/original/rwtd_96.png,/home/galoren/Detecture/texture_kseg_ade_pretrain/runs/edge_sota_v1/viz/rwtd/assets/gt_edges/rwtd_96.png,/home/galoren/Detecture/texture_kseg_ade_pretrain/runs/edge_sota_v1/viz/rwtd/assets/pred_edges/rwtd_96.png,/home/galoren/Detecture/texture_kseg_ade_pretrain/runs/edge_sota_v1/viz/rwtd/assets/edge_overlays/rwtd_96.png
